"","Name","bonica_rid","pct_age_65plus","N"
"1","fitzgerald, edward o donnell","cand170620",0.926559356136821,5964
"2","lujan, jp","cand211121",0.921161825726141,482
"3","kirkpatrick, ann leila","cand1029",0.910084213990048,917781
"4","sterbinsky, danielle","cand168215",0.908348457350272,5510
"5","miller, adam clay","cand195333",0.881048997637938,16511
"6","urrutia, christian","cand169716",0.879975505205144,14697
"7","blair, beau","cand169052",0.87701317715959,683
"8","montavon, matthew","cand218655",0.873913043478261,230
"9","stiles, wayne","cand164991",0.871402877697842,1112
"10","johnson, lee","cand170562",0.870014771048744,3385
"11","breslin, karen","cand215804",0.868924889543446,1358
"12","mcclinton, sakima","cand130290",0.866666666666667,105
"13","stichel, adele","cand174812",0.866310160427808,561
"14","houston, deric","cand218750",0.866013071895425,306
"15","garcia, johnny","cand174771",0.865932769805386,5087
"16","cox, amy","cand195151",0.862660325695345,6939
"17","aguirre, britta","cand169744",0.862439024390244,5125
"18","widmann, noah","cand167668",0.862248479176416,17096
"19","wood, jordan","cand167616",0.86222623667425,179352
"20","womer, zacheray","cand219601",0.859359052867932,4899
"21","dunlap, matt","cand174448",0.85834829443447,5570
"22","jones, gian a","cand219378",0.857965451055662,521
"23","lofgren, zoe","cand1341",0.85738255033557,39336
"24","breslin, karen","cand167581",0.85733070348455,4563
"25","kerr, joseph","cand216149",0.856334563345633,4065
"26","atkins, joey mendoza","cand169223",0.856287425149701,167
"27","allred, colin","cand180069",0.85579475081097,13564
"28","askins, kishla","cand170150",0.855643044619423,4191
"29","mills, janet trafton","cand175314",0.854669140383426,38808
"30","luria, elaine","cand176291",0.85334291876348,6955
"31","greene placentia, bernadette","cand218243",0.852724594992636,1358
"32","brink, bridget","cand169041",0.852552086122864,18671
"33","morales, jesus andy","cand218337",0.852266288951841,7060
"34","lorinser, robert james","cand211861",0.850876118122779,16322
"35","jeffries, hakeem","cand43832",0.850718173801101,986530
"36","peckarsky, peter","cand216339",0.849315068493151,146
"37","brown, sherrod","cand173656",0.849042196644357,195134
"38","bengs, brian","cand167738",0.848640915593705,3495
"39","brown, brandon","cand170561",0.848203711014607,5066
"40","neill, reilly","cand161907",0.847508807247106,1987
"41","adams falconer, thomas michael jr.","cand168220",0.847232472324723,1355
"42","virts, terry","cand176073",0.84705654155756,10311
"43","stevenson, pamela","cand217829",0.843780607247796,8168
"44","schlossberg, john (jack) bouvier kenne","cand175888",0.843102286688067,25233
"45","burrows, johnathon","cand218338",0.842645896828084,106308
"46","mcgrath, amy","cand175296",0.842233870649903,25373
"47","williamson, michael","cand171547",0.841708096590909,11264
"48","baker, dennis","cand216182",0.839166784752728,7057
"49","mitchell, ken","cand219914",0.838651414810355,1661
"50","chiaradio, michael alexis","cand174485",0.83741429970617,1021
"51","bailey, huy yen cam","cand218590",0.837132474397093,3027
"52","raskin, jamie","cand67983",0.83693155359372,255543
"53","spreitzer, jeremy","cand210773",0.836879432624113,423
"54","ford, justin","cand170036",0.836206896551724,116
"55","christian, jerrad shane","cand219501",0.835519486647164,10597
"56","schoengood, sarah","cand219249",0.834437086092715,151
"57","colom, scott","cand173652",0.83438670411985,8544
"58","hammer, trygve","cand188532",0.833973493892522,28899
"59","maasdam, matthew","cand169710",0.833706277234719,16982
"60","gendebien, blake","cand216474",0.833578647826514,10191
"61","aleman, katherine","cand170598",0.833333333333333,5166
"62","click, nathan","cand212208",0.83300198807157,1006
"63","allred, colin","cand169763",0.832648859852742,190414
"64","davis, morris d. col.","cand168276",0.832155477031802,2264
"65","kemp, patricia","cand218648",0.830704521556257,4755
"66","rains, matthew","cand175542",0.830114135206321,2278
"67","lerner, kari","cand218658",0.829411764705882,1190
"68","preston, jenna michalik","cand169980",0.829009433962264,848
"69","ford, earle","cand174396",0.82900196549465,4579
"70","elkind, liam","cand171508",0.828869047619048,4032
"71","bryce, randy","cand168337",0.828409090909091,1760
"72","weil, joshua joseph","cand160696",0.828068801839935,40871
"73","knapp, jason","cand174804",0.827977315689981,2645
"74","taylor, shannon leigh","cand173422",0.827700568540745,6332
"75","best, bryon l","cand219666",0.827488151658768,1055
"76","clark, jasmine","cand169015",0.827253668763103,9540
"77","willett, joel","cand173646",0.826826826826827,2997
"78","mendoza, joanna","cand216076",0.826493340248734,90619
"79","cuellar, ada","cand170623",0.826415910073498,4626
"80","craig, angie","cand167734",0.826404417469082,43826
"81","shaheen, stefany","cand168278",0.825739214735822,8252
"82","larriett, dakarai","cand167579",0.825278810408922,2690
"83","kaplan, anna","cand134805",0.825205318209786,37381
"84","harvie, robert j","cand167457",0.824953095684803,10660
"85","klobuchar, amy","cand1581",0.824420715116639,306887
"86","gray, hartzell","cand170065",0.824350808427242,4082
"87","lineberger, ernest robinson iii","cand219806",0.824261275272162,3858
"88","compton, william dakota","cand211694",0.824069352371239,1961
"89","galan woods, marlene","cand164556",0.822537616049514,9371
"90","guzman, elizabeth","cand203237",0.821725571725572,3848
"91","ryerse, robb","cand168983",0.821612349914237,1166
"92","yetter, joseph frederick iii","cand212696",0.819951338199513,411
"93","coplen, rick","cand212766",0.819875776397516,805
"94","duckworth, l tammy","cand50384",0.819537302572444,467260
"95","riker, brandon","cand164859",0.819139596136962,10251
"96","halpin, patrick","cand170223",0.818371607515658,958
"97","stevens, haley","cand167621",0.81823094937849,44408
"98","thomas, stephen d","cand219459",0.818181818181818,209
"99","wellman, frederick paul","cand174465",0.818040562643114,12228
"100","lally, james dr.","cand170222",0.817956349206349,4032
"101","iannarino, marc","cand175483",0.817777777777778,450
"102","hall, heidi","cand164719",0.817359540789703,5749
"103","ruiz, raul","cand40871",0.816544297601566,102150
"104","elliott, glenn frederick jr","cand223647",0.816200324412003,19728
"105","delbene, suzan k","cand39934",0.816123539626077,59317
"106","conley, cait","cand165332",0.816100698526869,14459
"107","lujan, ben r","cand1059",0.815232196666001,335513
"108","christiansen, katrina","cand216082",0.814731860836406,87063
"109","wilson, tamara","cand212579",0.814672958287372,97908
"110","hunt, evan","cand167480",0.814472252448313,3676
"111","moskowitz, jared","cand157274",0.813910315910764,31243
"112","vindman, yevgeny eugene","cand219921",0.813800547846757,701291
"113","frankel, lois j","cand164988",0.813570758038019,34088
"114","bains, jasmeet","cand169962",0.81328320802005,5586
"115","jenkins, jennifer","cand173623",0.812789415656009,13605
"116","shankland, katrina","cand128152",0.812612025419586,12274
"117","young, david l.","cand169005",0.8125,1328
"118","smith, jamey lee","cand169004",0.81216457960644,1118
"119","sweetser, kyle","cand167580",0.811544991511036,1767
"120","adubato, beth ellen ph.d.","cand168280",0.810709838107098,803
"121","mcclellan, jennifer","cand113814",0.809963579604579,15376
"122","way, tahesha","cand179383",0.808721506442022,2018
"123","huynh, khai hoan","cand169705",0.808707482993197,3675
"124","overman, kimberly","cand171447",0.808510638297872,376
"125","danimus, ann marie","cand213310",0.808332402546632,8953
"126","mciver, lamonica","cand219285",0.808039797443505,44827
"127","aguilar, pete","cand40779",0.808026291479344,178613
"128","brungardt, kenneth francis jr","cand169702",0.807291666666667,192
"129","schiff, adam","cand223228",0.806794450869587,2554202
"130","stansbury, melanie","cand150624",0.806787353923205,38336
"131","tester, jon","cand1583",0.806299379522666,1896282
"132","calvarese, trisha","cand218522",0.806266014149064,238461
"133","krishnamoorthi, s raja","cand167730",0.806193437172936,32486
"134","hunt, tracy","cand171521",0.806122448979592,392
"135","collins, paula","cand219428",0.805982550893228,2407
"136","whitehouse, sheldon ii","cand1585",0.805647474078976,95193
"137","von wilpert, marni","cand172665",0.80546792849632,5706
"138","rourk, caitlin mcclay","cand170350",0.805361733382299,2723
"139","dunn, harry","cand218965",0.80532401768002,229864
"140","pingree, chellie m","cand1047",0.804752667313288,20620
"141","buchanan, gary","cand212100",0.804577464788732,568
"142","berman, mitchell","cand171554",0.804387568555759,4923
"143","mccann, sean","cand170050",0.804032258064516,6200
"144","whitten, gregory","cand218244",0.803212851405622,4233
"145","clyburn, james e","cand1552",0.803140275514739,40506
"146","hawkins, alexander","cand216427",0.803046404534184,16938
"147","gross, alan","cand210667",0.800869565217391,2300
"148","frame, sean colin","cand147684",0.800837579683535,48473
"149","lopez, manny","cand165169",0.8,340
"150","nez, jonathan michael","cand218220",0.799843961029595,152526
"151","clark, frederic","cand175024",0.79874213836478,477
"152","greimel, tim","cand165005",0.798405759835433,3889
"153","schaffner, katrina","cand218235",0.796369376479874,1267
"154","warner, mark robert","cand1597",0.796349950291152,211230
"155","dandiya, pia","cand169010",0.796184271754304,4298
"156","padora, john j jr","cand218511",0.796014835284707,13751
"157","costello, david allen","cand223382",0.795819935691318,622
"158","sublette, sean","cand171544",0.795576808129109,1673
"159","schumer, charles e","cand545",0.794475928923878,463897
"160","vincent, john gregory","cand167468",0.793497892835641,1661
"161","kennedy, sandra sandy denise","cand218613",0.792553191489362,188
"162","peters, robert james","cand168248",0.792394980560736,31637
"163","bennet, michael f","cand1598",0.792388903523881,246745
"164","mcguire, mike","cand175453",0.792028135990621,4265
"165","swalwell, eric michael","cand40569",0.791547306570024,150106
"166","harris, shawn","cand218747",0.791401211864926,179723
"167","blunt rochester, lisa","cand134679",0.791380922693267,102656
"168","lewis, john r","cand50137",0.79115195862588,374727
"169","maloney, sean patrick","cand1318",0.791121532681393,112587
"170","hartmann, ray","cand219091",0.791006966434452,4737
"171","gallego, ruben","cand186443",0.790998991337985,1538672
"172","murray, patty","cand1624",0.790963013336356,211752
"173","laubacher, eileen","cand167664",0.790709288577197,234277
"174","bach, kenneth james","cand198056",0.790123456790123,243
"175","whitlow, stuart norman","cand219832",0.789521228545619,1107
"176","sullivan, john","cand165606",0.789490345045901,9477
"177","grammer, geoffrey","cand218993",0.789027149321267,1768
"178","shah, tina","cand169718",0.788989047203644,10317
"179","kaine, timothy michael","cand105168",0.788877612779771,327142
"180","bennett, rebecca","cand216453",0.788809905984866,13083
"181","johnson, henry c hank","cand977",0.78764395651706,9291
"182","obando derstine, carol","cand167711",0.787284894837476,4184
"183","wood, marisa","cand210911",0.787096420544867,36486
"184","broderick, victoria","cand219694",0.787094940306993,3518
"185","goldman, daniel","cand157240",0.785634455499523,36685
"186","frisch, adam","cand211087",0.785529056667942,517506
"187","cooper, roy","cand171584",0.785492495351299,112397
"188","nadler, jerrold l","cand1316",0.78539779920148,41076
"189","wallace, rachel","cand173959",0.78481945467944,2714
"190","dixit, anuj","cand168222",0.783819628647215,3016
"191","malinowski, tom","cand175585",0.783508899382492,2753
"192","crosswell, ryan","cand169070",0.782921304048065,10153
"193","brown, sherrod","cand1327",0.78283012388726,1892850
"194","klee hood, sarah","cand212550",0.782460945425036,39432
"195","graham, james henry","cand164953",0.782363977485929,533
"196","moulton, seth","cand160674",0.782230214113892,83974
"197","deford, william mac","cand171525",0.782178217821782,1515
"198","martin, james","cand174400",0.782111634162744,1487
"199","hirono, mazie","cand978",0.782006515990474,68447
"200","o brien, michael","cand219579",0.781642587939699,12736
"201","dziados, christopher ryan","cand219598",0.78141014313483,5659
"202","tate, joseph allen","cand168385",0.781261664800299,2679
"203","casey, robert p jr","cand1584",0.78122081836096,1078375
"204","copeland, darden hunter","cand171533",0.780863265922125,13252
"205","brownley, julia","cand40368",0.780804004555745,71119
"206","mcauley, darren","cand171446",0.780223186608804,3226
"207","pruitt, mike","cand171548",0.779708130646282,7195
"208","hubbard, chuck","cand219153",0.778691735213474,10212
"209","andrews, annie","cand168392",0.77864898811603,134551
"210","mccorkle, isaac ian","cand156974",0.778471753319829,71088
"211","stockton, james d","cand218602",0.778301886792453,212
"212","connolly, gerry","cand1079",0.778158190678496,40015
"213","mcclure, lamont","cand167462",0.777985074626866,3216
"214","conroy, carmela","cand219975",0.777595329319467,5481
"215","rutinel, manny","cand216215",0.776878294980386,80046
"216","ager, jamie","cand171495",0.776862174826305,6189
"217","jefferson, cyril","cand171492",0.776744186046512,860
"218","pan, richard dr.","cand174365",0.77674163466813,3646
"219","myers, tim","cand164860",0.776717557251908,3144
"220","leahy, patrick j","cand310",0.776610324349018,10945
"221","hoyle, valerie","cand196685",0.776219936303401,27317
"222","dembo, zach","cand170611",0.776146788990826,3270
"223","nelson, jena","cand182767",0.776129467296022,4449
"224","rudow, caleb","cand187689",0.776094531131647,6601
"225","flanagan, margaret","cand167623",0.776029886401179,78698
"226","franken, michael","cand150548",0.775892166151305,288147
"227","seifeldein, mo","cand171550",0.775883838383838,1584
"228","benjamin, laura s","cand167526",0.775510204081633,294
"229","masuda, michael","cand168216",0.775346462436178,1371
"230","shaheen, jeanne","cand1594",0.775101085820726,264132
"231","schultz, jennifer","cand182168",0.774901453197623,16997
"232","amiwala, bushra","cand169022",0.77459488518547,13021
"233","konfrst, jennifer","cand167677",0.774085874677591,6591
"234","davidson, beth","cand165289",0.774045048501123,18247
"235","tonko, paul david","cand1061",0.773395821907563,20057
"236","summers, charles david","cand219092",0.773333333333333,150
"237","pinkins, ty","cand216395",0.772560191141334,32646
"238","bank, bernadine","cand219976",0.772467532467532,3850
"239","burnett, debora lynn","cand211079",0.771451011191832,5093
"240","bustos, cheri","cand42011",0.771174269030371,95387
"241","romans, dale","cand176372",0.770860077021823,1558
"242","kilbourn, kyle","cand220028",0.770739549839228,3110
"243","frost, maxwell alejandro","cand157234",0.770537082576001,280590
"244","mcconnie saad, pablo ivan","cand174544",0.77047704770477,1111
"245","walkinshaw, james","cand167720",0.770135746606335,2210
"246","douglas, justin","cand173282",0.770060260069775,3153
"247","meadows, samantha","cand212571",0.769547325102881,1701
"248","blumenthal, richard","cand1602",0.768771684347292,70039
"249","kuster, ann mclane","cand37909",0.768596128547266,53210
"250","robinson, brittney","cand171436",0.768595041322314,121
"251","carmichael, robert marc","cand223339",0.768539325842697,445
"252","moore, michael b","cand219646",0.768305549694028,9478
"253","peltola, mary","cand141426",0.768175774282471,308350
"254","chavez, abel","cand216155",0.767504774029281,6284
"255","krishnamoorthi, s raja","cand142011",0.767355599833395,177666
"256","foster, g william bill","cand1013",0.767247235279733,36803
"257","lyerly, kristin","cand205885",0.766546166181947,73582
"258","hassan, margaret wood","cand190512",0.766371681415929,563305
"259","eggman, michael ray","cand132936",0.766245909303413,2139
"260","techau, kevin w","cand164915",0.765384615384615,520
"261","kleban, dan","cand173650",0.765173712850565,2389
"262","tokuda, jill naomi","cand57685",0.765007062146893,5664
"263","baldwin, tammy","cand1544",0.764780860868713,1070895
"264","heinrich, martin trevor","cand1057",0.764719743159259,135804
"265","waters, allen","cand154587",0.76431718061674,454
"266","dingell, debbie","cand186651",0.764047866805411,23064
"267","campbell, stanley","cand223308",0.762897914379802,911
"268","baker, karen gh","cand219941",0.762668918918919,1184
"269","burge, kevin beryl","cand168314",0.761792452830189,1272
"270","mucarel powell, debbie","cand141562",0.761297950139289,847521
"271","adams, jennifer","cand218605",0.760960960960961,1665
"272","masto, catherine cortez","cand131015",0.760909997467393,252704
"273","courtney, joseph d","cand971",0.760882840443165,11463
"274","slotkin, elissa","cand141616",0.760764885687026,935983
"275","manuel, mel inari","cand218911",0.760606060606061,1650
"276","roth, david jordan","cand169418",0.760570304818092,4068
"277","josephson, gary","cand212652",0.75968992248062,129
"278","holtzman, elizabeth","cand184",0.7596048298573,911
"279","swartz, craig stephen","cand212582",0.759569377990431,836
"280","larsen, rick","cand865",0.759413509812871,17528
"281","macy, beth","cand176294",0.758926431823628,4173
"282","farooqi, aisha","cand171483",0.758883248730964,2758
"283","mcgovern, james p","cand1455",0.758797105066134,32056
"284","sites, jeffrey alan","cand150001",0.758468275791832,49095
"285","pou, nelida","cand156808",0.758419057931781,9235
"286","schultz, debbie wasserman","cand927",0.757796230394095,37935
"287","sullivan, maura corby","cand142564",0.757193434180882,15535
"288","edwards, donna f","cand1027",0.756673753838885,4233
"289","busch valentine, trudy","cand216013",0.756575496440615,26690
"290","sage, nathan","cand167596",0.756433719695429,44259
"291","conaway, herb","cand190994",0.756399554813578,7188
"292","pelosi, nancy","cand760",0.756337606155313,2286155
"293","buttigieg, pete","cand170761",0.755995580282609,205443
"294","bradstock, david alan","cand173290",0.755868544600939,426
"295","winder, bayly philip christoper","cand169056",0.755764304013664,2342
"296","van ostern, kevin colin","cand219225",0.75568317779373,4179
"297","martinez, tekesha","cand218989",0.755588383936555,25723
"298","suozzi, thomas","cand134809",0.755571348118748,74578
"299","udall, tom","cand1528",0.75552195280013,18517
"300","peterson, david","cand138116",0.755208333333333,192
"301","lee, elizabeth","cand172646",0.754827875734677,1191
"302","barca, peter william","cand1564",0.754682335659199,10892
"303","riley, josh","cand213947",0.754578626470348,171558
"304","simitian, s joseph","cand35215",0.754402817803394,3123
"305","kunce, lucas","cand215998",0.754303627786503,660954
"306","swartz, jessica","cand219026",0.754173954523772,25156
"307","schneider, jan","cand41469",0.753623188405797,138
"308","stahl, judith","cand210744",0.753507014028056,2994
"309","grijalva, raul m","cand873",0.752384099707299,42364
"310","foushee, valerie","cand126232",0.75227831048419,12619
"311","james, christopher lee","cand169944",0.752089136490251,718
"312","manley, elijah","cand216368",0.751890359168242,29624
"313","galan woods, marlene","cand218207",0.751840847435732,7741
"314","pappas, chris","cand142567",0.751709976925613,145616
"315","stille, becky lynn","cand165032",0.751677852348993,149
"316","gordon, mark robert","cand169939",0.751637279596977,1985
"317","grijalva, adelita","cand164700",0.751552795031056,1932
"318","osborn, dan","cand223446",0.751484630477436,305800
"319","peterson, lynn","cand219550",0.751424132573796,1931
"320","cantwell, maria","cand1561",0.751117994048966,114938
"321","witt, gloria tinsley","cand219910",0.751022494887526,1956
"322","rosen, jacky","cand137579",0.750814379735025,1234682
"323","van hollen, chris","cand896",0.750672324149883,50199
"324","cowen, josh","cand170051",0.750578703703704,1728
"325","gutierrez, roland","cand111801",0.750553648543904,36124
"326","cleaver, emanuel ii","cand940",0.750361495558769,9682
"327","pocan, mark","cand45555",0.7498635161051,71437
"328","green, amanda marie","cand171435",0.749723145071982,903
"329","stratton, juliana","cand167601",0.749563738869748,22349
"330","schakowsky, janice d","cand1515",0.749179471878264,26812
"331","clark, katherine","cand131167",0.74913749041656,31304
"332","delauro, rosa l","cand1198",0.748857195099653,21876
"333","cabrera, ming a","cand185802",0.748717948717949,195
"334","neguse, joseph","cand141077",0.748670590623097,49270
"335","blood, carol","cand188943",0.748042704626334,1405
"336","george, jane anne","cand201059",0.747302471284372,2873
"337","barr, callie","cand219017",0.747301895964998,10285
"338","brooks, bob","cand173273",0.747194793536804,8912
"339","friese, randall s","cand159803",0.746313202247191,5696
"340","villegas, randy","cand164812",0.746266657737896,14933
"341","ballard, jack","cand150206",0.745071380013596,1471
"342","mcmorrow, mallory","cand167618",0.744667170181061,97978
"343","wendell, barry lee","cand213379",0.744360902255639,133
"344","preston, willie junior mr","cand170031",0.744257274119449,653
"345","kroemer, kurt","cand218206",0.744222483352918,2553
"346","mcgowan, jacqueline marie","cand211617",0.74390243902439,656
"347","klein, matthew david","cand167703",0.743716814159292,2825
"348","hurst, glenn","cand215890",0.74361820199778,2703
"349","goldman, mo","cand164647",0.743302678928429,2501
"350","stabenow, debbie","cand1458",0.743266165413534,166250
"351","tranel, monica","cand212094",0.743205019832239,61516
"352","williams, shonique","cand175479",0.743016759776536,179
"353","cleveland, russell tyler","cand165019",0.742201505916099,2789
"354","holden, steven wesley sr","cand212547",0.741480611045828,4255
"355","forsythe, logan","cand173645",0.740893470790378,1455
"356","pettersen, brittany louise","cand140575",0.740665719382048,33077
"357","bera, amerish","cand35060",0.74047691733659,29481
"358","alsobrooks, angela","cand223359",0.740468019520573,312081
"359","spence, allen l jr","cand168238",0.740384615384615,104
"360","james, wanda","cand172667",0.74,1300
"361","stelson, janelle","cand219581",0.73973898520522,67659
"362","morse, andrea s","cand219398",0.738781466618023,2741
"363","huffman, jared","cand40450",0.738699007717751,13605
"364","hendricks, darryl p","cand147700",0.738446932678078,35813
"365","alex, nicholas francis mr.","cand167670",0.73841961852861,367
"366","wahls, zach p","cand169226",0.738275340393343,27762
"367","stevenson, cherlynn","cand168263",0.738112927191679,5384
"368","grage, rachel","cand174392",0.737967914438503,187
"369","franz, hilary","cand219989",0.737824305871643,4394
"370","booker, cory a","cand132239",0.73741658078583,754922
"371","degette, diana l","cand1436",0.737301144292492,14332
"372","pearson, justin j.","cand174557",0.737161897295178,15306
"373","collier, matt","cand219039",0.736669401148482,1219
"374","barringer, paul","cand168277",0.736638264910922,1291
"375","coleman, tayhlor","cand168313",0.736347087378641,3296
"376","defazio, peter a","cand723",0.735951051443507,67336
"377","powell, jonathan a","cand140767",0.735849056603774,477
"378","cooke, rebecca","cand213351",0.735673121415651,142634
"379","white, doug","cand213307",0.735474557921328,5542
"380","marshall, erin","cand218896",0.734922178988327,4112
"381","schulte, chris","cand165020",0.73469387755102,1029
"382","blalock, clarence","cand218751",0.734121122599705,677
"383","takano, mark","cand145453",0.734008765800673,31486
"384","kale, andrea doria","cand211294",0.733333333333333,210
"385","durbin, richard j","cand607",0.733188481098358,127026
"386","rave, rodney","cand176303",0.732876712328767,292
"387","wagenhauser, david","cand219436",0.732745961820852,681
"388","slaughter, louise m","cand756",0.732547597461469,3309
"389","king, angus stanley jr","cand135344",0.732190547170983,16101
"390","gagnier, christina","cand164853",0.731797565051325,8378
"391","beck, andrew","cand167527",0.731481481481482,108
"392","ruby, daniel","cand219533",0.731481481481482,216
"393","helmer, daniel","cand140780",0.731177173588288,13388
"394","spidel neumann, sandy","cand175295",0.730593607305936,876
"395","chakalian, paul","cand164830",0.730427046263345,1124
"396","peguero, robin","cand169986",0.730288200108755,3678
"397","hunt, cheyenne","cand218448",0.729865771812081,5364
"398","chan, connie","cand175462",0.729748127978216,1469
"399","demings, valdez val","cand215851",0.729710434752453,2162725
"400","lamondin, richard","cand168241",0.729150428682775,2566
"401","dean, madeleine","cand144769",0.728713097002166,26319
"402","babb tomlinson, lauren","cand175456",0.728682170542636,1161
"403","treble, jonathan","cand164561",0.728377557220984,4937
"404","murphy, christopher s","cand972",0.728167940284747,846015
"405","williams, john andrew","cand168262",0.728033472803347,478
"406","valimont, jennifer gay","cand218582",0.728001252152137,63890
"407","berge, emily","cand167525",0.727622909275215,9865
"408","steiner, max","cand210799",0.727167246809216,12066
"409","shoffner, hallie","cand173516",0.726869806094183,18050
"410","williams, marsha viriginia","cand155882",0.726814516129032,992
"411","peters, scott","cand41113",0.72596060703907,30970
"412","o halleran, tom","cand6796",0.725694058635851,62999
"413","whitesides, george","cand218370",0.725513420753204,107222
"414","mujica, hector daniel","cand175272",0.725331170586645,3699
"415","kirwan, michael","cand172681",0.725175526579739,997
"416","crow, jason","cand140573",0.724879513695478,165164
"417","genant, pamela","cand219197",0.724665391969407,523
"418","wyden, ronald l","cand558",0.724397628465165,118573
"419","bonamici, suzanne","cand44313",0.724343391010058,20979
"420","price, david e","cand750",0.723991980396525,4489
"421","filler corn, eileen","cand113271",0.723806252147029,2911
"422","haire, marvin jonathan","cand213158",0.723270440251572,159
"423","schneider, bradley scott","cand41950",0.723167184693034,140276
"424","eppler, sam","cand217984",0.722551032733422,8279
"425","quartey, john quaye ii","cand210922",0.722319201995012,8020
"426","holden, david","cand141094",0.722094361334868,1738
"427","o callaghan, conor","cand218209",0.721973094170404,6244
"428","horn, madison","cand219527",0.721963342652998,6438
"429","cass, jeanette","cand156783",0.721951219512195,205
"430","riebe, kathleen","cand219872",0.721881390593047,489
"431","thompson, mike","cand145356",0.721738435727411,12517
"432","beyer, donald sternoff jr","cand143627",0.72163624333476,25693
"433","kelly, mark","cand159285",0.72134155875257,5052630
"434","leger, teresa","cand148360",0.720341252534527,52278
"435","himes, jim","cand1034",0.720320118719525,18868
"436","smith, quacy l","cand218254",0.72029520295203,1355
"437","phillips staley, effie","cand168281",0.720170454545455,1408
"438","zarbano, john","cand220026",0.719257540603248,1293
"439","hafeez, zeeshan","cand180063",0.719134651249534,2681
"440","russo, allison","cand194936",0.717683557394002,1934
"441","mathis, elizabeth","cand211486",0.717585181797393,21865
"442","harden, r david","cand211792",0.717445328031809,4024
"443","allred, colin","cand140763",0.717272152946024,2157467
"444","kilmer, derek","cand45500",0.716821708575375,24617
"445","dalton, bale","cand175494",0.716735253772291,1458
"446","young, diane","cand180881",0.716216216216216,3626
"447","farnham, elizabeth rhoads","cand219593",0.715827338129496,556
"448","gomez, meri lizet","cand223572",0.715686274509804,102
"449","o dell, linda","cand149915",0.71541057367829,889
"450","perlmutter, edwin g","cand69006945",0.715357921071746,12391
"451","lee, barbara","cand1503",0.715189728828273,131319
"452","merkley, jeffrey alan","cand1596",0.715101540016059,332529
"453","padilla, alex","cand150625",0.714948932219127,85083
"454","bristow, nigel william","cand219170",0.71484375,256
"455","coons, christopher a","cand1601",0.713982720439163,32061
"456","zateslo, nicholas","cand167666",0.713768115942029,276
"457","figures, shomari c","cand218170",0.713442211055276,15920
"458","bohman, rachel","cand219057",0.713359273670558,3084
"459","boysko, jennifer","cand10001698",0.713178294573643,1935
"460","bohannan, christina","cand168387",0.713110970050205,69316
"461","ramirez, lisa d","cand172659",0.713105726872247,1816
"462","morrison, kelly louise","cand182150",0.712999639899172,11108
"463","coover, don","cand172780",0.71280487804878,3280
"464","mckinney, donavan","cand167700",0.712632006498781,19696
"465","turek, joshua","cand171575",0.712608876895061,45579
"466","rocha, joseph c","cand162470",0.712601326455416,9499
"467","doyle, victoria jane boker","cand168240",0.7125,320
"468","lawrence, jacob","cand171494",0.71244635193133,233
"469","garcia, robert","cand157239",0.712368808690849,43448
"470","godlewski, sarah","cand205898",0.711327320850897,40804
"471","maloney, carolyn b","cand13182",0.711085488387416,18213
"472","esty, elizabeth","cand41261",0.710931040185216,6047
"473","jayapal, pramila","cand134942",0.710353322232613,219205
"474","lorenzen, mark","cand219764",0.710144927536232,207
"475","johnson, julie","cand219839",0.710045279221868,11926
"476","varet, esther kim","cand216138",0.709587298074795,36152
"477","arkoosh, valerie","cand132951",0.709416013388532,11353
"478","balint, rebecca becca","cand203817",0.709357193005372,61247
"479","johnson, jacob","cand165007",0.708957139190692,11689
"480","gillen, laura","cand212436",0.708949615713066,58550
"481","matthews, karen","cand174372",0.708939708939709,481
"482","weinkrantz, mark","cand218633",0.708520179372197,223
"483","hewitt, dylan","cand216475",0.708409506398538,2188
"484","hernandez, bob","cand211687",0.708235294117647,425
"485","o connor, daniel jay","cand144166",0.707965681291424,98372
"486","cummings, elijah e","cand1424",0.707818513267166,9874
"487","jacobs, sara","cand142420",0.70775653702483,18204
"488","engel, kirsten","cand210727",0.707442463321388,91811
"489","porter, katherine","cand140557",0.707370902904393,1738091
"490","pinsley, mark","cand171523",0.706992230854606,1802
"491","valdez, donald","cand149859",0.706923682140047,7626
"492","jones, kermit","cand210815",0.705966930265996,30602
"493","pastore, daniel","cand212777",0.705882352941177,2907
"494","schwartz, daniel","cand164971",0.705595026642984,2252
"495","crockett, jasmine","cand69041670",0.7055632026586,385767
"496","tsongas, nicola s","cand1018",0.705501618122977,1545
"497","randall, emily","cand205005",0.705452865064695,21640
"498","brill, david h","cand143960",0.705426356589147,2580
"499","richardson, david","cand123916",0.705215721828169,37502
"500","albertson corkery, sarah elaine","cand218759",0.70464135021097,3318
"501","black, dianne dodson","cand185082",0.70440251572327,159
"502","showalter, reed","cand172735",0.704370179948586,2334
"503","st mosley, clinton","cand219043",0.704203013481364,1261
"504","blazakis, jason","cand219266",0.704092339979014,1906
"505","van drew, jeff","cand143202",0.703916465659515,157540
"506","sturm, scott 1974","cand141227",0.703721604639923,2069
"507","mitchell, james bo","cand171531",0.703557312252964,253
"508","ausman, richard","cand213365",0.703488372093023,344
"509","trone garriott, sarah","cand167672",0.702775290957923,11170
"510","pardee, alan","cand173676",0.702702702702703,666
"511","ho, thien","cand175457",0.702205882352941,816
"512","deford, william mcadoo mac","cand219647",0.702169144528394,4103
"513","hennrich, brent william","cand213293",0.701762313601446,4426
"514","tipirneni, hiral vyas","cand141526",0.701736898282508,113363
"515","kelloff, alexander george","cand167663",0.701115241635688,1345
"516","carle, thomas a","cand219433",0.700787401574803,127
"517","davis, wendy","cand211460",0.700663716814159,4520
"518","ross, deborah","cand153279",0.700267327378236,30674
"519","rollins, will","cand211005",0.700211065473704,184303
"520","filler, peter steven","cand219719",0.7,120
"521","williams, brian","cand219836",0.699503498081697,8862
"522","freeman, sarah","cand219712",0.699115044247788,113
"523","khanna, rohit","cand45892",0.698893864584529,182889
"524","govens, rodney","cand159172",0.698744769874477,239
"525","walz, timothy j","cand990",0.698275862068966,116
"526","matsui, doris","cand121877",0.698104484512251,6489
"527","holland, mark r","cand215942",0.69781117281934,6122
"528","urban, libbi deann","cand219029",0.697674418604651,645
"529","smith, tina flint","cand143451",0.697489580304352,278559
"530","held, steve","cand219136",0.69562214351845,136094
"531","osyf, james","cand170355",0.695413758723828,2006
"532","keller, maura","cand218712",0.693652253909844,2174
"533","flowers, marcus","cand211457",0.693501910898775,774243
"534","fulford, jonathan steven","cand141610",0.693467336683417,199
"535","neumann, cora","cand154540",0.692536506219578,14792
"536","rush, carolyn","cand212257",0.692513368983957,374
"537","ellman, alissa","cand170618",0.692488262910798,852
"538","diemer, matthew","cand212653",0.692254335260116,4325
"539","min, dave","cand151641",0.692068965517241,58000
"540","conyers, john jr","cand53",0.691632928475034,1482
"541","crist, charlie joseph","cand106118",0.691592759081521,16462
"542","salinas, andrea","cand196677",0.691328886608517,58470
"543","gallagher, tom","cand148274",0.691176470588235,136
"544","cicilline, david n","cand1160",0.6907958984375,16384
"545","roe, ann","cand213341",0.689914701455093,3986
"546","blumenauer, earl","cand1425",0.689834024896266,19280
"547","carbajal, salud o","cand141978",0.689805027014329,8514
"548","kelly, robin","cand167729",0.689387402933563,3477
"549","scanlon, mary gay","cand144779",0.688668762104327,31497
"550","deluzio, christopher","cand157229",0.688429171505168,69753
"551","cherny, andrei","cand218205",0.688417618270799,8582
"552","johnson, tara","cand116977",0.687943262411348,1410
"553","sifton, scott","cand183631",0.687937999835106,12129
"554","della pia, max harold","cand141669",0.68790264853257,2794
"555","dunung, sanjyot","cand168255",0.687619047619048,525
"556","mannion, john w","cand192887",0.687278289452273,30727
"557","camp, lori ann","cand218822",0.687192118226601,812
"558","genant, pamela","cand212203",0.686796315250768,977
"559","gonzales torres, angela","cand164849",0.686378035902851,3788
"560","aboujaoude, rock adel jr","cand218588",0.686274509803922,1122
"561","boyda, nancy e","cand986",0.686217008797654,341
"562","lasry, alex","cand216332",0.686093046523262,15992
"563","ryan, timothy j","cand909",0.685902908908383,1045925
"564","tran, derek","cand218451",0.685691891121562,98238
"565","goodlander, maggie","cand219231",0.685398938410987,11869
"566","bjorkman, timothy w","cand141687",0.68515205724508,1677
"567","carper, thomas r","cand601",0.684908604547481,8972
"568","mcleod skinner, jamie","cand142611",0.684884767546522,47773
"569","elfreth, sarah kelly","cand175695",0.684478741991846,6868
"570","plaskett, stacey","cand121712",0.684101208459215,5296
"571","killin, jessica willow","cand169981",0.68366285119667,3844
"572","johnson, gloria","cand127447",0.683045790634323,154180
"573","bankole, yasmeen","cand168256",0.682905225863596,5645
"574","thompson, kelly elizabeth","cand169029",0.682852807283763,659
"575","jones, laura","cand153695",0.682737169517885,1286
"576","jones, marcus","cand218197",0.682552504038772,1238
"577","alexander, timothy c","cand171498",0.682142857142857,280
"578","navarre, stewart","cand213203",0.68212478920742,1186
"579","castro, joaquin","cand45198",0.681276798475465,25188
"580","castor, kathy","cand973",0.680900094889522,14754
"581","barry, megan","cand193612",0.680778894472362,7960
"582","mcmurray, nathan douglas","cand219441",0.680672268907563,357
"583","kerr, joseph","cand218436",0.680421103581801,8264
"584","grayson, alan mark","cand1035",0.680279206994567,55586
"585","varela, brian","cand212303",0.680156657963446,2298
"586","mehta, leslie","cand219896",0.679992004797122,5003
"587","behn, aftyn","cand170338",0.679634353741497,4704
"588","blouin, nate","cand176282",0.678934296680966,4429
"589","jaslow, allison","cand182039",0.678504672897196,535
"590","hudspeth, richard dr.","cand173036",0.678423236514523,482
"591","rikleen, alexander","cand167731",0.678383128295255,569
"592","finnie, shaun","cand169734",0.677385892116183,964
"593","feuer, michael","cand218387",0.677137870855148,1719
"594","mannion, nancy","cand170328",0.676923076923077,325
"595","lange, paul","cand211601",0.676282051282051,312
"596","cooper, james hs","cand605",0.67572741194487,2612
"597","walker, alex","cand211086",0.675553381435734,8177
"598","davis, christy","cand171579",0.675381263616558,459
"599","torres, norma","cand186488",0.675144648023144,8296
"600","ansari, yassamin","cand218223",0.674985633363435,12181
"601","jones, herbert carroll jr","cand203362",0.674745726033326,4621
"602","bengs, brian l","cand216258",0.674437869822485,8450
"603","mixon, luke","cand215958",0.674057946102867,52359
"604","johnson, sheryl","cand200037",0.673913043478261,736
"605","crockett, jasmine","cand180276",0.673207435821776,61002
"606","reagan, joseph f","cand218536",0.672992700729927,685
"607","osberg, erik","cand165010",0.672447013487476,1038
"608","kastenbaum, diana k.","cand169723",0.672222222222222,180
"609","torres, ruth","cand212948",0.672222222222222,180
"610","mcnerney, jerry","cand967",0.672168042010503,5332
"611","achilles, todd baker","cand169754",0.672,125
"612","scott, robert c","cand1558",0.671945025395877,3347
"613","barnes, mandela","cand128068",0.67190890184276,800104
"614","trambauer smith, brittany","cand211455",0.671284634760705,794
"615","gray, adam c","cand123144",0.671068988400677,106989
"616","bailey, kathleen cordelia","cand212946",0.670995670995671,231
"617","feinstein, dianne","cand1616",0.67098919368246,36090
"618","brown, shontel m","cand155906",0.670494509438025,13933
"619","kier, grant","cand142548",0.67032967032967,3731
"620","cohn, alan michael","cand162615",0.669711675706537,21018
"621","rivera vazquez, mayra","cand169075",0.669275929549902,511
"622","peterson, kaylee jade","cand211499",0.669070735090153,3605
"623","pillersdorf, ned","cand169034",0.66887417218543,302
"624","khanna, lisa vedernikova","cand169110",0.668744434550312,2246
"625","jones, chris","cand170592",0.668597914252607,4315
"626","kripchak, michael lawrence","cand219477",0.668493150684932,730
"627","shrewsbury, zachary c","cand223643",0.66846103536751,19877
"628","lynn, eric","cand121917",0.668191322530058,7652
"629","molesevich, mike","cand139059",0.668161434977579,223
"630","mcgarvey, morgan","cand125112",0.667166676282236,17333
"631","mcbride, sarah elizabeth","cand164677",0.666591469128518,57626
"632","schultz, matthew damian","cand174348",0.666482910694598,1814
"633","cardenas, tony","cand160651",0.666234413965087,10025
"634","sarbanes, john p","cand988",0.666133272373986,8749
"635","sanchez, linda","cand876",0.665861971030957,7042
"636","limon, santos m","cand219787",0.665584415584416,308
"637","dexter, maxine","cand196610",0.665512356367071,6353
"638","heinz, matthew gerald","cand141053",0.665271966527197,4063
"639","chaaban, marc","cand174513",0.664827586206897,725
"640","vasquez, gabriel","cand157347",0.664723873276011,103974
"641","burnett, debby","cand218489",0.664697193500739,677
"642","coleman, bonnie watson","cand186718",0.66453223355763,18428
"643","bergman, lore ann","cand219703",0.664285714285714,140
"644","marlinga, carl","cand211908",0.664003947814823,32423
"645","ruppersberger, ca dutch","cand895",0.663817300331717,7838
"646","biss, daniel","cand168259",0.663804319542024,3843
"647","jayapal, susheela","cand219537",0.663763327827001,6659
"648","larson, john b","cand1512",0.66314465408805,7950
"649","croisant, john thomas","cand216479",0.662995594713656,454
"650","pansing brooks, patty","cand212214",0.662883720930233,10750
"651","lawson, alfred jr","cand165080",0.662854301342616,2011
"652","castelli, matt","cand212529",0.662572147402694,27028
"653","mccollum, betty","cand842",0.662508316699933,12024
"654","kaptur, marcy c","cand615",0.662481222650382,61244
"655","wright, glenn","cand112698",0.662404092071611,391
"656","sewell, terri a","cand1093",0.66212578513745,12259
"657","hardy, kimberly dr.","cand169713",0.661450924608819,1406
"658","lowey, nita m","cand784",0.661161427810336,3754
"659","hewitt, patti","cand218698",0.660808435852373,569
"660","moss, jeremy","cand167697",0.660489251297257,2698
"661","gunby, patricia washburn","cand184124",0.66017094017094,5850
"662","beriont, carleigh","cand169054",0.660140955364135,2554
"663","waldman, amanda","cand197769",0.660087719298246,456
"664","schmidt, patrick","cand211679",0.659804252446844,2963
"665","gillibrand, kirsten elizabeth","cand999",0.659372305214931,437187
"666","munns, shante","cand211250",0.659259259259259,135
"667","carter, cole","cand173272",0.659154929577465,355
"668","beasley, cheri","cand188086",0.659010562245849,459372
"669","chung, eric","cand167696",0.658869728529964,5857
"670","lubin, rob","cand219349",0.658857377722976,2433
"671","sanchez, monica dr.","cand175478",0.658590308370044,454
"672","kim, andy","cand141174",0.658432216289435,292349
"673","gaughran, james f","cand219338",0.658402203856749,726
"674","ackerman, patricia geraldene","cand153382",0.658144716781987,8527
"675","busch, emily","cand181647",0.657850845842268,4197
"676","heck, dennis","cand39888",0.657628920786816,1881
"677","budzinski, nikki","cand157217",0.6574301548306,35006
"678","ettinger, jeffrey m","cand211956",0.657354618015964,3508
"679","pierce, frank","cand219192",0.65668202764977,434
"680","good, margaret elizabeth rowell","cand149872",0.656364656623646,23167
"681","garcia, eric","cand150589",0.655966767371601,10592
"682","koble, clint matthew","cand144137",0.655957161981258,1494
"683","mcdonald rivet, kristen","cand181513",0.655940291202741,49038
"684","nolan, richard m","cand280",0.655856076367642,8171
"685","o donnell, john robert","cand218237",0.65546218487395,119
"686","gray jackson, elvi","cand215702",0.655007949125596,629
"687","doherty, alexandra jane","cand218732",0.654685966633955,8152
"688","gluesenkamp perez, marie","cand157279",0.65429496735722,116718
"689","mcdow, daniel","cand218610",0.653932584269663,445
"690","jones, rebekah","cand211171",0.653562038312257,7987
"691","peters, alvin john 3205946498","cand219081",0.653543307086614,127
"692","flaccavento, anthony jude","cand143347",0.653409090909091,2112
"693","campa najjar, ammar","cand140566",0.653334533412839,266649
"694","panetta, jimmy","cand134655",0.65330370117104,11699
"695","cortese, mike","cand170335",0.653214583913164,3593
"696","gleich, caroline","cand223595",0.65262230057294,22690
"697","chen, jay","cand40926",0.651834517342248,59825
"698","horsford, steven alexzander","cand43733",0.65147731120894,47248
"699","sandoval tafoya, soledad","cand211076",0.651371854426361,29923
"700","cartwright, matt","cand44515",0.650463285010713,71878
"701","pridgen, marlando","cand219160",0.65,140
"702","liegeois, beau","cand142828",0.64985835694051,1765
"703","cognetti, paige","cand173274",0.649497487437186,3980
"704","rodriguez, daira","cand173648",0.649484536082474,194
"705","sorensen, eric","cand157312",0.649093256092186,63524
"706","denney, audrey","cand174363",0.649034424853065,2382
"707","johnson, cliff","cand174476",0.648994515539305,1094
"708","allam, nida","cand212142",0.648808053359684,32384
"709","trone, david","cand137543",0.648648648648649,11655
"710","hoskins, rory e.","cand170606",0.648550724637681,552
"711","ehasz, ashley","cand212735",0.648524338827137,31308
"712","buskirk, paul","cand215944",0.648221343873518,253
"713","lowenthal, alan","cand40366",0.648161244695898,2828
"714","salerno, joe","cand219242",0.648148148148148,3456
"715","dunwoody, stephen andrae","cand218392",0.64804469273743,179
"716","ryan, patrick","cand141186",0.647985214493961,76832
"717","vargas, anthony tony","cand212221",0.647909190636446,107566
"718","houlahan, chrissy","cand140700",0.647843337210599,62759
"719","larson, christopher","cand117039",0.647832817337461,1292
"720","driver, anthony jr.","cand171464",0.647234678624813,1338
"721","balderramos robinson, corinna","cand165565",0.647058823529412,289
"722","shea porter, carol","cand995",0.646663466154585,2083
"723","wilson, eric","cand220019",0.646661367249603,5032
"724","craig, angela dawn","cand142042",0.646405039744261,127943
"725","thomas, allen","cand157040",0.64638783269962,526
"726","lee, susie","cand104234",0.64610922554767,81025
"727","clark, robert benjamin iii","cand187888",0.646103896103896,308
"728","booker, charles","cand180216",0.645994832041344,1935
"729","battino, gillian","cand206230",0.645702306079665,2862
"730","moore, gwen s","cand960",0.645536108251213,6799
"731","mcdevitt, david malcolm","cand134938",0.645502645502645,378
"732","tull, melvin","cand169740",0.645042839657283,817
"733","twedt ball, clinton gene","cand171456",0.64488188976378,1270
"734","ferguson, dana alan","cand149277",0.64484126984127,4536
"735","bynum, janelle","cand219551",0.644670966577962,88684
"736","enck, gretel marysdatter","cand173683",0.64406779661017,118
"737","weiss, joanna","cand218456",0.643125783535311,7179
"738","rush, brian","cand215862",0.642857142857143,154
"739","malamed, zak","cand219356",0.642816419612315,3508
"740","cavanaugh, john","cand169053",0.642546063651591,2985
"741","mandel, david","cand218289",0.642105263157895,475
"742","andres beck, beth","cand170040",0.642048670062252,3534
"743","ojeda, richard neece ii","cand140788",0.641884775134641,100638
"744","bishop, laurie","cand212092",0.641458474004051,1481
"745","terry, joanne r","cand211213",0.641441441441441,555
"746","finkenauer, abby","cand140598",0.641262180842356,140487
"747","logemann, jonathan","cand211614",0.640941792020929,1529
"748","cotter smasal, missy","cand219897",0.64039152392357,19207
"749","hilliard, jerome c","cand144680",0.640117994100295,678
"750","avlon, john","cand219344",0.640006609931422,12103
"751","melton, ryan michael appleton","cand211495",0.63983248022336,2149
"752","schrier, kim","cand141729",0.639752018130397,160173
"753","munsing, evan","cand170599",0.639575971731449,1698
"754","fisher, thomas dr.","cand171465",0.639389193422083,2554
"755","allen, jack burks jr","cand219689",0.638743455497382,764
"756","mcgrath, deb","cand213352",0.637793024585477,3498
"757","stanton, greg","cand142389",0.63765269949759,39211
"758","desaulnier, mark","cand160825",0.637536656891496,6820
"759","fetterman, john karl","cand130816",0.637144242873521,2028842
"760","witkop, thomas","cand218663",0.637140287769784,2224
"761","gay, derrik","cand213068",0.636641221374046,1965
"762","bishop, sanford d","cand1278",0.636412896234083,11073
"763","mosely, brandon","cand211003",0.636385776911836,4106
"764","daniels, shamaine","cand212767",0.636110558759197,5029
"765","reiss, judi","cand150007",0.63594470046083,434
"766","delaney, april mcclain","cand218995",0.635886093447608,3617
"767","mundy, keith francis","cand137615",0.635514018691589,107
"768","meade, perry","cand170596",0.635416666666667,768
"769","levin, andy","cand143195",0.634809064204784,19064
"770","pruitt, roger keith","cand168306",0.634782608695652,115
"771","davis, susan a","cand828",0.634517766497462,197
"772","wild, susan","cand142740",0.634476987447699,155350
"773","miller, stephen","cand212149",0.634285714285714,175
"774","hollister, robert michael iii","cand212768",0.634232954545455,1408
"775","teran, raquel","cand133440",0.634033149171271,9050
"776","harvey, kathryn","cand219669",0.633919681380684,3013
"777","warren, elizabeth","cand104635",0.633854471534488,1351337
"778","lira, john","cand173415",0.633720930232558,344
"779","gallant, christopher","cand171507",0.633639143730887,1635
"780","hook, kristin a","cand219778",0.633630289532294,3592
"781","yanez, henry","cand125762",0.633540372670807,322
"782","gassen, river","cand218533",0.63351134846462,1498
"783","daniels, anthony","cand218169",0.633426966292135,2136
"784","keating, william richard","cand1131",0.633418470224492,7439
"785","goldberg, bartley f","cand211880",0.632835820895522,335
"786","hines, christina","cand165004",0.632661570535094,7195
"787","evans, dwight","cand102081",0.632258064516129,8680
"788","salas, rudy","cand123153",0.631317176391484,101133
"789","wendelin, steven commander usn,","cand220047",0.631205673758865,141
"790","ottaway, brent","cand145405",0.631205673758865,282
"791","houlahan, stephen william","cand155863",0.631023102310231,1515
"792","arguijo, aaron","cand216433",0.630975143403442,523
"793","eckhardt, sarah","cand174584",0.630597014925373,536
"794","mccormack, holly","cand211458",0.630553156333321,53258
"795","martin, isaiah","cand219770",0.630332209918151,20770
"796","cardin, benjamin l","cand721",0.630294815316842,5902
"797","wade, brandon","cand216184",0.63013698630137,146
"798","shurka, mathew","cand175915",0.630081300813008,492
"799","matiella, mary","cand141054",0.629662261380323,3405
"800","scholten, james","cand169225",0.629377431906615,2056
"801","pekarsky, stella","cand168325",0.629370629370629,143
"802","taddeo, annette","cand165048",0.629050705299276,7869
"803","winfrey, janice marie","cand130280",0.628640776699029,1236
"804","nelson, bill","cand441",0.628370349805664,360200
"805","larkin, oliver adams","cand169011",0.627867935086738,1787
"806","remillard, joshua","cand187585",0.627360663288807,10855
"807","barragan, nanette","cand141983",0.626559911651022,18110
"808","mcghie, troy","cand169065",0.626229508196721,915
"809","nguyen, kim","cand218446",0.626083678854127,2653
"810","hawk, danielle nicole","cand211179",0.624373956594324,1198
"811","horne, andrew","cand218203",0.624309392265193,543
"812","nelson, tom","cand117782",0.622357330385519,14474
"813","eshoo, anna g","cand1251",0.622251832111925,6004
"814","alexander, timothy c","cand212255",0.621825023518344,7441
"815","hahn, kara","cand212409",0.621790651744569,3038
"816","steinhoff, ben","cand220024",0.621673923560716,2067
"817","clements, paul colin","cand131169",0.621262458471761,3010
"818","kennedy, joseph p iii","cand150558",0.621119526094781,106688
"819","kildee, daniel t","cand342",0.62107006687918,31998
"820","sewell, briana","cand203454",0.620933521923621,2121
"821","harrison, brigid callahan","cand153346",0.620262390670554,2744
"822","schatz, brian","cand168154",0.619653745159998,22469
"823","harp, seth allan","cand164877",0.619469026548673,113
"824","plame, valerie","cand148980",0.619380974981355,58996
"825","muhlbauer, dave","cand215889",0.619318181818182,1584
"826","johnson, elizabeth liz","cand152934",0.617977528089888,2047
"827","powell, denise","cand167705",0.617261635788522,4426
"828","cottrell, dana","cand144617",0.617224880382775,1672
"829","mccaskill, claire","cand1582",0.616872512248353,400462
"830","buerger, colin","cand163332",0.616616616616617,999
"831","mejia, analilia","cand175622",0.616350589441312,3902
"832","magaziner, seth","cand198955",0.616052254831782,11176
"833","damikolas, allyson","cand218437",0.616044899306702,3029
"834","denton, jake","cand219898",0.615863141524106,643
"835","hunter, marvalette","cand170352",0.6158357771261,341
"836","mccormick, lisa","cand159326",0.615384615384615,234
"837","strickland, marilyn","cand153908",0.615262118606281,15699
"838","soldati, lincoln t","cand142563",0.615238095238095,525
"839","pullen, michael","cand141606",0.61522198731501,473
"840","wilson, katie","cand141190",0.614808652246256,1202
"841","rezvani sarabi, amir daryoush","cand149257",0.614351851851852,2160
"842","shalala, donna","cand144624",0.613642665680747,21638
"843","mceachin, aston donald","cand113633",0.613567438148444,6265
"844","butler, darrius maurice","cand211421",0.613300492610837,406
"845","fleming, bridget","cand126740",0.612848974100235,14865
"846","barkley, michael james","cand40365",0.612842304060434,1059
"847","regunberg, aaron","cand219628",0.612704174228675,2755
"848","altman, susan copius","cand219264",0.612417316130722,45807
"849","hall, barbara harden","cand218627",0.612267250821468,913
"850","love, preston jr","cand223448",0.611428571428571,4200
"851","chesbro, patricia","cand141366",0.611344537815126,952
"852","wojciechowski, aaron michael","cand167529",0.611111111111111,324
"853","mcgovern, jay","cand218599",0.611111111111111,108
"854","arballo, phil","cand149422",0.61095389997942,194360
"855","smith, d adam","cand1493",0.610953863572035,7066
"856","loebsack, david wayne","cand985",0.610576923076923,6448
"857","ford, michael c","cand211424",0.610328638497653,213
"858","kind, ronald james","cand1494",0.610239055299539,13888
"859","alcubilla, sergio josephus iii","cand211474",0.609433962264151,1590
"860","el sayed, abdul","cand167620",0.609125167024487,66607
"861","caraveo, yadira","cand162925",0.609007204978699,101874
"862","milleron, nadia d","cand218930",0.608974358974359,156
"863","disanto, delina","cand144574",0.608942430209661,8633
"864","harmon, mark desmond","cand56648",0.608910891089109,404
"865","james, lindsay","cand172708",0.608903020667727,1887
"866","carr, maryann","cand219411",0.608695652173913,184
"867","savage, lisa jill","cand154530",0.608562691131499,327
"868","dawson, dave","cand172719",0.608150470219436,319
"869","lucier, david","cand210787",0.607843137254902,255
"870","bird, shannon kathleen","cand168229",0.607476635514019,3638
"871","kihuen, ruben","cand43652",0.607153158350159,3467
"872","swisher, carlton aaron","cand143153",0.606918238993711,318
"873","landsman, greg","cand157255",0.606623819294884,58969
"874","friedman, laura","cand111677",0.606610407876231,7110
"875","yee, rose penelope","cand218263",0.60625,320
"876","conole, francis","cand148376",0.605998743718593,25472
"877","watson, ezra","cand212526",0.605769230769231,104
"878","morelle, joseph d","cand145245",0.605339757101275,9963
"879","reed, john f","cand1230",0.604665746895773,7973
"880","beckley, michelle","cand201880",0.604612850082372,1214
"881","levin, mike","cand140564",0.604132188326666,153478
"882","rakov, jake","cand164843",0.60410094637224,634
"883","hill, terri lynn","cand153141",0.603975535168196,654
"884","torres, ritchie john","cand148369",0.603864356396918,51134
"885","garamendi, john","cand1085",0.603801169590643,3420
"886","donovan, kerry","cand211075",0.603728007608179,52575
"887","boser, susan","cand144784",0.603571428571429,280
"888","subramanyam, suhas","cand203193",0.603012372243142,7436
"889","lieberman, matthew","cand154471",0.603002961636476,14519
"890","pickett, deborah a","cand218855",0.602941176470588,204
"891","tedesco, chaz","cand211123",0.602816901408451,710
"892","wettach, taylor","cand170000",0.602716468590832,2356
"893","zunker, tricia","cand153934",0.602640264026403,7575
"894","markey, edward john","cand346",0.602579032436177,199222
"895","sherrill, rebecca michelle","cand140669",0.601669444113796,134416
"896","kiros, melat","cand169696",0.601388487127567,3457
"897","metzendorf, adam","cand210760",0.601033591731266,1935
"898","pfaff, brad","cand117160",0.600706925473281,16692
"899","olszewski, john anthony jr","cand218945",0.600059119125037,3383
"900","hundley, evangeline","cand212833",0.599423631123919,347
"901","haaland, debra","cand140671",0.599422350588758,27006
"902","lee, summer","cand197443",0.598079247817327,74450
"903","little, matt","cand167702",0.598022355975924,2326
"904","mattelin, caitlin rae draper","cand218198",0.597949886104784,1756
"905","gies, aaron dr.","cand174531",0.597785977859779,542
"906","jenkins, matthew","cand212274",0.597639484978541,932
"907","jensen, vicki","cand141147",0.597633136094675,338
"908","mcdonough, melissa a","cand219861",0.597150259067358,772
"909","campbell, heidi","cand201056",0.597122302158273,5282
"910","andrei, linda","cand143217",0.597122302158273,139
"911","jacob, mitchell leigh","cand171518",0.597014925373134,134
"912","hattersley, adam roger","cand149871",0.597008973080758,5015
"913","caldwell, brent","cand174505",0.596244131455399,213
"914","luria, elaine","cand143692",0.596211309291448,140893
"915","ellis, kathryn gail","cand140653",0.595989859414612,4339
"916","amato, bruno","cand210910",0.595885634588563,22944
"917","goroff, nancy","cand149970",0.595595677745862,36555
"918","mccready, daniel","cand141165",0.595511189685654,46382
"919","simon, jo anne","cand212468",0.595183486238532,872
"920","keirstead, hans","cand141072",0.59504779815076,6381
"921","fox, whitney","cand218634",0.59484370825541,14972
"922","segal, david","cand212809",0.594553243574051,3268
"923","grayzel, jeff","cand171503",0.594059405940594,707
"924","neumann, mark","cand150478",0.593908629441624,197
"925","rice, kathleen","cand143482",0.593759701955914,6442
"926","hartman, christina marie","cand121938",0.593277829170521,3243
"927","hodge, jevin d","cand210755",0.592880762497569,25705
"928","lloyd, tanya w","cand219813",0.591276252019386,3095
"929","oppenheim, jesse","cand170098",0.591219512195122,1025
"930","kiehne, john","cand219090",0.591194968553459,159
"931","freeman, april june","cand131138",0.59047619047619,105
"932","ashford, brad","cand47650",0.590317542946382,1921
"933","beach ferrara, jasmine","cand212172",0.590303362034484,47501
"934","davids, sharice","cand144662",0.590124148674449,210554
"935","asencio, robert","cand211377",0.589830508474576,295
"936","vine, melissa","cand218764",0.589409722222222,1152
"937","newton, everette rett s","cand216049",0.589285714285714,672
"938","davis, christy","cand153065",0.589041095890411,292
"939","putorti, matthew","cand212527",0.588954860862723,13979
"940","haderlein, elizabeth","cand211611",0.588832487309645,197
"941","lamb, conor","cand142746",0.58786904918464,243328
"942","markel, homer chip","cand211585",0.587677725118483,211
"943","pastrana, allek","cand211204",0.5875,320
"944","olsen, martin","cand141688",0.587064676616915,402
"945","herring, wade wilkes ii","cand211381",0.586990905496244,5058
"946","throneburg, joshua","cand213223",0.586582443912002,4591
"947","brown, christine carol","cand141268",0.586490939044481,1821
"948","nickel, wiley","cand69027102",0.585898670776344,25955
"949","warnock, raphael","cand154478",0.585522052876102,7023551
"950","perkins, adrian","cand154525",0.585320205061437,73734
"951","weston, john","cand216274",0.585139318885449,323
"952","mauro, eddie j","cand142465",0.585034013605442,4557
"953","sykes, emilia","cand157321",0.584783935848994,60607
"954","hayes, jahana","cand145826",0.584485973203833,69189
"955","gilpin, tim","cand144761",0.58359133126935,646
"956","bean, melissa luburich","cand172738",0.583468395461912,617
"957","williams, mikal d","cand153731",0.582869855394883,899
"958","hendricks, jeanne","cand211987",0.582445459157788,1971
"959","baccam, lanon","cand218765",0.582328240864826,22386
"960","martin, adam","cand212661",0.582236842105263,304
"961","menendez, robert","cand1312",0.582032617064464,28574
"962","marshall, derek","cand210832",0.582028985507246,17250
"963","welch, peter","cand1014",0.581909300032862,24344
"964","vazquez, osvaldo","cand152844",0.58186995728524,2107
"965","hernandez, daniel","cand159844",0.58146933094741,10059
"966","atkinson, james fredrick","cand219587",0.580838323353293,167
"967","mcdermott, thomas m jr","cand153011",0.580727752346963,12889
"968","hyman, mal","cand134869",0.580590717299578,1185
"969","ashford, ann","cand157050",0.580524344569288,1335
"970","beecher, zach","cand175601",0.580441640378549,1268
"971","sbaih, jesse","cand129303",0.580434782608696,1380
"972","ramirez hinojosa, ruben","cand213018",0.58041958041958,572
"973","pugh, pamela l","cand181289",0.579477270415946,9833
"974","watson, eugene lacy","cand149019",0.579335793357934,271
"975","scholten, hillary","cand149919",0.579295222853817,96229
"976","dolter, kathryn j","cand170025",0.578947368421053,152
"977","de la torre, hector","cand176784",0.578947368421053,209
"978","whitfield, daniel allen","cand154448",0.578666666666667,750
"979","hoh, matthew patrick","cand216058",0.578651685393258,356
"980","guild, thomas eugene","cand38783",0.578609625668449,935
"981","hertel, curtis jr","cand180290",0.57792912246866,33184
"982","davis, don","cand157227",0.577453510098763,44956
"983","molder, chaz","cand173331",0.577405857740586,2868
"984","sidie, jay","cand138180",0.577235772357724,492
"985","wexton, jennifer t","cand140782",0.577044980176917,90551
"986","pascrell, william j","cand1467",0.577014002545917,5499
"987","gonzalez, vicente","cand134890",0.576962283384302,18639
"988","craighill middleton, anduin elim","cand219157",0.576923076923077,494
"989","watts, ryan","cand141162",0.576619273301738,633
"990","ivey, glenn","cand42541",0.576201733648542,6345
"991","davey, michael","cand218691",0.57615317667537,1149
"992","perry, jan","cand210979",0.575889615105301,1377
"993","evans frantz, isaac","cand216297",0.575835475578406,389
"994","mues, john","cand150205",0.575488454706927,1126
"995","browning, kate m","cand142582",0.575418994413408,1611
"996","morse, jessica","cand141527",0.575298204044266,37139
"997","aiken, clayton clay","cand186676",0.574962742175857,3355
"998","nystrom, quinn reabe","cand153240",0.574957167332953,21012
"999","tomlinson, teresa pike","cand149076",0.574868118490464,22179
"1000","shah, amish","cand159856",0.574596335465901,45954
"1001","morse, john iii","cand218964",0.574229691876751,1785
"1002","baez geller, lucia","cand218689",0.574078422164827,4259
"1003","phillips, dean","cand141152",0.573569504799987,60521
"1004","samuels, don","cand211983",0.573569126230508,11479
"1005","escobar, veronica","cand141955",0.573417721518987,14220
"1006","st clair, lucas","cand142520",0.572644721906924,1762
"1007","mcneill, frank alexander jr","cand144113",0.572259941804074,1031
"1008","nouri, preston","cand219602",0.572187229838212,8097
"1009","case, edward","cand146287",0.571845064556435,2401
"1010","mcbath, lucia kay","cand144627",0.571628888631895,207528
"1011","smead, josh","cand165015",0.570866141732283,254
"1012","vallejo, michelle","cand213025",0.570816754244753,32923
"1013","romanoff, andrew","cand131134",0.570349851236278,48735
"1014","harder, josh","cand140532",0.570141412041521,211651
"1015","buchwald, david","cand126729",0.570093457943925,749
"1016","mahmood, asif","cand141793",0.57007874015748,11430
"1017","mrvan, frank j","cand153013",0.569625144918202,38815
"1018","schupp, jill darlyne","cand153245",0.568393985130527,35778
"1019","horn, madison","cand216171",0.568337730870712,3790
"1020","titus, dina","cand1054",0.567923282991032,25757
"1021","berg, kaela jo","cand174463",0.567484662576687,652
"1022","underwood, lauren a","cand141589",0.567410259617274,223868
"1023","deutch, theodore eliot","cand1086",0.567320858055682,4382
"1024","russo, claire","cand153866",0.567095588235294,2176
"1025","kilpatrick, heather","cand211444",0.567062818336163,589
"1026","lieu, ted","cand186481",0.566843345111896,16980
"1027","gaskins, barbara d","cand212121",0.566555183946488,1495
"1028","hicks, josh","cand149903",0.566345916604984,20265
"1029","lira, john","cand213064",0.566080843585237,5690
"1030","applegate, douglas loren","cand121912",0.56599505497396,19009
"1031","carrillo jr, francisco","cand218371",0.565916398713826,311
"1032","greene, joan","cand141055",0.565894797026873,6996
"1033","gomez, jimmy","cand139792",0.565240266573132,11404
"1034","sherzan, michael thomas","cand131144",0.564356435643564,101
"1035","rackleff, robert bruce","cand141087",0.563816604708798,807
"1036","krause, e m","cand212383",0.563706563706564,518
"1037","painter, richard","cand144900",0.563428571428571,875
"1038","abahsain, jill","cand182486",0.563025210084034,238
"1039","smith, christy","cand137286",0.5628005542424,110421
"1040","garcia, patty","cand175519",0.5625,304
"1041","brown, mary kathleen","cand213011",0.562342795544377,2783
"1042","beaudion, julian c","cand167739",0.562252964426877,1012
"1043","cohen, edward g","cand153383",0.562231759656652,233
"1044","duresky, john","cand167523",0.561904761904762,105
"1045","gash, eric","cand212177",0.561265248839469,9263
"1046","murphy, stephanie","cand138804",0.561204408291787,15244
"1047","ronning, penny","cand212097",0.561142857142857,875
"1048","polis, jared","cand1031",0.560726447219069,881
"1049","hubbard, lourin","cand210902",0.560586734693878,1568
"1050","cisneros, gilbert","cand141535",0.560249620232377,48714
"1051","trundle, ryan","cand145598",0.559726962457338,586
"1052","mccray, valerie l","cand215925",0.559093101784853,4146
"1053","roth, michael","cand165042",0.55902192242833,1186
"1054","van someren, mike","cand213358",0.559014267185473,771
"1055","barlow, pete hamilton","cand171549",0.559006211180124,322
"1056","mizeur, heather renay","cand211791",0.558934642992067,15882
"1057","golden, jared","cand141933",0.558850317689728,183355
"1058","olson, kimberly d","cand148402",0.55846917080085,23987
"1059","ventouras, lukas","cand158526",0.558411214953271,428
"1060","soderberg, nancy","cand123917",0.558344394835284,8287
"1061","huerta, emilio jesus","cand134658",0.55820476858345,713
"1062","dean, katie","cand212174",0.557926829268293,1312
"1063","malinowski, tom","cand142572",0.557627503361095,114546
"1064","kennedy, brynne","cand148914",0.557263599750411,17629
"1065","platner, graham","cand173649",0.55673275337024,220014
"1066","freeman, esau a","cand119909",0.55663430420712,618
"1067","williams, nikema natassha","cand152908",0.556589906908378,8164
"1068","velazquez, nydia m","cand1317",0.555993332323079,6599
"1069","stout, katy padilla","cand176147",0.555555555555556,198
"1070","maddox, paul","cand174504",0.555555555555556,351
"1071","carrigan, sean j","cand141951",0.555296856810244,859
"1072","martz, emily","cand141666",0.555276381909548,1194
"1073","butner, josh","cand140567",0.555274067250115,4342
"1074","nemorin, dalourny","cand174529",0.555151515151515,825
"1075","cravens, maurice randall, ii","cand211721",0.554347826086957,184
"1076","casten, sean","cand141118",0.553701726613408,135815
"1077","doggett, lloyd","cand1408",0.553368121442125,4216
"1078","belatti, della au","cand174412",0.552631578947368,152
"1079","ross, heather maura","cand141525",0.552456033959976,1649
"1080","sinema, kyrsten","cand40348",0.552348566651573,229672
"1081","shapiro, m david","cand142447",0.551828245555183,8943
"1082","castle, jaime","cand153498",0.551347583643123,4304
"1083","klussmann, duncan foster","cand213169",0.551315789473684,760
"1084","driskell, gretchen","cand142035",0.55112658276271,26141
"1085","lesinski, john","cand113382",0.551079136690647,1390
"1086","diamond, ben","cand211261",0.550957207207207,3552
"1087","t, tom","cand210789",0.550632911392405,158
"1088","nguyen, tram","cand174441",0.550306211723535,1143
"1089","stevens, haley","cand140643",0.550241317066301,78113
"1090","livingston, scott","cand219359",0.55,120
"1091","combs, jack lewis jr","cand213222",0.55,260
"1092","ossoff, t jonathan","cand151811",0.549993130777447,5975931
"1093","hoagenson, suzanne renee","cand140652",0.549892539146454,3257
"1094","olson, craig","cand141612",0.549738219895288,191
"1095","boerio, bibiana","cand145257",0.549668874172185,604
"1096","roth, franklin delano ii","cand219111",0.549019607843137,102
"1097","manning, kathy","cand143200",0.548228346456693,29464
"1098","franken, al","cand1592",0.547388388320574,59044
"1099","lee, michelle denise","cand144690",0.546666666666667,150
"1100","byrd, colin","cand155890",0.546583850931677,322
"1101","bew, richard","cand157035",0.546448087431694,366
"1102","green, alexander","cand952",0.546136203246295,11336
"1103","smith, erica danette","cand150560",0.545953002610966,19150
"1104","gershon, perry","cand141661",0.545846532910947,11364
"1105","walsh, john","cand148546",0.544719732911615,5691
"1106","cobert, mitchell","cand142574",0.544642857142857,112
"1107","srivastava, sandeep kumar","cand212935",0.544524669073406,1662
"1108","mcleod skinner, jamie","cand141267",0.544503834534046,4303
"1109","hanlon, karl j","cand143131",0.544392523364486,428
"1110","davis, wendy","cand111802",0.544390456358118,146946
"1111","fuller, trevor michael","cand159322",0.544354838709677,248
"1112","thanedar, shri","cand69035609",0.544272136068034,1999
"1113","spanberger, abigail","cand141723",0.544114610631979,188883
"1114","raver, whitney","cand150020",0.543859649122807,114
"1115","jarin, harry","cand169039",0.543589743589744,195
"1116","quist, robert e","cand151847",0.54356111460667,249523
"1117","brown, lisa","cand116507",0.543347008282375,25838
"1118","linderman, hank","cand144066",0.542974079126876,1466
"1119","viloria fisher, vivian m","cand43747",0.542857142857143,280
"1120","hesketh, missi","cand219109",0.542669584245077,457
"1121","franklin, george","cand142528",0.542349726775956,1464
"1122","west, royce","cand110305",0.542111801242236,8050
"1123","roath, patrick thomas","cand167690",0.54079358002675,2243
"1124","preece, christopher","cand211718",0.540723981900452,442
"1125","operana foxx, deja cherise","cand164701",0.540587219343696,579
"1126","irwin, steven","cand212790",0.540460878885316,3732
"1127","hunt, trey joseph","cand213007",0.540432345876701,1249
"1128","christian, robert franklin iii","cand211413",0.540162980209546,859
"1129","reid, david","cand219947",0.539638386648122,719
"1130","coker, adam ward","cand134776",0.539267015706806,191
"1131","howland, amanda","cand60104",0.538882803943045,913
"1132","sweet, betsy","cand149507",0.538635456842665,15038
"1133","lee, sheila jackson","cand1410",0.538461538461538,3991
"1134","toulouse oliver, maggie","cand148556",0.538398859238134,4909
"1135","tavarez, hector","cand212256",0.538135593220339,472
"1136","brolley, matt","cand141123",0.537750385208012,649
"1137","gottheimer, josh","cand142073",0.537704918032787,37820
"1138","hanabusa, colleen wakako","cand189554",0.53763440860215,186
"1139","petrey, erin","cand172788",0.5375,800
"1140","latimer, george","cand219407",0.537265313863076,10546
"1141","kasky, cameron","cand174528",0.536810950795413,2703
"1142","avila chevalier, darializa","cand175955",0.536652078774617,1828
"1143","vandenberg, tyler isaac","cand169688",0.536585365853659,164
"1144","baer, lauren","cand142449",0.536147737488762,26696
"1145","mackenzie, mark s 6038679755","cand142568",0.536,125
"1146","lehman, matthew","cand211708",0.535836177474403,1172
"1147","morgan, matthew wade","cand140638",0.53580179689627,7346
"1148","galbraith, john michael","cand140687",0.535626535626536,407
"1149","hill, katherine lauren","cand140539",0.534829412058544,80076
"1150","powell, rhonda","cand211909",0.53453947368421,608
"1151","newman, marie","cand140604",0.534507632166791,85952
"1152","omar, ilhan","cand146299",0.533982990526648,681385
"1153","canova, timothy a","cand134704",0.53384374456238,11494
"1154","mund, cara","cand212213",0.533834586466165,133
"1155","farrell, bridie","cand212528",0.533333333333333,3180
"1156","denney, audrey l","cand143967",0.532968199380121,47106
"1157","pastor, laura","cand218226",0.532967032967033,182
"1158","leuschen, james","cand173069",0.532766990291262,824
"1159","ward, ashley","cand212131",0.532763532763533,351
"1160","karlen, jonathan","cand212022",0.531818181818182,220
"1161","larsen, mike","cand153502",0.531737067991868,4427
"1162","hill, anthony tony","cand211187",0.531531531531532,111
"1163","mahendra, sujeet bobby narendra","cand135265",0.531531531531532,111
"1164","williams, kim","cand148919",0.531291611185086,751
"1165","garcia, jesus","cand143155",0.530964034901043,9398
"1166","bronin, luke","cand171431",0.530417295123177,1989
"1167","mueri, hillary o connor","cand153533",0.530407740152039,5788
"1168","bass, karen","cand1101",0.530148558112438,6866
"1169","biggins, julia elizabeth","cand142813",0.530020703933747,483
"1170","sweeney, mark","cand126147",0.529953917050691,217
"1171","zapata, claudia andreana","cand213145",0.529447852760736,1630
"1172","londrigan, betsy dirksen","cand141121",0.529228717492776,44990
"1173","mccormick, ray","cand211662",0.528571428571429,280
"1174","pixley, jeffrey","cand173244",0.528455284552846,123
"1175","ritchie, malcolm","cand168285",0.528301886792453,106
"1176","deegan, donna","cand152804",0.528146989835809,10232
"1177","adolph, kiley","cand218836",0.528117359413203,409
"1178","cox, terrance john tj","cand141061",0.52808485997052,75984
"1179","daza fernandez, antonio miguel","cand211446",0.528011204481793,1428
"1180","muscato, michael archangel","cand148266",0.527755212564311,7386
"1181","bell, wesley","cand219084",0.527631924389604,15236
"1182","brown, anthony","cand176101",0.527517783601647,2671
"1183","stuck, amanda","cand150072",0.527281353787759,6323
"1184","ramirez, delia","cand170076",0.52700006436249,15537
"1185","todd, jennifer ann","cand164931",0.526997840172786,463
"1186","hoyer, steny","cand560",0.526909864223785,6113
"1187","kennedy, amy","cand153344",0.526797697515583,33529
"1188","banyai, cindy lyn","cand150392",0.526491769547325,7776
"1189","parnell, archie","cand140716",0.526253266809218,21045
"1190","perriello, thomas","cand180105",0.526098901098901,728
"1191","ortiz, gabriel","cand144705",0.525773195876289,485
"1192","geller, eddie","cand211279",0.525764895330113,4968
"1193","selmont, george austin","cand144614",0.525581395348837,215
"1194","foster, nikki","cand149998",0.52556619192155,4283
"1195","lawrence, brenda lulenar","cand42832",0.525337837837838,3552
"1196","axne, cindy","cand141109",0.525315207981555,116669
"1197","rubin, joel martin","cand130821",0.524926686217009,682
"1198","jones, mondaire","cand149988",0.524800686496573,100219
"1199","haake, sabrina","cand153016",0.524765729585007,747
"1200","torres, ginger sykes","cand210725",0.524691358024691,648
"1201","potts, keith","cand223338",0.524112829845314,1099
"1202","murray, erik","cand180215",0.524096385542169,166
"1203","thorburn, andy","cand141536",0.523943661971831,1420
"1204","barzee flores, mary","cand141566",0.523927958833619,11660
"1205","graham, charles","cand212163",0.523674138873702,9145
"1206","winter, thomas","cand148334",0.523664122137405,5240
"1207","cardell, simon wb","cand219725",0.523364485981308,107
"1208","gregory, duwayne","cand92589",0.523224043715847,732
"1209","schrader, kurt","cand1071",0.523076923076923,4030
"1210","pinto, brooke","cand174384",0.523012552301255,956
"1211","booker, cory a","cand159022",0.522935779816514,8829
"1212","keith, pam","cand10000040",0.522915490306795,21252
"1213","hoyos, renee","cand142021",0.522860492379836,12795
"1214","williams, vangie","cand144247",0.522805167413657,3793
"1215","minnicozzi, jason","cand187803",0.522706209453197,1079
"1216","heitkamp, heidi","cand104841",0.522640937854629,415928
"1217","brown, alvin","cand144005",0.522413793103448,580
"1218","clegg, david j","cand141187",0.522352941176471,425
"1219","devaughan, taysha","cand213248",0.522072936660269,521
"1220","west, matthew","cand212721",0.522017045454545,1408
"1221","casar, greg","cand157220",0.521853819380839,27295
"1222","hunt, alexandra","cand212744",0.521508448289935,12251
"1223","hamm, kevin","cand185933",0.521346469622332,1218
"1224","scott, zach","cand143225",0.521212121212121,165
"1225","lam, clarence","cand218958",0.521172638436482,2149
"1226","rader, elizabeth anne","cand140691",0.521048999309869,15939
"1227","finello, christina","cand150010",0.520721657732619,24998
"1228","gereghty, elizabeth","cand219410",0.520462633451957,1124
"1229","graben, eric knox","cand145260",0.520325203252033,123
"1230","mccartney, rick","cand164562",0.520300751879699,665
"1231","selker, john steven","cand212703",0.52,400
"1232","gaither, kevin","cand141590",0.519867549668874,302
"1233","signorello, joseph iii","cand190920",0.519659936238045,941
"1234","hackett, mary patricia","cand142479",0.51962401055409,6064
"1235","fabert, shannon","cand150414",0.519396551724138,464
"1236","putzova, eva","cand156944",0.519357287449393,7904
"1237","collins, jacqueline","cand211523",0.519274376417234,441
"1238","wilson, frederica s","cand1109",0.518995098039216,1632
"1239","gordon, jacqueline","cand149111",0.518558038932949,34675
"1240","eastman, kara","cand140661",0.518531457673436,128808
"1241","lopez, lesley","cand175864",0.518258426966292,1424
"1242","peck, timothy","cand218881",0.517918088737201,1172
"1243","webb, bryant cameron","cand150062",0.517862210310579,63430
"1244","james, jamesia","cand154483",0.517482517482518,143
"1245","jefferson, jrmar","cand212924",0.517133956386293,321
"1246","gray, molly","cand213276",0.516691285081241,3385
"1247","balter, dana","cand142598",0.516634807011836,49174
"1248","ewert, brian","cand144852",0.516129032258065,217
"1249","walters, martha m","cand140525",0.516129032258065,372
"1250","wirth, cynthia","cand171083",0.515994436717663,719
"1251","mostafa, ahmed","cand218326",0.515755329008341,2158
"1252","lewis, jennifer lynn","cand144251",0.515712187958884,3405
"1253","porter, ferguson","cand216156",0.515254237288136,295
"1254","vitali, greg","cand144180",0.515151515151515,198
"1255","fine, laura","cand167685",0.514980460269214,2303
"1256","mfume, kweisi","cand746",0.514836795252225,3370
"1257","vartan, gregory iii","cand219267",0.514671361502347,1704
"1258","sanders, bernard","cand1235",0.514516834823353,1853331
"1259","cisneros, jessica","cand149468",0.513942800360215,193218
"1260","hernandez, daniel","cand164692",0.513916500994036,1006
"1261","kim, donna mercado","cand143229",0.513661202185792,549
"1262","watkins, richard lee","cand216042",0.513605442176871,1470
"1263","rimmer, stephanie s","cand148263",0.513422818791946,596
"1264","jacobsen, leann","cand141578",0.513355048859935,1535
"1265","manchin iii, joe","cand1600",0.513352166728852,18761
"1266","delgado, antonio","cand140681",0.513218494604235,88588
"1267","cunningham, joe","cand141212",0.513093336376084,70112
"1268","waters, maxine","cand1195",0.512762762762763,10656
"1269","morrow, scott d","cand223653",0.5125,1840
"1270","ehr, phillip charles","cand141086",0.512418833172851,81006
"1271","bola?os scow, adam","cand152669",0.51219512195122,287
"1272","donnelly, joseph s","cand982",0.512060456202024,100701
"1273","boyle, brendan f","cand102282",0.511992786293959,5545
"1274","boisseau, theresa","cand219747",0.511789181692094,721
"1275","schiller, margaret ann","cand211173",0.511586452762923,561
"1276","may, karla","cand223427",0.511450381679389,131
"1277","joffrion, peter s","cand141046",0.511402902557014,1447
"1278","branscum, coy gee ii","cand213053",0.51063829787234,752
"1279","hanson, ben","cand141638",0.510468594217348,1003
"1280","gray, james p","cand143173",0.510406811731315,2114
"1281","watson, melissa ward","cand153634",0.510247136829415,3318
"1282","longjohn, matt","cand141615",0.510045878816643,6321
"1283","de la isla, michelle","cand153067",0.509994046100196,11757
"1284","harder, kathleen","cand212723",0.50958904109589,730
"1285","pressley, ayanna","cand144081",0.509544355102308,152970
"1286","coffay, matt","cand141168",0.509505703422053,789
"1287","dean, kate","cand219991",0.509433962264151,106
"1288","ly, francine","cand219792",0.509433962264151,424
"1289","langevin, james r","cand856",0.509101941747573,3296
"1290","uygur, cenk","cand152678",0.508933119147436,51046
"1291","cuellar, roberto enrique","cand956",0.508895638967238,9218
"1292","mazeski, kelly","cand141117",0.508626198083067,3130
"1293","mitrano, tracy safegov","cand141946",0.508471959550735,25909
"1294","schiller, jill","cand144151",0.508305647840532,1806
"1295","mahony, joshua","cand149074",0.50811508668388,5422
"1296","shelton, alisha","cand154551",0.507786319731914,5073
"1297","dady, sara","cand141925",0.507778469197262,1607
"1298","andrews, annie","cand212818",0.5074064647493,19645
"1299","bruce, catherine fleming","cand216250",0.507288629737609,343
"1300","warner stanton, kathy l","cand210697",0.507246376811594,138
"1301","holguin, eric","cand142794",0.507010402532791,2211
"1302","lopez franzen, melisa","cand167625",0.506849315068493,511
"1303","hart, rita","cand124253",0.506656560996507,30346
"1304","parker, andy","cand213227",0.506493506493506,2233
"1305","kenyatta, malcolm","cand197583",0.506215614232138,52529
"1306","jones, dom","cand218454",0.50609756097561,164
"1307","fort, vincent","cand166775",0.505524861878453,362
"1308","tarasi, elizabeth m","cand140709",0.505376344086022,651
"1309","ocasio cortez, alexandria","cand140679",0.504883851639142,3015755
"1310","messmer, mindi","cand142566",0.504795117698344,1147
"1311","luevanos, ruth","cand210921",0.504753673292999,1157
"1312","sherman, brad","cand1433",0.504700643245918,6063
"1313","farkas, evelyn","cand153470",0.504653730872377,6339
"1314","goncalves, john","cand219627",0.504273504273504,351
"1315","dupree, johnny l","cand212082",0.504065040650406,246
"1316","wooden, weldon frederick","cand142523",0.503968253968254,252
"1317","goenaga torres, santiago david","cand211095",0.503623188405797,276
"1318","ahmad, nilofer nina","cand143233",0.503184713375796,785
"1319","williams, mark joaquin","cand142424",0.502982107355865,503
"1320","lutz, mary ann","cand139445",0.502873563218391,348
"1321","franklin, robert","cand155655",0.502824858757062,354
"1322","bracy, randolph","cand123957",0.502692998204668,1114
"1323","brown, mauricus","cand153630",0.50264064293915,4355
"1324","kumar, anil","cand162634",0.502626970227671,571
"1325","depasquale, eugene","cand102347",0.502567216916027,36226
"1326","rose, max","cand141665",0.502503728958023,75088
"1327","norton, eleanor holmes","cand35791",0.5024,625
"1328","cummings, maya rockeymoore","cand153136",0.502215657311669,677
"1329","kennedy, richard","cand141957",0.502151354087573,3951
"1330","caforio, bryan","cand134664",0.502068629836943,4109
"1331","moore, carlos","cand169016",0.501138952164009,439
"1332","gandhi, pritesh","cand148396",0.501030274211444,6309
"1333","gardner, phil","cand153910",0.500907441016334,1102
"1334","levine, jake","cand171426",0.500609756097561,1640
"1335","clarke, yvette d","cand194619",0.500600384245917,8328
"1336","sacks, mike","cand165380",0.500247402276101,2021
"1337","jones, gina ortiz","cand141712",0.500018035566136,83169
"1338","davis, mark","cand171439",0.5,148
"1339","butcher, callie","cand219842",0.5,590
"1340","eichholz, rich","cand141614",0.5,174
"1341","turner, d lee","cand143683",0.5,310
"1342","malik, anita","cand142385",0.5,4736
"1343","lander, brad mr.","cand179450",0.499894045348591,4719
"1344","gilbert, hank","cand110502",0.499373189815415,23133
"1345","bailey, andrea olivia","cand219931",0.499217527386541,639
"1346","johnson green, tabitha","cand145207",0.499089253187614,1647
"1347","thomas, kevin","cand219379",0.498913043478261,920
"1348","herschel, judith l","cand141207",0.498349834983498,303
"1349","madden, alice","cand149075",0.498124531132783,1333
"1350","kelliher, margaret anderson","cand146298",0.498064516129032,775
"1351","gutierrez, luis v","cand1287",0.49802371541502,253
"1352","morrison, kevin b.","cand168254",0.497973657548126,1974
"1353","myers, cathy","cand141275",0.497760871911082,37068
"1354","hill, natasha","cand213311",0.497728747566515,3082
"1355","huffstetler, roger dean rd","cand140777",0.497641509433962,7632
"1356","herskowitz, craig","cand219340",0.497536945812808,203
"1357","rouda, harley e jr","cand140561",0.497398248908396,88402
"1358","mann, bethany eileen","cand212023",0.497373029772329,1142
"1359","janz, andrew","cand140536",0.497277141683432,94937
"1360","lewis, brandon rashad","cand153825",0.497222222222222,360
"1361","davis, colleen","cand164661",0.496932515337423,326
"1362","adams, alma shealey","cand160456",0.496869044377893,3673
"1363","ayala, aramis","cand211228",0.496762257169288,1081
"1364","baer, dan","cand141551",0.496439628482972,12920
"1365","berghoef, bryan","cand149916",0.496427602423804,11057
"1366","mullin, kevin","cand123146",0.496360582306831,3572
"1367","bolz, kate","cand153324",0.495927779413208,10191
"1368","kerr, paul g","cand141542",0.495867768595041,968
"1369","villarreal, ricardo","cand213054",0.495145631067961,103
"1370","gill, louis","cand210912",0.495145631067961,309
"1371","mitchell, nicholas","cand213186",0.494350282485876,354
"1372","cohen, stephen ira","cand1012",0.494279176201373,1748
"1373","ratigan, dylan","cand144733",0.493710691823899,1272
"1374","fleharty, dillon james","cand167513",0.493589743589744,156
"1375","roberts, steven c","cand212008",0.493408662900188,531
"1376","davis, patrick","cand141646",0.493308721735118,2167
"1377","kennedy, john perkins","cand219700",0.492647058823529,136
"1378","fershee, kendra jean huard","cand142829",0.492647058823529,1088
"1379","long, carolyn n","cand142816",0.492544642857143,67200
"1380","normoyle, angela h","cand211613",0.492179353493222,959
"1381","bedell, eileen m","cand137693",0.492134831460674,445
"1382","collins, kina i","cand174420",0.492063492063492,315
"1383","cheney, carole","cand124785",0.49184339314845,1226
"1384","engel, eliot l","cand776",0.491076681702295,5099
"1385","grey bull, lynnette","cand153941",0.491008174386921,3670
"1386","garcia, sylvia r","cand142795",0.490880503144654,3180
"1387","radinovich, joseph","cand144689",0.490861214374226,12912
"1388","mackler, james","cand140861",0.490788409990214,23503
"1389","gronli, nicole","cand173319",0.490759753593429,487
"1390","sanchez, daniel","cand213141",0.490384615384615,208
"1391","chadzynski, sarah","cand170156",0.490066225165563,151
"1392","veasey, marc allison","cand45177",0.489701457995834,4321
"1393","stout, anna marie","cand218494",0.489617486338798,915
"1394","lassiter, shawn","cand212961",0.48943661971831,284
"1395","pandich, elizabeth","cand164895",0.489051094890511,137
"1396","fyfe, matthew john","cand211665",0.488843813387424,493
"1397","peters, gary","cand1050",0.488397766458626,1077034
"1398","macaulay, kody craig","cand219522",0.488188976377953,127
"1399","dixon, peter","cand218325",0.488095238095238,1680
"1400","price, phillip","cand141169",0.488045007032349,711
"1401","auman, james lee","cand143954",0.488,250
"1402","starky, stuart","cand103359",0.487394957983193,119
"1403","hamm, larry lee","cand223466",0.487096774193548,310
"1404","cohen, brad","cand175687",0.486692015209125,263
"1405","williams, joshua","cand140726",0.486486486486487,444
"1406","murphy, tammy","cand223469",0.486444616576297,3873
"1407","winfield, richard dien","cand143662",0.485889570552147,815
"1408","theobald, paul gilbert","cand142562",0.485611510791367,278
"1409","kohne, steven chase","cand140570",0.48559670781893,243
"1410","king, jessica jeane","cand116997",0.485282418456643,1257
"1411","torres small, xochitl","cand144136",0.485257920368473,94661
"1412","moyer, eric hamilton","cand173067",0.485148514851485,101
"1413","lara, angel","cand210896",0.485135135135135,740
"1414","reinmann, jessica","cand216466",0.48436018957346,1055
"1415","quigley, mike","cand1081",0.484060009376465,4266
"1416","mcgrath, amy","cand141602",0.484031991053424,1817008
"1417","kinsey, rachel","cand156999",0.483695652173913,184
"1418","miller, donna","cand170030",0.483677548301133,1501
"1419","coleman, merika","cand218163",0.483425414364641,362
"1420","leach, daylin b","cand132953",0.483240223463687,1074
"1421","visclosky, peter j","cand707",0.482968369829684,1644
"1422","hart, rhonda j","cand219759",0.482815057283142,611
"1423","o rourke, megan","cand171502",0.482600732600733,1092
"1424","patel, bhavini","cand212793",0.482475118996106,2311
"1425","larkins, juddson","cand212824",0.482051282051282,780
"1426","rhoades, crystal","cand174506",0.481981981981982,444
"1427","vargas, juan c","cand41075",0.481777333999002,2003
"1428","woolridge, ruby faye","cand111006",0.481751824817518,137
"1429","toder, spencer ross","cand216000",0.481632653061224,1225
"1430","dixie, vincent","cand170342",0.48125,160
"1431","colvin, jesse","cand142513",0.481067518248175,4384
"1432","davidson, robert michael","cand140639",0.480439034992393,9202
"1433","albright, joe","cand164932",0.480314960629921,127
"1434","colombe, michael christopher","cand211099",0.479674796747967,123
"1435","melton meaux, antone","cand153229",0.479662921348315,8900
"1436","geren, mary smith","cand140713",0.47952047952048,2002
"1437","daniel, stephen","cand150024",0.47881679389313,5240
"1438","kilboy, matthew","cand212627",0.478605388272583,631
"1439","tlaib, rashida","cand144103",0.477666076581185,369438
"1440","wilhelm, colin","cand163000",0.477551020408163,245
"1441","zimmerman, robert","cand212430",0.477310525065336,8418
"1442","freshour, shannon","cand150002",0.477185757852412,51481
"1443","fermo, paul","cand212736",0.476953907815631,499
"1444","iacino, james","cand152761",0.476579925650558,1345
"1445","schneider, mac schneider","cand145230",0.476457399103139,1784
"1446","rieger, chris","cand141678",0.476190476190476,147
"1447","gorman, mary","cand212867",0.476076555023923,418
"1448","biaggi, alessandra","cand192825",0.476026743075454,5235
"1449","martin, henry robert","cand142542",0.475913181577554,1889
"1450","terrell, travis","cand164912",0.475903614457831,166
"1451","mcdowell, jan","cand130824",0.474970896391153,2577
"1452","baumlin, kevin","cand216216",0.474801061007958,754
"1453","arraf, huwaida","cand211904",0.47458432304038,2105
"1454","sneathern, andrew","cand141261",0.474418604651163,645
"1455","karinshak, zahra s","cand149880",0.47331583552056,2286
"1456","mcmurray, nathan douglas","cand144150",0.473248373393558,18597
"1457","sapp, howard","cand164890",0.473214285714286,112
"1458","trauner, gary","cand143395",0.473184818481848,2424
"1459","boyd jr, willie will eugene","cand128930",0.472885032537961,922
"1460","parker, catherine f","cand153472",0.472807991120977,901
"1461","brzozowski, dani","cand150401",0.472687143645393,5437
"1462","wells, tom beckwith","cand138800",0.472668810289389,311
"1463","walker, paul","cand144064",0.47244094488189,127
"1464","gamba, mark","cand148384",0.472372247611134,2407
"1465","mckellar, shirley jonetta","cand44828",0.472222222222222,108
"1466","green, karen","cand211216",0.471816283924843,479
"1467","belote, dave","cand141260",0.471666666666667,600
"1468","robinson, timothy brandt mr","cand177225",0.471571906354515,299
"1469","elliott, joyce ann","cand152595",0.471316881081184,52313
"1470","gnibus, kristy","cand153610",0.470836435840159,8058
"1471","valenzuela, candace","cand148403",0.470000478080031,62751
"1472","pohl, amanda","cand169108",0.469827586206897,232
"1473","bourdeaux, carolyn","cand142460",0.469730535304306,49654
"1474","petzel, geoffrey aisin","cand140029",0.469724770642202,545
"1475","kleinmann, matthew ryan","cand218890",0.46969696969697,198
"1476","desai, chintan","cand142379",0.469496021220159,377
"1477","speier, jackie","cand1026",0.469049694856146,2294
"1478","duvieilh, candice","cand170591",0.469026548672566,226
"1479","hurt, erik david","cand218871",0.468926553672316,177
"1480","torres, john paul","cand174452",0.468599033816425,207
"1481","donaldson, scott","cand145537",0.468599033816425,207
"1482","rittereiser, jason","cand141727",0.46858566288403,3613
"1483","hoadley, jon","cand148330",0.468545941123996,28025
"1484","thomas, reginald leonard reggie","cand125139",0.468023255813953,344
"1485","pulido, bobby","cand173388",0.467986977753662,3686
"1486","linh, nina","cand164856",0.467625899280576,139
"1487","hodge, tessa lynn","cand164823",0.467248908296943,229
"1488","jackson, jesse l. jr","cand1422",0.467191601049869,381
"1489","leeder, virginia louise","cand141223",0.466966966966967,666
"1490","santos, lorenzo juan","cand220009",0.466887417218543,302
"1491","pusczek, amanda noelle","cand164547",0.466666666666667,135
"1492","kohl, dan","cand141277",0.466633630657417,6054
"1493","aguilar, ylenia","cand218225",0.46652719665272,478
"1494","robertson, annabelle","cand144198",0.466501240694789,403
"1495","williams, kathleen","cand142552",0.466351939276127,86424
"1496","cobb, tedra lynne","cand141189",0.466011875034682,144168
"1497","solis, hilda","cand172658",0.465863453815261,249
"1498","sanchez, jana lynne","cand140039",0.465697484482195,6122
"1499","horn, kendra","cand141204",0.465573088981656,57731
"1500","harris, clemmie l","cand219429",0.464953271028037,428
"1501","ram hinsdale, kesha","cand213271",0.464864864864865,2035
"1502","orts, eric","cand216225",0.464673913043478,736
"1503","quick, laura","cand145402",0.464566929133858,127
"1504","hastings, alcee l","cand1276",0.464544138929088,1382
"1505","polack, roger","cand153919",0.464423935695147,6718
"1506","constant, christopher","cand210621",0.464347826086957,575
"1507","ring, lisa m","cand141100",0.46425444995623,3427
"1508","riggs amico, sarah","cand150183",0.46410203661798,4861
"1509","lasher, micah charles","cand173148",0.463128876636802,1451
"1510","lewis, chantia","cand216343",0.462857142857143,175
"1511","dickinson, gerald","cand148389",0.462746600268148,5221
"1512","oakley, imani raine","cand212312",0.462597374879949,9371
"1513","garrett, janet patricia","cand191215",0.46218487394958,6902
"1514","low, evan","cand218324",0.461869313482217,6045
"1515","palmer, david","cand211587",0.461661341853035,1252
"1516","mcginn, randi","cand155901",0.461538461538462,182
"1517","rosen gonzalez, kristen","cand140587",0.461313868613139,685
"1518","davis, morris d","cand153308",0.461298461705418,36859
"1519","hickenlooper, john w","cand150542",0.461221215300297,858833
"1520","meeks, gregory w","cand1501",0.460805084745763,3776
"1521","lombard, laura","cand151825",0.460529986052999,3585
"1522","summerlin, sadi","cand218917",0.46039603960396,202
"1523","bollinger, jason","cand216169",0.459724950884086,509
"1524","kahele, kaiali i","cand157001",0.458655910480775,15371
"1525","hollier, adam","cand125723",0.458378613344925,4601
"1526","jaye, brian steven","cand155893",0.458333333333333,456
"1527","brady, robert a","cand1502",0.458333333333333,144
"1528","cheney, jamie","cand212519",0.458157227387997,1183
"1529","lucero, rob","cand167659",0.457627118644068,118
"1530","cauvin, jean louis mr.","cand175631",0.457446808510638,1128
"1531","chatzky, peter","cand168282",0.457067371202114,757
"1532","wolff, denny","cand142732",0.456656346749226,646
"1533","iovino, pamela m pam","cand141682",0.456521739130435,138
"1534","burnette, eric","cand142610",0.456521739130435,138
"1535","raybould, jane michele","cand141993",0.455654507746737,16394
"1536","bowman, jamaal","cand149459",0.4555588861555,193492
"1537","dowell, patricia r","cand211520",0.454764776839566,829
"1538","ramsey, andrea","cand141137",0.454675231977159,1401
"1539","parrish, bernard kyle","cand212159",0.454545454545455,253
"1540","friedenberg, marc","cand142728",0.453914767096135,1009
"1541","rasmussen, dawn","cand173252",0.453846153846154,130
"1542","collins, wilmot james","cand149078",0.453832613218115,6249
"1543","alfonso, joseph","cand211875",0.453752181500873,573
"1544","grossman, rebecca walker","cand153094",0.453314821242624,2881
"1545","grissom, barry","cand150189",0.453250773993808,1615
"1546","harrison, jaime","cand159337",0.453094293953061,3083676
"1547","snow, salem","cand153588",0.453053184504268,1523
"1548","shamel, hayden catherine","cand142381",0.452653485952133,961
"1549","l italien, barbara","cand142511",0.452316890881913,3345
"1550","kopser, joseph","cand141229",0.452109102442119,12612
"1551","marshall, jennifer","cand139813",0.452040085898354,2794
"1552","greimel, tim","cand125781",0.451946771808773,2029
"1553","zwahlen, sue","cand141913",0.451428571428571,175
"1554","nolley, paul","cand164933",0.45125348189415,359
"1555","todd, ian andrew","cand141154",0.451219512195122,820
"1556","smith, loretta","cand212718",0.451059535822402,991
"1557","norcross, donald w","cand186706",0.45087353742587,6239
"1558","herrera, jordan","cand171488",0.450617283950617,162
"1559","jackson, jonathan","cand157246",0.450569203115638,1669
"1560","barrios, dan f.","cand180051",0.449664429530201,149
"1561","mason, jessica","cand155917",0.449606450374352,5209
"1562","chapin, doug","cand170055",0.449579831932773,238
"1563","lopez, raymond anthony","cand143164",0.44954128440367,218
"1564","hall, mel","cand142478",0.449432404540764,1938
"1565","bottcher, erik","cand174525",0.449132947976879,1730
"1566","serna, marco","cand148983",0.448663853727145,711
"1567","richardson, jennifer","cand153186",0.448498845265589,2165
"1568","turner, hilary","cand150481",0.448480845442536,1514
"1569","snyder, gary","cand211644",0.448405253283302,1066
"1570","gardner, kiani a","cand149814",0.448398576512456,562
"1571","costa, jim","cand924",0.44777397260274,3504
"1572","simon, lateefah","cand218305",0.447692472427455,9339
"1573","feig, anthony dean","cand149921",0.447415329768271,561
"1574","james, natalie","cand215735",0.447343895619758,2146
"1575","bartlett, john","cand141642",0.446570972886762,627
"1576","hodgson, abbie","cand149901",0.445925925925926,675
"1577","sneed, andrew rankin guyton","cand164551",0.445804195804196,572
"1578","hulings, jay","cand141959",0.445672191528545,1629
"1579","street, sharif","cand169727",0.445414847161572,687
"1580","albro, catherine","cand142525",0.445390070921986,705
"1581","kelly, robin","cand193438",0.445361171914464,5939
"1582","manzur, karishma","cand173654",0.445333333333333,750
"1583","rivera lassen, ana irma","cand219618",0.445255474452555,137
"1584","fulford, robin dawn","cand212932",0.445058317986495,1629
"1585","yarmuth, john a","cand987",0.444921316165951,1398
"1586","wachspress, debbie","cand150008",0.444847605224964,1378
"1587","bryce, randy","cand128075",0.444546466475504,194947
"1588","hurtado, melissa","cand151560",0.444444444444444,171
"1589","johnston, michael c","cand159295",0.444372406639004,7712
"1590","mahony, josh","cand141051",0.443977591036415,714
"1591","bubser, christine","cand148267",0.443722064201544,9844
"1592","crary, james jim","cand137622",0.443535188216039,611
"1593","kennedy, timothy","cand219439",0.443527080581242,3028
"1594","jordan, paulette","cand154494",0.443342360272766,30649
"1595","watson, liz","cand141599",0.44284067130717,23417
"1596","cullop, benjamin niel","cand141263",0.442371020856202,911
"1597","vanostran, cort","cand141623",0.442107240116443,10649
"1598","johnson, queen","cand212448",0.441860465116279,387
"1599","nichols, jason","cand142608",0.441860465116279,129
"1600","branco, patrick pihana","cand167997",0.441696113074205,283
"1601","bourdeaux, carolyn","cand141084",0.441074007987085,11769
"1602","davis, danny k","cand1443",0.440873256519102,1649
"1603","esrati, david","cand55980",0.440677966101695,177
"1604","gideon, sara","cand125474",0.440582748386489,1188712
"1605","thompson, bennie g","cand1307",0.440116845180136,3081
"1606","savoie, tammy marie","cand145835",0.44010152284264,1970
"1607","martinez, damon p","cand141644",0.440030557677617,1309
"1608","bateson, regina","cand140527",0.440025120368432,4777
"1609","robinson, shanel y","cand175688",0.44,200
"1610","clark, mike","cand134920",0.438746438746439,351
"1611","bean, lydia","cand201766",0.43854748603352,358
"1612","baria, david wayne","cand144905",0.438461538461538,5070
"1613","jones, emanuel","cand216385",0.438144329896907,194
"1614","welle, josh","cand142571",0.438035408338093,5253
"1615","patel, darshan","cand212367",0.43801652892562,242
"1616","caruso cabrera, michelle","cand153453",0.437878787878788,7920
"1617","miller, aruna","cand140635",0.436974789915966,2618
"1618","turner, sylvester","cand156874",0.43652561247216,449
"1619","messenger, anne","cand141670",0.436440677966102,236
"1620","bell, robert christopher","cand154614",0.43640350877193,912
"1621","christophe, sandra","cand148322",0.43609022556391,399
"1622","darling, katie darling","cand211728",0.436052921719956,1814
"1623","kamlager, sydney","cand157249",0.435930735930736,2310
"1624","sanchez, tim","cand218307",0.435736677115987,319
"1625","backemeyer, christopher","cand175550",0.43520782396088,409
"1626","canepa, david","cand210866",0.434708875070661,1769
"1627","nixon, angela","cand182673",0.434650455927052,658
"1628","duncan, john wesley","cand140040",0.434571890145396,619
"1629","mcfadden, elliott james","cand140752",0.434547908232119,741
"1630","kinter, marialana","cand167667",0.434426229508197,610
"1631","richardson, erik","cand219106",0.434285714285714,175
"1632","glines, allen brent","cand216266",0.434146341463415,205
"1633","talarico, james","cand173662",0.433869531399714,266133
"1634","hanke, eric","cand150045",0.433862433862434,189
"1635","phifer, leah","cand142539",0.433333333333333,450
"1636","manno, roger","cand141607",0.433085501858736,538
"1637","brown, david wilson","cand141636",0.432872253864931,1229
"1638","bush, cori","cand140651",0.432430368006111,183285
"1639","samuels, e benjamin","cand212017",0.43240284619595,1827
"1640","jackson, jeff","cand187055",0.432309069863941,91578
"1641","chu, judy","cand1082",0.432284349536387,7118
"1642","jawando, will","cand104078",0.432083333333333,2400
"1643","d alessandro, pete","cand141923",0.43035631652013,6483
"1644","montoya, laura","cand149958",0.430232558139535,172
"1645","bredesen, philip","cand143391",0.429634070521361,45036
"1646","lipton, ellen","cand143670",0.428844926611359,1567
"1647","munroe, michelle","cand211384",0.428571428571429,168
"1648","ferguson, andrew","cand152928",0.428571428571429,105
"1649","meng, grace","cand43796",0.428364987613543,9688
"1650","suddarth, john","cand142806",0.427672955974843,159
"1651","heckroth, thomas","cand141575",0.427531837477259,1649
"1652","kocen, stephen martin","cand212925",0.42741935483871,248
"1653","beatty, joyce","cand44057",0.42734375,6400
"1654","hutchison, evan hale","cand219391",0.427272727272727,330
"1655","marks, william james","cand167718",0.427184466019417,309
"1656","gentle, adam","cand165708",0.427046263345196,562
"1657","butterfield, george k","cand906",0.426339285714286,896
"1658","kunkel, catherine","cand150073",0.426168482007445,7253
"1659","salerno, lillian","cand142798",0.425822784810127,1975
"1660","mitchell, danielle","cand141215",0.425742574257426,1111
"1661","thurston, perry","cand211309",0.424908424908425,273
"1662","harper, frank eugene hill","cand223395",0.424583089136342,18769
"1663","seikaly, helane lulu sawsan","cand153674",0.424482176193439,11249
"1664","mckinley, douglas e jr","cand138576",0.424137931034483,870
"1665","kreibich, arati","cand149952",0.424077964519141,17136
"1666","ladjevardian, sima jandaghi","cand153672",0.423626441010547,32616
"1667","ortega, michael","cand211022",0.423620025673941,779
"1668","tims, desiree","cand153515",0.423616353450673,25169
"1669","chang, mark","cand218961",0.423469387755102,196
"1670","morrison, curtis","cand164864",0.423076923076923,234
"1671","maldonado, michelle ann elizabeth","cand219956",0.422924901185771,506
"1672","gomez, georgette","cand150383",0.422157434402332,13720
"1673","sedillo lopez, antoinette","cand140670",0.422109207708779,3736
"1674","taitano, kylie","cand211046",0.42191435768262,794
"1675","holloway, lashonda","cand134682",0.421841541755889,467
"1676","auchincloss, jake","cand153097",0.42124394184168,9904
"1677","dinicola, ronald a","cand48463",0.420437057556171,6498
"1678","tarver, edward j","cand154481",0.420273348519362,878
"1679","hale, christina","cand124863",0.418777996774772,27905
"1680","butler, jason","cand149941",0.41871921182266,203
"1681","palzewicz, tom","cand141968",0.418676900584795,5472
"1682","sleister, nicolaus","cand154660",0.418604651162791,172
"1683","smith, carlton elliott","cand141157",0.418604651162791,258
"1684","shearer, alaina","cand153523",0.418326311757947,10444
"1685","trahan, lori","cand142501",0.418137340555653,11446
"1686","thornton, dierdre","cand144054",0.4179548156956,1682
"1687","torres ray, patricia","cand146300",0.417910447761194,201
"1688","wendt, nathan","cand154641",0.417721518987342,158
"1689","methvin, mimi","cand145492",0.4171875,640
"1690","lajeunesse, ross","cand154531",0.416576964477933,929
"1691","wallace, henry scott","cand144183",0.415827933268992,7253
"1692","lewis, jonathan","cand144731",0.415770609318996,279
"1693","abolfazli, maryam","cand219698",0.41573994867408,2338
"1694","bowman, raleigh","cand155881",0.415625,320
"1695","simmons, lindsey nicole","cand153250",0.415221579961464,1038
"1696","parelkar, lois anne elizabeth lea","cand171578",0.415094339622642,106
"1697","wilkins, becky anderson","cand141583",0.414965986394558,1470
"1698","holzhauer, hava","cand211343",0.414847161572052,458
"1699","mitsch bush, diane","cand141078",0.414524935082229,60076
"1700","garcia, cristina","cand123185",0.414438502673797,748
"1701","tran, mai khanh","cand141068",0.414094509696804,3661
"1702","fore, jessica allison","cand211440",0.413953488372093,215
"1703","campagna, sheryl francys","cand142464",0.413793103448276,174
"1704","dodge, danelle","cand211215",0.413612565445026,191
"1705","higginbotham, f michael","cand153140",0.413461538461538,104
"1706","rodriguez, eduardo r","cand213146",0.41320293398533,1227
"1707","andrews, naomi","cand145873",0.41304347826087,184
"1708","pyati, nick","cand170035",0.412820512820513,390
"1709","whitley, rebecca g","cand219228",0.412776412776413,407
"1710","mangone, kim","cand149423",0.412676807622271,54367
"1711","timmons goodson, patricia","cand153298",0.412499835216262,75857
"1712","gashi, vedat","cand192937",0.412371134020619,873
"1713","daugherty, kimberly marie","cand150061",0.412280701754386,114
"1714","mccallian, randi mccallian","cand212057",0.411829134720701,1826
"1715","christensen, adam j","cand152793",0.411600357621815,8948
"1716","enoch, vanessa l","cand144154",0.411476213830309,2039
"1717","love, leslie n","cand223391",0.411214953271028,107
"1718","hughes, sarah","cand219377",0.411214953271028,107
"1719","andrews, naomi","cand212674",0.410852713178295,129
"1720","misso, roger","cand148375",0.410269445856634,1967
"1721","rogers, michael","cand218957",0.410169491525424,590
"1722","tillemann, levi","cand141550",0.410094637223975,951
"1723","ben david, merav","cand154637",0.410090613178499,22734
"1724","vice, mitchell kent","cand141784",0.40983606557377,183
"1725","kaple, bobby","cand142458",0.409691629955947,681
"1726","lawrence, william","cand172831",0.409674981103553,1323
"1727","young, eugene robert jr","cand218575",0.409667194928685,1262
"1728","kelly, jacquelyn odessa","cand212880",0.409574978413125,20846
"1729","rabb, christopher m.","cand170622",0.40954415954416,1404
"1730","perez williams, juanita","cand145383",0.40948275862069,232
"1731","leon, bruce","cand169704",0.409090909090909,110
"1732","morin, william c iii","cand144199",0.409090909090909,110
"1733","tanoos, william","cand141598",0.408888888888889,225
"1734","allen, kathryn","cand140770",0.408425607738323,7857
"1735","williams, celeste sarene","cand149818",0.408126573175117,8343
"1736","olsen, robert dean","cand145465",0.407766990291262,103
"1737","niermann, tom","cand141138",0.407720588235294,2720
"1738","tritch, courtney","cand141129",0.407601900475119,3999
"1739","franklin, margaret","cand219922",0.407319952774498,847
"1740","martin, ernest yorihiko","cand144026",0.407272727272727,275
"1741","gray, terence r i","cand211231",0.406911928651059,897
"1742","hollowell, amanda","cand171450",0.406896551724138,145
"1743","bullock, steve","cand154543",0.406871009233313,870760
"1744","siegel, michael","cand143284",0.406805410649241,54633
"1745","harris, kamala d","cand143446",0.40637657255616,1108307
"1746","menefee, christian d","cand167493",0.406350914962325,1858
"1747","thompson, james a","cand151829",0.406270391200323,32183
"1748","gad, sarah","cand219074",0.40625,160
"1749","hill, tartisha a","cand212947",0.40625,128
"1750","espy, alphonso michael","cand145544",0.406040401081516,430137
"1751","phillips, mariah nicole","cand140729",0.405942757264584,4577
"1752","leitzel, dustin john","cand140826",0.405940594059406,101
"1753","liccardo, sam t","cand218322",0.405835543766578,4901
"1754","khot, neil","cand167683",0.405367231638418,708
"1755","stanford, ala dr.","cand174542",0.405286343612335,227
"1756","shanahan, whitney","cand218470",0.405172413793103,464
"1757","rodriguez, junius","cand138821",0.405027932960894,358
"1758","booker, charles","cand154508",0.404460532383983,301399
"1759","gonzales, julie","cand180198",0.404320987654321,972
"1760","hays, lauren","cand210718",0.404290429042904,606
"1761","osmack, mark","cand141624",0.403905447070915,973
"1762","galvin, alyse","cand143947",0.403571219312123,68268
"1763","carey, jan","cand212175",0.403409090909091,352
"1764","steury, paul","cand211636",0.403089887640449,712
"1765","de leon, kevin","cand142884",0.403064992614476,5416
"1766","jennings, adam thomas","cand141153",0.402985074626866,134
"1767","jones, doug","cand103327",0.402493785129373,1327059
"1768","campoverdi, alejandra","cand139796",0.40234375,2304
"1769","conway, mark steven mr. jr.","cand174447",0.402116402116402,189
"1770","young, shuwaski","cand212069",0.401970443349754,1015
"1771","sharief, barbara","cand155876",0.401913875598086,209
"1772","canales, judith ann","cand142789",0.401869158878505,107
"1773","brindisi, anthony","cand141191",0.401505008430031,80664
"1774","vogel, joseph","cand218984",0.401375316684763,2763
"1775","shein, dimitri","cand141041",0.401129943502825,177
"1776","grechen shirley, liubov","cand144142",0.400952008346375,15336
"1777","owens, michael","cand143222",0.400441257584115,1813
"1778","vigue, austin","cand213395",0.4,120
"1779","acevedo vila, anibal","cand56399",0.4,505
"1780","griggs, joyce","cand152898",0.4,675
"1781","dillard smith, maya","cand154474",0.4,185
"1782","lafazan, joshua","cand212428",0.399944873208379,3628
"1783","mcadams, ben","cand142805",0.399175527816304,51912
"1784","salter, carolyn","cand153684",0.399079552925707,1521
"1785","fletcher, elizabeth pannill","cand140742",0.3981666941584,84874
"1786","lewis, jazz","cand175714",0.398040961709706,1123
"1787","morganelli, john","cand101995",0.397905759162304,191
"1788","kaiman, jon","cand137582",0.397435897435897,858
"1789","mccall, joshua braxton","cand141106",0.397202797202797,715
"1790","johnson, eddie bernice","cand1556",0.396969696969697,330
"1791","morales, eduardo","cand219538",0.396614268440145,1654
"1792","williams, steve","cand141734",0.396396396396396,111
"1793","adams, denise darcel","cand140658",0.396190476190476,1050
"1794","d arrigo, melanie","cand149972",0.396157709693621,7964
"1795","ruff, andy","cand153061",0.396035242290749,2270
"1796","young, geoffrey m","cand127911",0.394886363636364,352
"1797","weston, john kael","cand153837",0.394679695982628,1842
"1798","hagan, mallory","cand143953",0.394465290806754,4264
"1799","scott, attica woodson","cand211699",0.3940625,3200
"1800","applefield, david","cand148351",0.393939393939394,198
"1801","anderson, elizabeth","cand218188",0.393880208333333,1536
"1802","wineinger, merrilee","cand144803",0.39344262295082,122
"1803","barnett, kali","cand149900",0.393149171270718,4525
"1804","beals, jeffrey","cand141185",0.392513909964593,1977
"1805","wilson, dave","cand153895",0.39218009478673,844
"1806","broyles, abby","cand154574",0.392125526659887,41298
"1807","schroder, kate","cand149999",0.39151041450131,24053
"1808","russell, ken","cand142452",0.391336270190896,2724
"1809","hatcher, phyllis d","cand211433",0.391304347826087,115
"1810","kennedy, james","cand149262",0.391304347826087,989
"1811","friedman, jason","cand164919",0.390677025527192,901
"1812","love, john benard iii","cand154612",0.390625,768
"1813","coldiron, chip winter","cand153031",0.390481064483112,1954
"1814","blomquist, kyle","cand171480",0.39031339031339,351
"1815","mandelblatt, lisa","cand140667",0.390300230946882,1299
"1816","soto, darren","cand32865",0.390010818608006,5546
"1817","watson, thomas w","cand153761",0.389570552147239,326
"1818","blaha, dylan thomas","cand164925",0.38936170212766,940
"1819","kitchen, derek","cand180093",0.389344262295082,244
"1820","boroughs, adair ford","cand148391",0.389172433227917,31937
"1821","ramos debarros, brittany","cand212477",0.388819310030741,8783
"1822","heenan, john","cand141629",0.388197211155378,4016
"1823","dalsimer, ally","cand213263",0.388014981273408,1335
"1824","white, robert c. jr.","cand174386",0.387784090909091,704
"1825","godfrey, darryl","cand219284",0.387596899224806,129
"1826","moser, laura","cand140739",0.387587822014052,16226
"1827","stover, lindsey davis","cand140781",0.387544802867384,2232
"1828","lynch, blake","cand219583",0.386363636363636,308
"1829","rivas, luz","cand161750",0.386363636363636,1232
"1830","grimes, demetries a","cand144018",0.386363636363636,396
"1831","jammal, samir","cand141534",0.386163878650411,3527
"1832","kalloch, andrew","cand212702",0.386029411764706,544
"1833","matos, sabina","cand219624",0.385899814471243,539
"1834","wallace, cynthia","cand153300",0.385559566787004,6925
"1835","rubando, nick","cand149000",0.385396201702685,3054
"1836","kerr, andrew steven","cand140577",0.385057471264368,522
"1837","reddick, rachel","cand142729",0.384981491274458,1891
"1838","olsen, travis","cand153671",0.384615384615385,143
"1839","reed, raymond","cand212016",0.384444444444444,450
"1840","oliver, julie lynn","cand143320",0.38399617982127,43977
"1841","keohokalole, jarrett","cand171454",0.383442265795207,459
"1842","schleifer, adam","cand153471",0.383270911360799,801
"1843","bedell, carl","cand219929",0.383177570093458,214
"1844","pallone, frank jr","cand766",0.383165467625899,6950
"1845","greenfield, theresa a","cand141112",0.383027968106118,1025275
"1846","cohen, jeff","cand172743",0.3828125,256
"1847","dodds, philip benjamin","cand41366",0.382775119617225,209
"1848","wilson, mary e","cand140754",0.382716049382716,405
"1849","barnhart, rachel","cand145518",0.382671480144404,277
"1850","burnes, ellen","cand148547",0.382608695652174,115
"1851","hardy, omari","cand165484",0.382352941176471,204
"1852","franco, ricardo jose","cand141063",0.382045929018789,479
"1853","serrano, jose m","cand1222",0.381642512077295,207
"1854","halbleib, conor","cand211715",0.380597014925373,134
"1855","bores, alexander","cand174526",0.3805862566074,2081
"1856","omere, iroghama c","cand212941",0.380239520958084,334
"1857","huffman, jeffrey scott","cand144114",0.380146710837672,8452
"1858","everhard, janet","cand139779",0.379710144927536,345
"1859","owensby, alexandra","cand149443",0.379626596790043,3053
"1860","strickler, matt","cand176290",0.379310344827586,493
"1861","murphy, carol","cand190996",0.379310344827586,290
"1862","harper, james","cand134514",0.379152348224513,873
"1863","zalesne, kinney","cand169983",0.379061371841155,554
"1864","suprun, christopher","cand145924",0.378947368421053,190
"1865","garza, rochelle","cand213134",0.378874856486797,871
"1866","jewett, lauren","cand171477",0.378723404255319,235
"1867","matthews, krystle","cand216246",0.378509719222462,1852
"1868","swearengin, paula joan","cand140868",0.378331556503198,67536
"1869","cano, fernando christian jr","cand134788",0.378151260504202,119
"1870","imam, donna","cand150044",0.377345557364408,23342
"1871","canning, doyle","cand149295",0.37724358974359,3120
"1872","gill, david","cand142016",0.37706043956044,2912
"1873","bryant, shelia","cand149446",0.376947040498442,321
"1874","robinson, roger david jr","cand219653",0.376518218623482,247
"1875","habersham, richard parnell","cand148367",0.376518218623482,247
"1876","bizon, kimberly ann","cand144098",0.37633525061627,1217
"1877","wallace, litesa","cand211615",0.376230661040788,1422
"1878","street, sharif","cand101553",0.376201923076923,832
"1879","kulkarni, sri preston","cand144231",0.376110331930809,29946
"1880","montgomery, chalis pomeroy","cand141571",0.376010781671159,742
"1881","fields, cleo","cand1293",0.375857338820302,729
"1882","watkins, richard lee iii","cand141634",0.375796178343949,157
"1883","norris, jackie","cand171574",0.375328083989501,381
"1884","gill, brendan w","cand175567",0.375262054507338,477
"1885","romley, ken","cand142554",0.37467018469657,379
"1886","fudge, marcia l","cand1068",0.37447168216399,1183
"1887","wilson, jenny","cand141783",0.374414472621547,6191
"1888","nelson, kimberly","cand150019",0.373840445269017,2156
"1889","swann, christopher alexander","cand223672",0.373831775700935,107
"1890","dolan, martin william","cand219406",0.373759647188534,907
"1891","harbaugh, kenneth","cand141199",0.373756566446854,8947
"1892","cunningham, cal","cand103877",0.37368927773997,878714
"1893","cephas, morgan","cand173267",0.373514431239389,589
"1894","wiener, scott","cand169745",0.372825730226452,3047
"1895","allen, mary theresa","cand171474",0.372822299651568,574
"1896","carlson, kristen","cand145828",0.372661122661123,7696
"1897","reel, matt","cand144208",0.372641509433962,424
"1898","berbrick, walter","cand219634",0.372549019607843,153
"1899","o rourke, robert beto","cand140862",0.372389129500698,1051948
"1900","schmid, stephanie","cand150427",0.372254656658326,3597
"1901","sagan, gregory t","cand141225",0.372246696035242,454
"1902","amo, gabriel f","cand219633",0.371724137931034,2900
"1903","blair, john","cand149961",0.37153024911032,2810
"1904","woody, elgin iv","cand218885",0.371327849588719,851
"1905","crowe, derrick chad","cand140751",0.371320754716981,3975
"1906","cunningham, angela","cand153918",0.371134020618557,194
"1907","morgenthau, sarah","cand212810",0.371002132196162,938
"1908","barrett, dana","cand152931",0.370918984280532,3308
"1909","parson, rebecca","cand153898",0.370564640543042,16205
"1910","jones, jolanda","cand169093",0.369477911646586,249
"1911","olivo, christine alexandria 1983","cand147687",0.369166229680126,1907
"1912","jakious, rick","cand174442",0.369098712446352,233
"1913","baxter, ralph","cand141969",0.369085173501577,317
"1914","menendez, robert j","cand157267",0.369007803790412,3588
"1915","perelman, jennifer pilchick","cand149876",0.368155105179327,18207
"1916","feehan, daniel","cand141149",0.367987999911764,45333
"1917","aazami, shervin","cand210948",0.367819843342037,3064
"1918","delaney, john k","cand42611",0.367241379310345,2320
"1919","neal, rick","cand141674",0.367107942973523,3928
"1920","duranceau, elsa","cand220030",0.36697247706422,109
"1921","sherman, howard","cand144903",0.36697247706422,218
"1922","cherfilus mccormick, sheila","cand145829",0.366918103448276,1856
"1923","ahuja, christopher","cand218414",0.366818873668189,657
"1924","correa, jose luis lou","cand103307",0.366586123576113,2897
"1925","flores, marc","cand148398",0.366492146596859,191
"1926","cabrera, fernando","cand153452",0.366255144032922,243
"1927","walker, kimberly h","cand134696",0.366251198465964,1043
"1928","floyd, jami","cand174527",0.366153846153846,325
"1929","harper, morgan","cand150000",0.365689865689866,26208
"1930","cheek, jamie","cand150607",0.365530303030303,528
"1931","freeland, jillian","cand148293",0.365269461077844,1169
"1932","conyears ervin, melissa","cand218785",0.365234375,1024
"1933","thompson, charles","cand213039",0.365168539325843,178
"1934","mcquilken, angus","cand153107",0.365056818181818,704
"1935","stuckart, ben","cand139820",0.364667747163695,617
"1936","lee, daniel","cand162385",0.36435124508519,763
"1937","matta, tatiana","cand141531",0.36431784107946,667
"1938","bhatia, nikhil","cand218787",0.364312267657993,269
"1939","thomas, kathi","cand110928",0.364238410596026,453
"1940","call, jason","cand150066",0.36405057523636,8779
"1941","higgins, brian","cand942",0.363669590643275,2736
"1942","greene scott, marquette","cand219781",0.363636363636364,605
"1943","rodriguez, jose javier","cand141097",0.363636363636364,440
"1944","tzintzun ramirez, cristina","cand150230",0.363505194305502,10396
"1945","katzenmeyer, jessica","cand206089",0.363344051446945,311
"1946","fox, joy","cand212804",0.363240418118467,1148
"1947","sherman, carl oscar sr","cand201705",0.363128491620112,358
"1948","armitage, christopher","cand149305",0.362873814733771,2742
"1949","judson, mark","cand149943",0.362637362637363,182
"1950","portantino, anthony","cand218386",0.362244897959184,980
"1951","min, david","cand140558",0.361913696060038,5330
"1952","nembhard, travis","cand219950",0.361797752808989,445
"1953","young, tammy","cand153806",0.361797752808989,445
"1954","capuano, michael e","cand1523",0.361506276150628,1195
"1955","litton, todd catlett","cand140731",0.361451814768461,3995
"1956","gallant, rick","cand141194",0.361344537815126,119
"1957","cole, marqus a","cand156995",0.361323155216285,393
"1958","mcguigan, john david","cand154658",0.361290322580645,155
"1959","cohn, joseph","cand219248",0.361233480176211,227
"1960","sreepada, kiran","cand153663",0.361066235864297,1238
"1961","boykin, richard","cand170032",0.360902255639098,133
"1962","griffie, michael","cand211921",0.360544217687075,588
"1963","cash, tambrei","cand218746",0.360225140712946,1599
"1964","peterson, collin clark","cand1215",0.36001100110011,3636
"1965","levario, miguel antonio","cand141708",0.359918200408998,489
"1966","mann, christine eady","cand140759",0.35976827806632,5006
"1967","meier, edward","cand140764",0.359562841530055,2745
"1968","sayles, laurie anne","cand218992",0.358916478555305,443
"1969","sanchez, william","cand215850",0.358895705521472,326
"1970","kurani, shrina","cand211004",0.358641975308642,1620
"1971","polan, sam","cand172740",0.358620689655172,145
"1972","pacheco, edwin","cand212802",0.358024691358025,162
"1973","newby, joel iii","cand153534",0.357340720221607,1805
"1974","gentles, karl e","cand152613",0.357073170731707,1025
"1975","tager, robert matthew","cand138166",0.356521739130435,230
"1976","roberson, portia","cand211929",0.356466876971609,1268
"1977","goodrich, grant","cand144758",0.356435643564356,101
"1978","fenenbock, dori","cand141226",0.356382978723404,376
"1979","kelly, brendan","cand141585",0.3563030029907,24409
"1980","johnson, francys","cand144022",0.356143079315708,643
"1981","koh, daniel arrigg","cand141930",0.356064004785405,6687
"1982","hinson, yvonne hayes","cand142439",0.355704697986577,298
"1983","rosenblum, howard","cand169024",0.355555555555556,360
"1984","turner, nina","cand44155",0.355410142556672,42790
"1985","baake, david","cand141179",0.355,400
"1986","bradshaw, marquita","cand156499",0.354768265275834,47166
"1987","chin, doug","cand143147",0.354651162790698,688
"1988","tilley, tiffany","cand181278",0.354466858789625,347
"1989","pureval, aftab","cand144734",0.354434437001186,31199
"1990","melvoin, nick","cand218381",0.354144620811288,2835
"1991","ufford, don","cand172841",0.354014598540146,822
"1992","friedman, alison","cand141265",0.353530950305144,2294
"1993","hunter, christopher j","cand143658",0.353257621040048,1673
"1994","carlucci, david","cand153466",0.352765321375187,669
"1995","hafif, gregory keith","cand218404",0.352380952380952,105
"1996","kline, danner","cand140511",0.352132049518569,727
"1997","radaker sheafer, kristen","cand212054",0.351620947630923,401
"1998","howe, robert alan","cand140706",0.3515625,128
"1999","woodsmall, steve","cand144119",0.350904799370574,1271
"2000","alonso leon, teresa","cand196418",0.350282485875706,354
"2001","collins, kina isis","cand148958",0.350164654226125,14576
"2002","girl, maebe a","cand149838",0.349360705924725,5553
"2003","olikara, steven","cand216336",0.349030470914127,1805
"2004","hegar, mary jennings mj","cand141239",0.348754502697486,786473
"2005","scott, george","cand141205",0.348696571160169,17032
"2006","spaulding, stephany rose","cand141080",0.348515864892528,3908
"2007","anderson, terell","cand210679",0.348484848484849,132
"2008","islam, nabilah aishah","cand156996",0.348014888337469,11284
"2009","williams, angela","cand150180",0.347972972972973,296
"2010","steele, dayna","cand140768",0.347791378392762,3758
"2011","horowitz, zurit zuriel","cand168228",0.347305389221557,167
"2012","rading, ajwang","cand210886",0.347272727272727,550
"2013","moro, elizabeth","cand140703",0.347107438016529,121
"2014","blair, everton","cand167671",0.347036839295248,1873
"2015","lunkenheimer, ashley","cand144181",0.347003154574132,951
"2016","calderon, marisa","cand152740",0.346666666666667,300
"2017","thripp, richard","cand152810",0.345890410958904,292
"2018","baca oehlert, amie","cand169006",0.345799769850403,1738
"2019","youngblood, tanzie","cand141640",0.345454545454545,1100
"2020","ridley, mikayla","cand212532",0.345323741007194,139
"2021","hodges, monte","cand122861",0.345070422535211,284
"2022","harris, diop jermaine mr ii","cand165001",0.345,200
"2023","hogg, jon mark","cand150454",0.34435261707989,1089
"2024","volosin, peter","cand141966",0.344165435745938,677
"2025","karr, gregory blane","cand212822",0.344155844155844,154
"2026","almonord, valbrun","cand152901",0.344040574809806,1183
"2027","van ausdal, kevin","cand152947",0.34380664652568,3310
"2028","sergent, talley","cand141731",0.343624161073825,1490
"2029","sanders, levi","cand144711",0.343511450381679,131
"2030","rowe, christopher lee","cand157086",0.343373493975904,332
"2031","lester, richard kent","cand141238",0.343195266272189,169
"2032","peterson, karen carter","cand155886",0.342881213142376,1187
"2033","tinubu, gloria bromell","cand148559",0.342857142857143,210
"2034","reyes, victor","cand212347",0.342696629213483,178
"2035","campos medina, patricia","cand223471",0.342560553633218,578
"2036","gasper, theresa","cand144156",0.342243378493836,8193
"2037","mermell, jesse","cand153096",0.342224134222413,4649
"2038","krantz, catherine","cand142768",0.341968911917098,193
"2039","fajans turner, vanessa","cand212533",0.341356673960613,457
"2040","reynoso, antonio","cand179424",0.341333333333333,375
"2041","holcomb, murray a","cand149470",0.341317365269461,167
"2042","cole, erin","cand141672",0.341121495327103,214
"2043","glassman, mary","cand145482",0.341113105924596,557
"2044","upchurch, john nehring","cand144006",0.341040462427746,173
"2045","espaillat, adriano","cand85184",0.340944017563117,4555
"2046","nelson, patrick f","cand140499",0.340865074241446,1549
"2047","jones, brenda","cand144102",0.340718105423988,1309
"2048","bracy, napoleon","cand157205",0.340551181102362,508
"2049","cavell, david f","cand153098",0.339936102236422,1565
"2050","scholten, james d","cand141577",0.339835667075155,99554
"2051","osorio, bryan","cand162457",0.339650145772595,1372
"2052","hutcheson, shannon","cand149310",0.339440203562341,1965
"2053","mallard, karen powers","cand142808",0.339393939393939,330
"2054","lindquist, mark j","cand211991",0.339285714285714,112
"2055","zahradka, tawnja","cand153237",0.339152119700748,802
"2056","doss, nathaniel iii","cand212866",0.338983050847458,118
"2057","coghill, morgan","cand168260",0.338607594936709,316
"2058","johnson hostler, monika","cand149942",0.338563170933113,1211
"2059","wilt, robin","cand145517",0.338535414165666,833
"2060","paschen, john joseph","cand142466",0.337748344370861,453
"2061","edwards, greg","cand142736",0.337650905432596,7952
"2062","mcleod, donna theresa","cand211416",0.337539432176656,317
"2063","bray, diana","cand148544",0.337264150943396,424
"2064","dominguez, juan","cand218963",0.337099811676083,531
"2065","bynoe, siela","cand212433",0.336898395721925,187
"2066","iannuzzi, carol higbee","cand157106",0.336727766463001,1473
"2067","fallick wang, katrina","cand219893",0.336448598130841,107
"2068","swanson, victor","cand140616",0.336448598130841,856
"2069","bowers, rhetta","cand201584",0.336322869955157,223
"2070","reilly, steven m","cand119892",0.336134453781513,119
"2071","lenzi, raymond carl","cand152992",0.335691823899371,1272
"2072","schoolcraft, jamie daniel","cand145228",0.335616438356164,146
"2073","carson, andre","cand1021",0.335613510047029,4678
"2074","winfrey, adia mcclellan","cand144565",0.335347432024169,1324
"2075","philippe, jesse","cand149264",0.335164835164835,182
"2076","andrew, philip jerome","cand170034",0.33424408014572,1098
"2077","gagarin, melquiades","cand149975",0.333574529667149,1382
"2078","neal, richard e","cand788",0.333402403646913,4826
"2079","tate, tiffanie","cand168223",0.333333333333333,195
"2080","beydoun, nasser","cand223390",0.33307721859393,7809
"2081","holness, dale","cand211306",0.332635983263598,1434
"2082","thorpe, devin d","cand153840",0.332624867162593,941
"2083","aarestad, david","cand140574",0.332579185520362,442
"2084","harris, ron","cand219065",0.332233223322332,909
"2085","dittmer, mallory","cand173298",0.331818181818182,220
"2086","soto, rudy","cand152974",0.331652862801584,2777
"2087","tisdel, kyle j","cand149960",0.331230283911672,317
"2088","scott, david albert","cand166083",0.330485851575013,1873
"2089","bhalla, ravi","cand219268",0.329643721895538,2891
"2090","oatman, laura","cand140562",0.329439252336449,1284
"2091","tucker, terry","cand212934",0.327450980392157,510
"2092","bell, adam clr nation","cand134877",0.327433628318584,113
"2093","hopkins, william e jr","cand144796",0.327272727272727,165
"2094","zordani, jennifer","cand140606",0.327205882352941,272
"2095","peacock, julia","cand140556",0.327057557826789,1859
"2096","gonzalez, mark a","cand223573",0.326923076923077,104
"2097","oglesby, dennis","cand153246",0.325670498084291,261
"2098","edwards, amanda","cand150216",0.325226651316736,6949
"2099","bollier, barbara","cand154500",0.325056688553781,575072
"2100","enderlin, charles joseph jr","cand141102",0.325,280
"2101","horton, lauren kyle","cand141163",0.324705608021453,8577
"2102","kinniebrew, royce","cand219053",0.324675324675325,231
"2103","harris till, joshua b","cand193600",0.324031007751938,645
"2104","evans, charles","cand212160",0.323943661971831,142
"2105","richmond, cedric l","cand1128",0.323779193205945,942
"2106","carlson, don","cand219632",0.322834645669291,254
"2107","gay dagnogo, sherry j","cand125661",0.322033898305085,118
"2108","smith, christopher e","cand142530",0.321917808219178,292
"2109","supin, jeanne","cand149282",0.32183908045977,261
"2110","shin, irene","cand169111",0.321428571428571,112
"2111","lazer, rich","cand144766",0.321428571428571,280
"2112","flynn, brian","cand140680",0.321261682242991,1712
"2113","berg, matthew richard","cand213060",0.321100917431193,327
"2114","moyer, eric","cand153517",0.321052631578947,190
"2115","smith, daniel b jr","cand148387",0.32093023255814,215
"2116","ing, mark kaniela","cand124114",0.320488721804511,5320
"2117","fleenor, jessee carlton","cand146698",0.32,125
"2118","rowley, todd","cand153607",0.31988188976378,1016
"2119","searle, austin","cand156535",0.319587628865979,291
"2120","mohammad, neill","cand140619",0.319316688567674,761
"2121","roberts, sam","cand212534",0.319148936170213,329
"2122","stephens, john matthew","cand211642",0.319148936170213,329
"2123","beal, brent","cand141218",0.31859756097561,656
"2124","tran, jennifer","cand218308",0.317919075144509,692
"2125","spearman, patricia","cand123517",0.317507418397626,337
"2126","doyle, mike","cand1398",0.317315026697178,1311
"2127","billings, dylan","cand150214",0.317307692307692,104
"2128","lebrun, tia marie","cand211744",0.316742081447964,221
"2129","peters, brandon s","cand144613",0.316742081447964,221
"2130","randazza pade, joshua jerry","cand150069",0.316546762589928,556
"2131","lee lake, jeannine l","cand146694",0.316326530612245,490
"2132","janowicz, phil andrew","cand140553",0.316141356255969,1047
"2133","paglino, justin cobb dr md,","cand152774",0.316129032258064,155
"2134","duran, crisanta desirae","cand156972",0.316037735849057,848
"2135","scheinberg, aaron","cand141730",0.315539739027283,843
"2136","ellison, allen l","cand147718",0.315090938882517,6103
"2137","erdmann, jeff","cand141151",0.315025906735751,965
"2138","angel, angela","cand175635",0.314814814814815,270
"2139","welder, brent","cand141600",0.314536059312514,8902
"2140","neighbors, ricky allen","cand141044",0.314516129032258,868
"2141","raknerud, zachary","cand153323",0.314472252448313,919
"2142","geppert, katy","cand144692",0.314432989690722,194
"2143","goldstein, robbie","cand153110",0.314375987361769,4431
"2144","carter, troy a sr","cand42310",0.313362504207338,2971
"2145","wright, richard thomas","cand141620",0.313099041533546,313
"2146","clay, william lacy jr","cand867",0.312962962962963,540
"2147","kaul, krystle","cand219942",0.312731767614339,809
"2148","sundquist, edward a","cand141193",0.31264367816092,435
"2149","mckenna, chad","cand170056",0.3125,208
"2150","neahring, jennifer","cand144174",0.312217194570136,221
"2151","duenas, angelica maria","cand141066",0.312135059659812,7878
"2152","vilela, amy","cand141659",0.312025525360326,18178
"2153","cunningham, william","cand144125",0.311968235961429,1763
"2154","christie, jennifer","cand144055",0.311663479923518,523
"2155","rhodes, gareth thomas","cand140682",0.311486262826879,3021
"2156","weiss, guido","cand152868",0.310606060606061,132
"2157","sanchez, joseph louis","cand148357",0.310541310541311,351
"2158","learned, andrew","cand141092",0.310008857395926,2258
"2159","hall, matt","cand211650",0.309859154929577,213
"2160","diaz, ruben sr","cand148371",0.309859154929577,426
"2161","russell, john","cand144163",0.309568480300188,533
"2162","westin, jason","cand140741",0.309239940387481,4026
"2163","keeler, heather","cand175540",0.309090909090909,110
"2164","gao, ruth","cand215948",0.309090909090909,110
"2165","beach, emily","cand210867",0.30887573964497,845
"2166","chakrabarti, saikat","cand164781",0.308630875931159,7786
"2167","abughazaleh, katherine m.","cand164920",0.308569770637999,65486
"2168","lynch, stephen","cand839",0.307951807228916,2075
"2169","flores, yolie","cand139709",0.30784708249497,497
"2170","hernandez, sara","cand139798",0.307766059443912,1043
"2171","gallardo, stephanie d","cand213328",0.307300115874855,4315
"2172","waters, mary","cand55015",0.307142857142857,280
"2173","goodman, shira","cand144191",0.306872037914692,844
"2174","hernandez rivera, pablo jose","cand219613",0.306451612903226,434
"2175","ryan, kevin","cand169755",0.305882352941176,510
"2176","cooper, randal dean","cand212899",0.305555555555556,144
"2177","castillo, lee","cand145269",0.305084745762712,118
"2178","spaulding, stephany rose","cand211519",0.305050505050505,495
"2179","biggan, john","cand142791",0.304990757855823,541
"2180","pearson, erika stotts","cand138263",0.304761904761905,105
"2181","king, jessica","cand141209",0.304545454545455,28380
"2182","broihier, michael george","cand150196",0.304286026678329,9146
"2183","patel, sanjay somabhai","cand144011",0.303472222222222,1440
"2184","abdelhamid, rana","cand212484",0.303438768476679,13057
"2185","sires, albio","cand964",0.303396226415094,1325
"2186","hrezi, muad","cand211138",0.303350970017637,2835
"2187","gabbard, tulsi","cand41775",0.303163147152334,407632
"2188","archuleta, bob","cand145183",0.302816901408451,142
"2189","garcia, lorena lorena for","cand147807",0.302074330164218,2314
"2190","weil, joshua joseph","cand156523",0.30188679245283,318
"2191","rubio, susan","cand140109",0.301840490797546,815
"2192","olson, reed jerrold","cand182771",0.301694915254237,295
"2193","keady, james","cand137096",0.301578660860098,3674
"2194","boone, tanya","cand142594",0.301204819277108,415
"2195","wegman, gary","cand137636",0.300703989272544,2983
"2196","robertson, al dean","cand150022",0.300429184549356,233
"2197","betts, nicholas","cand153867",0.300106044538706,943
"2198","kotick, michael","cand141541",0.299794661190965,487
"2199","haberman, daniel","cand142534",0.299287410926366,421
"2200","martinez nucete, leo","cand168334",0.299145299145299,117
"2201","bacher, steve","cand143679",0.299019607843137,204
"2202","williams, kelly mikel","cand211158",0.298701298701299,154
"2203","chima, harpreet singh","cand210837",0.298634812286689,586
"2204","curtis, clint","cand149427",0.298568507157464,489
"2205","mason, mia","cand153115",0.2985187044941,3983
"2206","rivera, carlina","cand212473",0.298517995765702,1417
"2207","bieda, steven","cand143669",0.298469387755102,392
"2208","smilowitz, benjamin","cand211830",0.298387096774194,620
"2209","washburn, amy irene","cand153929",0.298319327731092,714
"2210","williamson, marianne","cand159034",0.298181818181818,275
"2211","wallace, larimen t ii","cand213005",0.298076923076923,208
"2212","fukumoto, beth","cand145211",0.297619047619048,168
"2213","geter, angela","cand216247",0.297520661157025,121
"2214","underwood, robert anacletus","cand152952",0.297520661157025,121
"2215","smith, gregg harrison","cand211074",0.297283176593521,1914
"2216","combs, gwendolynn millen","cand141521",0.297058823529412,340
"2217","cavalier, crystal ann","cand212158",0.296875,192
"2218","simmons, mike","cand170033",0.296410256410256,975
"2219","crowley, joseph","cand1529",0.296367112810707,2092
"2220","hiller, michael steven","cand150436",0.296296296296296,162
"2221","mansfield, eric","cand149510",0.29616724738676,287
"2222","brown, brandon pendarvis","cand144792",0.29585798816568,169
"2223","wheatley, jordan douglas","cand216496",0.295833333333333,240
"2224","gifford, rufus","cand142509",0.295678544351782,2638
"2225","rogensues, angela","cand211906",0.295676429567643,717
"2226","dahan, liz","cand218638",0.294736842105263,665
"2227","abel, kevin","cand142459",0.294695481335953,1018
"2228","bell, adrienne","cand140746",0.294662788337956,14783
"2229","cline, natalie","cand149306",0.294617563739377,3177
"2230","marx, william a iii","cand153608",0.2945301542777,1426
"2231","ringelstein, zackary zak","cand142888",0.293823038397329,599
"2232","mcdonald, darlene","cand141259",0.293715846994536,1464
"2233","lara, damian","cand141177",0.293706293706294,286
"2234","kelly, jewel william jr","cand215995",0.293577981651376,109
"2235","rasool, reema","cand212427",0.293436293436293,259
"2236","hornedo, george","cand164942",0.293124246079614,829
"2237","roybal allard, lucille","cand1256",0.292975970425139,1082
"2238","chowdhury, shaniyat","cand148984",0.292228276455406,3487
"2239","pandy, devin d sr","cand152916",0.291858678955453,3255
"2240","weber, linda","cand140665",0.291566265060241,830
"2241","lythcott haims, julie","cand218327",0.291546866014951,1739
"2242","mccamon, mike","cand144661",0.291044776119403,134
"2243","griffin, lee","cand153606",0.290983606557377,976
"2244","ahlers, dan","cand109286",0.29078851744186,11008
"2245","shure, michael","cand210982",0.290780141843972,705
"2246","thompson, michael anthony","cand211514",0.290760869565217,368
"2247","jois, goutam umesh","cand141940",0.290748898678414,454
"2248","tchenko, thierry","cand223565",0.290697674418605,430
"2249","brown, yumeka s mrs","cand169018",0.289855072463768,345
"2250","devito, michael jr","cand140678",0.28978622327791,421
"2251","rayner, michele k","cand165464",0.288743882544861,2452
"2252","ludwig, yana","cand149515",0.288702928870293,1434
"2253","graham, kimberly","cand149333",0.288682045055983,7413
"2254","murphy, william","cand219353",0.287671232876712,146
"2255","madueno, virginia","cand131154",0.287465940054496,734
"2256","shipp, brett r","cand143333",0.287162162162162,296
"2257","khazei, alan","cand103725",0.287124060150376,4256
"2258","leonard, don ralph","cand171517",0.287015945330296,439
"2259","linos, natalia","cand153104",0.28695652173913,1380
"2260","abboud, deedra","cand140835",0.286391333784699,1477
"2261","davis, paul t","cand142491",0.285164319248826,31950
"2262","harvey hall, phyllis","cand152593",0.284920634920635,1260
"2263","hamilton, jane hope","cand213098",0.284644194756554,1335
"2264","mccaffity, sean j","cand150023",0.28459273797841,1019
"2265","leckey, ihssane","cand148959",0.284580273863862,5039
"2266","adia, vanessa michelle","cand140745",0.283989266547406,4472
"2267","boyda, nancy e","cand150188",0.283950617283951,243
"2268","pruneda, mateo iii","cand157107",0.283582089552239,134
"2269","woods, tom","cand142549",0.283582089552239,134
"2270","ratevosian, jirair","cand218394",0.28328611898017,1059
"2271","coburn, michael","cand218967",0.283185840707965,113
"2272","cargas, james p","cand44903",0.282926829268293,205
"2273","linsenmayer, raymond","cand142734",0.282700421940928,237
"2274","engebretson, margaret ruth","cand144257",0.282407407407407,1512
"2275","kanew, justin","cand141217",0.281893636643099,3253
"2276","eckert, kevin","cand212832",0.281818181818182,110
"2277","welch, lisa renea","cand150459",0.28169014084507,1420
"2278","francis, jim","cand145836",0.28169014084507,142
"2279","gorman, meg","cand153652",0.281427412814274,1233
"2280","trevino, ricardo jose jr","cand141713",0.280442804428044,1355
"2281","perri, christopher michael","cand140753",0.280349344978166,1145
"2282","ventura, rachel f","cand149891",0.280205655526992,1167
"2283","hamadanchy, kia","cand140559",0.280196198651134,1631
"2284","kimbrough, robin","cand154604",0.279693486590038,261
"2285","malone, bopha t","cand143667",0.279166666666667,240
"2286","golden, ian","cand141196",0.27906976744186,258
"2287","parker, david payne","cand153303",0.27843137254902,765
"2288","shepard, timothy jacob","cand154652",0.27831094049904,521
"2289","parra, nicole","cand155857",0.277936962750716,349
"2290","mark viverito, melissa","cand149985",0.277842907385698,853
"2291","rodriguez, ydanis","cand150599",0.277511961722488,209
"2292","agwan, pervez s","cand219732",0.277216883590804,8221
"2293","frerick, austin ronald","cand141576",0.276972624798712,621
"2294","marsili, thomasina","cand153056",0.276453765490944,1049
"2295","huffman, ryan","cand141924",0.276190476190476,105
"2296","vang, mai","cand172651",0.276,1500
"2297","payne, donald m, jr","cand43557",0.275767543859649,1824
"2298","fine, allison harris","cand153468",0.27506899724011,1087
"2299","eaves, john h","cand156997",0.274809160305344,262
"2300","cox, steven jewell isom","cand143375",0.274459974587039,787
"2301","pechefsky, david","cand141662",0.273666092943201,581
"2302","sullivan, sue","cand141184",0.273224043715847,183
"2303","rashid, qasim","cand153854",0.273190251000364,24741
"2304","focht, cyril jason","cand219701",0.273049645390071,282
"2305","marston, regina l","cand149425",0.272904483430799,513
"2306","dafis, dean","cand175592",0.272727272727273,143
"2307","oxman, david","cand167459",0.272727272727273,605
"2308","schanbacher, kristine","cand149888",0.272657450076805,1302
"2309","roma, amy","cand168335",0.272455089820359,334
"2310","harrison, gladys lucretia","cand153327",0.272413793103448,290
"2311","wood, danny eugene jr","cand140735",0.272211720226843,529
"2312","blake, michael alexander","cand148372",0.271970195047118,4563
"2313","lake, jeannine lee","cand144651",0.27191328934967,4244
"2314","vetticad, ryan","cand171466",0.271844660194175,103
"2315","harris, kerri evelyn","cand145430",0.271631982475356,913
"2316","cleveland, hosea n","cand191236",0.271409749670619,759
"2317","collier, erin","cand144732",0.271298593879239,1209
"2318","richardson, jerica","cand218719",0.270935960591133,406
"2319","whalen, jeromie patrick dr.","cand171478",0.270551508844953,961
"2320","baker, mark","cand211451",0.270491803278689,122
"2321","warren, michelle ferrigno","cand150181",0.270462633451957,281
"2322","morse, alex","cand149904",0.270307767012741,43247
"2323","owen, robert thurman iii","cand140537",0.27027027027027,148
"2324","white, jonathan","cand174444",0.27,200
"2325","martinez alexander, diana","cand213170",0.269759450171821,582
"2326","hader, shannon","cand142821",0.269677419354839,1550
"2327","cable, conrad roberts","cand169708",0.269662921348315,445
"2328","ward, christopher m","cand153297",0.269601100412655,727
"2329","carmona, arturo","cand139797",0.269329073482428,3130
"2330","vaingankar, jay","cand179393",0.269326683291771,401
"2331","kumar, rishi","cand156956",0.268727705112961,1682
"2332","harris, nancy lynn","cand159305",0.26865671641791,469
"2333","gilchrest, jillian","cand172673",0.268537074148297,499
"2334","mendoza, anabel","cand172734",0.268292682926829,287
"2335","dimasi, elaine","cand142581",0.268292682926829,369
"2336","westbrook, brianna","cand140518",0.267897091722595,1788
"2337","ahmed, junaid","cand169019",0.267782426778243,1434
"2338","cano, sandra c","cand219623",0.266917293233083,266
"2339","o mara, william edward dr iv","cand156964",0.266827567712523,3729
"2340","claiborne, alexis l","cand164828",0.266666666666667,105
"2341","jackson, natalie","cand211227",0.265822784810127,316
"2342","haynes, keeda","cand153661",0.26530612244898,1813
"2343","das, abhijit beej","cand142505",0.26509186351706,381
"2344","sorensen, ben","cand211342",0.265027322404372,366
"2345","lopez, samelys","cand153456",0.264300045039512,24423
"2346","triantaphyllis, alexander","cand140740",0.263957907044724,3421
"2347","mantey, dale s","cand141228",0.263374485596708,243
"2348","miller watkins, civil marsha","cand223554",0.263157894736842,190
"2349","kulkarni, sri preston","cand143186",0.263157894736842,1558
"2350","cirincione, russell","cand148352",0.2625284738041,1756
"2351","tully, dan","cand169021",0.261968085106383,752
"2352","ross, gena l","cand155731",0.261194029850746,536
"2353","saad, fayrouz","cand141617",0.260961810466761,2828
"2354","pierce, antoine","cand154519",0.260774515927545,3202
"2355","janicek, chris","cand145433",0.260583941605839,1370
"2356","tonon, adrian lino","cand211890",0.26,500
"2357","butler, christopher","cand211515",0.259927797833935,277
"2358","carter, jill p","cand153138",0.259615384615385,104
"2359","corbett, keith","cand212438",0.259057971014493,552
"2360","desantis, mario","cand212247",0.259036144578313,166
"2361","david, steven","cand141222",0.258536585365854,205
"2362","borom, melissa","cand153018",0.258064516129032,155
"2363","rashid, qasim","cand218800",0.257699443413729,10780
"2364","gotsch, nathan","cand211646",0.257142857142857,105
"2365","deutsch, chaim","cand153436",0.257142857142857,245
"2366","haggman, matthew w","cand141552",0.256944444444444,2304
"2367","al abdrabbuh, sami","cand212705",0.256559766763848,343
"2368","hill, kyle","cand219342",0.256055363321799,578
"2369","brannon, mary","cand145891",0.255627009646302,622
"2370","ruzevich, joseph","cand174419",0.255605381165919,223
"2371","napolitano, grace","cand1507",0.2555879494655,1029
"2372","parry, darren bruce","cand153832",0.25507614213198,788
"2373","conley, dylan","cand153622",0.254335260115607,173
"2374","liss riordan, shannon","cand148549",0.254267744833783,1113
"2375","villegas, gilbert","cand211539",0.254180602006689,897
"2376","anderson, quentin anthony","cand143336",0.253968253968254,315
"2377","benac, david t dr ii","cand140641",0.253665037760995,2251
"2378","reynolds jackson, verlina","cand179392",0.253424657534247,146
"2379","rosas, etienne ph.d.","cand169739",0.253333333333333,150
"2380","mustafa, sameena","cand141580",0.253121452894438,1762
"2381","devito, jeremy","cand164549",0.253061224489796,245
"2382","majok, chol awan a","cand212551",0.252577319587629,194
"2383","lanier, danyell","cand150440",0.252559726962457,1172
"2384","weaver, erika c","cand153004",0.252385082393755,1153
"2385","adams, george","cand169043",0.251968503937008,508
"2386","mason, john","cand153230",0.25177304964539,282
"2387","davis, melissa","cand141569",0.251700680272109,294
"2388","littlefield, james patrick","cand142510",0.251655629139073,151
"2389","beck, tobi","cand140621",0.251572327044025,795
"2390","boone, jeffrey","cand211238",0.251396648044693,179
"2391","fortune, ruth r.","cand169697",0.251366120218579,183
"2392","jones, jimmy darnell","cand141698",0.25102207686018,2446
"2393","cockburn, leslie","cand141722",0.250132955149796,28205
"2394","mawhiney, billy","cand173318",0.25,104
"2395","mcfadden, garrick arvin","cand140517",0.25,124
"2396","lyles, tamika","cand152874",0.25,108
"2397","hopkins, michael starr","cand143389",0.25,112
"2398","belsito, jamie marie zahlaway","cand148325",0.24971098265896,865
"2399","coleman, linda","cand142556",0.249384822336691,30479
"2400","gasque, dorothy","cand151875",0.249233128834356,2608
"2401","kelley, brenden p","cand212633",0.249158249158249,594
"2402","solages, carri","cand212435",0.248898678414097,454
"2403","barnett, michaela","cand173329",0.248711340206186,776
"2404","khalil, peter","cand148411",0.24860853432282,539
"2405","trujillo, gus luis","cand153718",0.248447204968944,805
"2406","shyne, sepi","cand216827",0.248210023866348,838
"2407","casanova dominguez, manuel ignacio","cand212506",0.248062015503876,129
"2408","boyajian, don","cand141668",0.247635425623388,1163
"2409","zannetos, christopher","cand153102",0.247139588100687,874
"2410","oliver, melvin russell","cand141567",0.246913580246914,162
"2411","zimmerman, jennifer mijares","cand144001",0.246851385390428,397
"2412","galbraith, allison","cand140633",0.246265798544619,2611
"2413","colvin, nick","cand149448",0.245963912630579,1053
"2414","ford, kim r","cand142437",0.245535714285714,224
"2415","searcy, samuel lee sam","cand141630",0.245454545454545,220
"2416","kim, david yung ho","cand149843",0.245436995436995,11396
"2417","conner, lateefah b","cand211456",0.244776119402985,335
"2418","johnson, kevin rae miles","cand144176",0.244541484716157,229
"2419","sawant, kshama","cand169119",0.244369021906819,3241
"2420","anderson, jeramey dewayne","cand141628",0.244318181818182,528
"2421","wenstrup, peter","cand154521",0.243933588761175,783
"2422","marts, tola","cand141270",0.24390243902439,123
"2423","autiello, nicholas","cand219626",0.243445692883895,267
"2424","godfrey, aaron paul","cand140695",0.243323442136499,1348
"2425","harmon, december l","cand223426",0.243243243243243,111
"2426","mackey, joseph william","cand141592",0.242990654205607,1070
"2427","bhatti, ata ul salaam","cand170625",0.242962962962963,675
"2428","fagan, linsey","cand141715",0.242894577706108,4961
"2429","hernandez, elizabeth","cand153693",0.241992882562278,843
"2430","early, justin","cand169103",0.241935483870968,186
"2431","philips, angelic marie","cand150209",0.241803278688525,244
"2432","marks, ellen l","cand385126",0.241758241758242,273
"2433","bunkeddeko, adem","cand142585",0.241645244215938,2723
"2434","ford, la shawn k","cand168252",0.241573033707865,356
"2435","mills, aisha","cand212516",0.241379310344828,203
"2436","emmons, robert alex jr","cand157006",0.24113475177305,1833
"2437","khaaliq, haneefah","cand154649",0.240963855421687,664
"2438","west, charles","cand153256",0.240601503759398,266
"2439","devanath, nila","cand174805",0.240121580547112,329
"2440","maron, maud","cand212457",0.239644970414201,338
"2441","chehade, iymen","cand211540",0.238726790450928,377
"2442","amatul wadud, tahirah","cand143179",0.238286479250335,747
"2443","ebel, jonathan hans","cand141588",0.237704918032787,488
"2444","bousbar, sabrina","cand218636",0.237671786580437,1237
"2445","isner, tabitha kay","cand142378",0.237300435413643,2756
"2446","davis, devin charles","cand218912",0.237188872620791,683
"2447","williams, anna lee","cand169057",0.236842105263158,114
"2448","cartwright, nicholas","cand210712",0.234463276836158,354
"2449","hanson, william","cand150363",0.234072022160665,722
"2450","santana, edwin jr","cand151872",0.233918128654971,342
"2451","jaffe, stephen r","cand140534",0.233907185628743,2672
"2452","roberts, shawna","cand144742",0.233870967741935,744
"2453","soria, esmeralda","cand149833",0.233660130718954,612
"2454","reese, lexi","cand223240",0.232819074333801,2139
"2455","hale, christopher jolly","cand145912",0.232757228234534,6191
"2456","apodaca, rob","cand149286",0.23134328358209,134
"2457","boatner, john burke jr","cand142759",0.23134328358209,134
"2458","ramos, tomas","cand148370",0.231075697211155,502
"2459","tandon, ritesh","cand152662",0.230769230769231,364
"2460","jacob, peter","cand134794",0.230725623582766,1764
"2461","kennedy, robert jr","cand140834",0.23021582733813,278
"2462","meloy, sean","cand212782",0.230180806675939,1438
"2463","goldbeck, janessa","cand150592",0.230168269230769,1664
"2464","tucker, everett clarke iv","cand144566",0.229872453396433,17327
"2465","potter, quentin","cand153509",0.229768786127168,692
"2466","franklin, jackson bailey","cand164939",0.229447852760736,1630
"2467","harris, kevin corey","cand211359",0.229357798165138,109
"2468","harrell, sally","cand139806",0.229268292682927,205
"2469","hepburn, michael a","cand140586",0.228955435038906,4241
"2470","forde, brian","cand141539",0.22887323943662,1988
"2471","foster, russell","cand153675",0.22879177377892,1167
"2472","foxx, rhonda","cand153291",0.228571428571429,420
"2473","gross, al","cand150176",0.228358129563289,432391
"2474","vela, filemon","cand45127",0.228331780055918,1073
"2475","walsingham, blair nicole","cand153640",0.227916863486065,4234
"2476","conforti, christine marie","cand149950",0.227906976744186,215
"2477","anderson, robert jon","cand144079",0.227622225446105,13786
"2478","midyett, zoe ann","cand153542",0.227342549923195,651
"2479","funk, joel david","cand149893",0.226923076923077,260
"2480","thomas, n kiyla jasmine   ann","cand167632",0.226537216828479,618
"2481","sevigny, stephen","cand144008",0.226337448559671,486
"2482","bah, omar","cand212807",0.225941422594142,239
"2483","sullivan, joe","cand141619",0.225721784776903,381
"2484","people, robert","cand164888",0.225296442687747,253
"2485","bennett, christopher jerman","cand164742",0.225,400
"2486","strong, corey o","cand155800",0.224622030237581,463
"2487","cardnell, elisa","cand157087",0.224506807446513,3599
"2488","spenser, alex","cand153576",0.224397590361446,664
"2489","sullivan, jared","cand173655",0.223776223776224,143
"2490","broady, flynn d jr","cand145489",0.223140495867769,121
"2491","patel, suraj","cand142591",0.222769351979515,5077
"2492","blake, michael","cand175962",0.222748815165877,844
"2493","norington reaves, karin m","cand211527",0.222594142259414,1195
"2494","reed, wendy","cand134662",0.221238938053097,1469
"2495","brier, thomas f jr","cand157079",0.22106824925816,2022
"2496","wertime, david","cand144774",0.220779220779221,231
"2497","walia, neal","cand211062",0.219558964525407,1043
"2498","houten, tracy van","cand140020",0.219557195571956,542
"2499","gray, jeremy","cand157567",0.219178082191781,584
"2500","canon, daniel j","cand141133",0.218394077448747,3512
"2501","tanaka, greg","cand155856",0.218390804597701,174
"2502","niou, yuh line","cand212466",0.218209956151664,3877
"2503","terry, edward","cand150184",0.217737917289487,4014
"2504","ahmed, junaid","cand211557",0.217573221757322,2629
"2505","hammond, sarah","cand153604",0.217162872154116,1142
"2506","bunny, sean","cand142600",0.216216216216216,592
"2507","abid, zerqa","cand219509",0.21618743343983,939
"2508","ocampo grajales, david","cand212301",0.215962441314554,213
"2509","weaver, kimberly","cand129272",0.215599937097028,6359
"2510","stankevich, nicholas richard","cand142601",0.21551724137931,116
"2511","rywalski, eric","cand140560",0.21551724137931,116
"2512","kim, david","cand141104",0.214457831325301,415
"2513","averhart, james","cand149415",0.214162348877375,579
"2514","fisher, jason e","cand140833",0.214120048241952,10779
"2515","weinstock, michael s","cand147694",0.213953488372093,215
"2516","quintero, andre","cand140014",0.213675213675214,117
"2517","singer, james courage","cand140866",0.213483146067416,178
"2518","fisher, william carl","cand141233",0.213029989658738,967
"2519","prigg, thomas lee","cand140707",0.212790697674419,860
"2520","nti asare, isak","cand211669",0.21259842519685,127
"2521","reardon, mara","cand153014",0.212264150943396,424
"2522","viagran, rebecca j","cand213148",0.211764705882353,170
"2523","murphy, patrick e","cand41546",0.211764705882353,170
"2524","wynn, quentin adam","cand142462",0.211640211640212,189
"2525","jones, erik c","cand141587",0.211591033351558,1829
"2526","beccia, john","cand174440",0.211586901763224,397
"2527","kerrigan, stephen","cand142507",0.211494252873563,435
"2528","lemelle, martin jr","cand153091",0.211180124223602,483
"2529","wild, william r","cand144684",0.211155378486056,502
"2530","calderon, roza i","cand140528",0.210691823899371,1908
"2531","pringle, david","cand144129",0.210526315789474,152
"2532","levine, matthew","cand168270",0.210084033613445,119
"2533","pascucci, christina","cand223253",0.210027100271003,738
"2534","burch, lorie louis","cand141219",0.209928003031451,2639
"2535","mammadov, ramin","cand212162",0.209424083769634,191
"2536","hall, kwanza","cand68987040",0.208823529411765,340
"2537","hurwitz, skylar","cand153584",0.208588957055215,163
"2538","dunaway, kellin lynn","cand141622",0.208459214501511,331
"2539","bacelar, agatha","cand156954",0.208333333333333,672
"2540","rush, bobby lee","cand1285",0.208226221079692,778
"2541","kovacs, william richard","cand140515",0.208092485549133,346
"2542","montseny, teresa","cand153258",0.207729468599034,414
"2543","dubose, bobby b","cand211311",0.207430340557276,323
"2544","ahmad, mahnoor","cand218784",0.206896551724138,522
"2545","thompson, hallie jess","cand144107",0.206896551724138,145
"2546","lee, erica","cand164776",0.20627802690583,223
"2547","flores, sol","cand143161",0.206235011990408,1251
"2548","darwish, rush","cand148318",0.206134094151213,1402
"2549","zornio, patricia anne","cand159294",0.206008583690987,2330
"2550","spezakis, zinovia","cand157052",0.205014749262537,678
"2551","gomes, tim","cand142584",0.204918032786885,122
"2552","pellett, danielle jessica","cand139447",0.204761904761905,210
"2553","little, kyle d","cand169719",0.203703703703704,108
"2554","taylor, tom","cand140775",0.203703703703704,162
"2555","davidson, demarco kaureen","cand142540",0.203703703703704,108
"2556","macias, mayra","cand178144",0.202739726027397,365
"2557","wooten, duane m","cand218227",0.20253164556962,158
"2558","jackson, daniel lafavien","cand218738",0.202185792349727,366
"2559","nygard, dorothy dotty","cand140531",0.20199146514936,2109
"2560","wahab, aisha","cand148276",0.201904761904762,525
"2561","rabb, saafir","cand153135",0.201612903225806,248
"2562","panda, chetan","cand141714",0.201612903225806,248
"2563","stone, ryan henry","cand140743",0.201045903544451,1721
"2564","hildebrand, david","cand140836",0.2,760
"2565","hansen, lewis michael jr","cand141300",0.2,185
"2566","nazanin, rhoda","cand210919",0.199546485260771,441
"2567","rable, kyle","cand167504",0.199115044247788,226
"2568","knoles, michael","cand154539",0.198895027624309,181
"2569","ahn, robert lee","cand140018",0.198237885462555,1135
"2570","virasingh, victoria","cand213243",0.198165137614679,1090
"2571","gupta, suneel","cand143197",0.197841726618705,1668
"2572","gilmore, michael","cand140644",0.19774011299435,177
"2573","holliday, lindsay dozier","cand152914",0.197674418604651,602
"2574","duffin, michael christian mr.","cand173425",0.197530864197531,162
"2575","siddiqui, omar a","cand141073",0.197231833910035,289
"2576","janjigian, dan","cand150471",0.196581196581197,234
"2577","matthew, abraham thomas","cand148317",0.19620253164557,158
"2578","oliver, brittany t","cand211795",0.196,500
"2579","montalvo, angel","cand211371",0.195965417867435,347
"2580","ramsey, george","cand141108",0.195965417867435,347
"2581","hamm, lawrence","cand154562",0.195426195426195,962
"2582","perez, janelle","cand165787",0.195238095238095,420
"2583","diehl, abigail","cand218959",0.195121951219512,164
"2584","fuentes, talia","cand138513",0.193820224719101,356
"2585","finley, christopher martin","cand145914",0.193717277486911,382
"2586","sigel, ben","cand153099",0.193471337579618,1256
"2587","gearing, charles m","cand212945",0.193103448275862,870
"2588","richardson, chardo","cand141090",0.192741439409473,4877
"2589","smith, sarah brand new","cand140786",0.192124814264487,6730
"2590","sheth, ashmi","cand212454",0.192037470725995,854
"2591","west, destiny drake","cand218988",0.191176470588235,136
"2592","hsu, john","cand149453",0.191011235955056,267
"2593","bernstein, joby","cand218320",0.190355329949239,394
"2594","wong, tom k","cand152750",0.190114068441065,263
"2595","pelletier, paul","cand142814",0.189393939393939,528
"2596","wadkins, randy mack","cand140654",0.189029535864979,1185
"2597","clark, anthony","cand140609",0.188809357541899,11456
"2598","pokharel, adrian","cand219951",0.187935034802784,431
"2599","summerville, william m","cand211007",0.1875,224
"2600","sheehan, molly","cand140702",0.187272727272727,550
"2601","wheeler, mark shannon mr ii","cand217802",0.18705035971223,417
"2602","qarni, atif","cand10001845",0.186974789915966,476
"2603","best, matthew","cand153082",0.186974789915966,476
"2604","moilanen, daniel burton","cand219036",0.186567164179104,268
"2605","smith, adam","cand159310",0.186440677966102,354
"2606","de la fuente, ricardo","cand140019",0.18625678119349,553
"2607","harris, tamara","cand141643",0.186224489795918,392
"2608","frick, c william","cand140634",0.186186186186186,333
"2609","siskin, brooke","cand124078",0.185929648241206,199
"2610","boylan, lindsey","cand148365",0.185570844179993,2689
"2611","siegel, mike","cand157093",0.184381778741866,461
"2612","mcmurray, nate","cand153492",0.184381778741866,461
"2613","morales, hector adrian","cand140758",0.184257602862254,2236
"2614","james, isiah","cand157060",0.184182015167931,2769
"2615","asamoa caesar, kojo","cand153538",0.1834451901566,894
"2616","chandler, alexandra eleanor","cand142508",0.181818181818182,715
"2617","johnson, samuel h","cand141220",0.181818181818182,484
"2618","levin, sander m","cand619",0.18110579016108,2297
"2619","cabildo, maria","cand151795",0.180936995153473,619
"2620","rowe, courtney l","cand141107",0.179938744257274,1306
"2621","pippion mcgriff, nykea","cand211529",0.17983651226158,367
"2622","salmon, scott","cand140666",0.179752066115702,484
"2623","flynn, carrick ronan morgan","cand212725",0.179597701149425,696
"2624","fink, chris","cand153462",0.178010471204188,191
"2625","pemberton, steve","cand150201",0.177978883861237,663
"2626","allen, kathleen","cand140594",0.17741935483871,124
"2627","hartson, alison","cand142885",0.177084388613109,9871
"2628","moore, nyanza davis","cand157100",0.176470588235294,714
"2629","sran, deep","cand141266",0.176276771004942,607
"2630","plummer, letitia","cand140755",0.175915850562205,5514
"2631","williams, darrell l","cand216344",0.175879396984925,199
"2632","siddiqi, imraan","cand219996",0.175766641735228,1337
"2633","jenkins, miracle","cand168257",0.175675675675676,148
"2634","bareebe, quincy","cand218983",0.175487465181058,359
"2635","gad, sarah","cand149273",0.175141242937853,177
"2636","swann, willie f","cand140028",0.173913043478261,138
"2637","perry, paul david ii","cand141206",0.173770491803279,2745
"2638","petersen, garrett","cand174519",0.173652694610778,167
"2639","motiwalla, frances yasmeen","cand148282",0.173228346456693,127
"2640","mckenzie, ronald","cand164909",0.172185430463576,151
"2641","frank, alexis","cand140717",0.171406610299769,1301
"2642","stephens, key antwon","cand156998",0.170286707211121,1151
"2643","rao, saira","cand143995",0.169984686064319,1306
"2644","fletcher, crystal lee","cand148401",0.169576059850374,401
"2645","li, lindy","cand142097",0.169230769230769,130
"2646","carrillo dono, wendy maria","cand139795",0.168157423971377,1118
"2647","khan, badrun","cand149983",0.168021680216802,369
"2648","mohsini, zainab","cand153880",0.168010752688172,744
"2649","jones, eric","cand172650",0.167487684729064,609
"2650","phoenix, jess","cand140540",0.166856103659923,4399
"2651","basaran, alpaslan","cand149454",0.166666666666667,144
"2652","rich, timothy a","cand141145",0.165898617511521,217
"2653","potell, jason randolph","cand210949",0.165289256198347,121
"2654","epstein, daniel jacob","cand140749",0.164912280701754,285
"2655","ding, eric","cand144786",0.164864864864865,370
"2656","jasey, kyle fort","cand223463",0.164772727272727,176
"2657","williams, charise a","cand211528",0.164502164502165,462
"2658","christina, prejean","cand143989",0.162790697674419,258
"2659","taylor, bernard","cand164894",0.162376237623762,1515
"2660","wilkes, mckayla","cand155891",0.161456169505609,19256
"2661","swain, jonathan","cand211525",0.161242603550296,676
"2662","binda, joshua","cand219968",0.161016949152542,236
"2663","cox, tj","cand49515",0.160983606557377,3050
"2664","eliason, antonia","cand153260",0.160550458715596,872
"2665","newsome, chivona renee","cand153458",0.159663865546218,357
"2666","bautista jones, justin","cand153656",0.159600997506234,401
"2667","arvidson, erich","cand149935",0.15929203539823,113
"2668","regis, adal","cand168249",0.158730158730159,189
"2669","wolf, benjamin thomas","cand151822",0.158227848101266,158
"2670","fremgen, james lucas","cand210826",0.158088235294118,272
"2671","mccormick, karen a dvm","cand141079",0.156345695814903,5878
"2672","urbina, briana","cand148960",0.155223880597015,335
"2673","wu, brianna","cand139808",0.155158885837583,5098
"2674","ashcraft, lauren","cand157062",0.154999014001183,5071
"2675","peterson, lisa","cand149907",0.154761904761905,252
"2676","dewitt, justin","cand143178",0.154589371980676,207
"2677","hess, roberto luis","cand212176",0.154545454545455,110
"2678","whitney, robert toby","cand141728",0.154255319148936,188
"2679","goldfarb, michael","cand174523",0.152542372881356,118
"2680","clifford, sianay chase","cand213278",0.151832460732984,191
"2681","jonas, michael","cand219542",0.151724137931034,145
"2682","nesmith, michael","cand141573",0.150406504065041,246
"2683","decillis, alfred michael","cand141182",0.15,260
"2684","johnson shealey, tamara","cand154472",0.149659863945578,147
"2685","mceachern, deaglan","cand145504",0.149625935162095,401
"2686","rodriguez, george","cand140766",0.147169811320755,265
"2687","hernandez, sema","cand150567",0.146671826625387,2584
"2688","anthony, aaron","cand140708",0.145714285714286,700
"2689","howard, eugene","cand213059",0.145631067961165,103
"2690","felix, anthony dr jr","cand149846",0.143939393939394,132
"2691","vladimer, erica arden","cand149288",0.143835616438356,292
"2692","pai, aditya","cand149849",0.143356643356643,286
"2693","tachon, teresa","cand211232",0.142857142857143,119
"2694","peters, jannquell","cand149883",0.14207650273224,183
"2695","croft, cammie l","cand173077",0.141384388807069,679
"2696","melson, boyd","cand140676",0.141361256544503,382
"2697","buttar, shahid","cand144581",0.140440369342029,61948
"2698","yankovich, david","cand141273",0.14037774374681,1959
"2699","cole, jahmal","cand211512",0.140043763676149,914
"2700","moreno, dominick","cand141081",0.139949109414758,393
"2701","steib, syrita","cand215961",0.1397616468039,923
"2702","rawlings, joshua","cand150451",0.13953488372093,129
"2703","mcconnell, joseph","cand141135",0.138613861386139,101
"2704","contreras, maya","cand212485",0.137864077669903,515
"2705","hernandez, asha castleberry","cand153469",0.137809187279152,283
"2706","vaid, omar m","cand141183",0.137548530227399,1803
"2707","oseguera, hector omar jr","cand150429",0.137414116177389,1601
"2708","dar, mohammad","cand157012",0.137096774193548,496
"2709","ghorbani, shireen sarah","cand142803",0.137047898338221,5115
"2710","kimes, heavenly dr","cand172701",0.136645962732919,161
"2711","chambers, gary jr","cand155683",0.135867664545009,28594
"2712","snider, justin wayne","cand139819",0.135593220338983,118
"2713","chaudhry, melissa","cand220001",0.135211267605634,355
"2714","sandbeck, david andrew","cand157022",0.135135135135135,111
"2715","lee, albert","cand148382",0.134936211972522,2038
"2716","hashimi, nadia","cand141932",0.13474025974026,616
"2717","pettinato, jared scott","cand142553",0.134615384615385,104
"2718","dixon, gregg marcel","cand212836",0.132590529247911,1795
"2719","patterson, jacque donald dr sr","cand172678",0.132352941176471,136
"2720","parker, kevin copeland","cand211219",0.131979695431472,197
"2721","v?zquez, joaqu?n","cand149260",0.131979695431472,197
"2722","pham, ethan","cand141568",0.131970260223048,538
"2723","das, mona","cand141272",0.131652661064426,357
"2724","chester, albert ii","cand156983",0.131447587354409,601
"2725","london, cathleen greenberg","cand146751",0.131413141314131,1111
"2726","manning, chelsea elizabeth","cand144319",0.130977130977131,962
"2727","conyers, john iii","cand144101",0.130597014925373,536
"2728","farahi, hermon","cand141653",0.130208333333333,192
"2729","park, charles","cand175693",0.129464285714286,224
"2730","ghanim, ahmed","cand219050",0.129353233830846,402
"2731","beauchemin, paige","cand174509",0.129213483146067,178
"2732","marshall, kouri","cand218788",0.12910284463895,457
"2733","javed, muhammad tahir","cand143329",0.128851540616246,357
"2734","nasar, ahsan","cand219960",0.128440366972477,327
"2735","khairullah, mohamed t","cand219280",0.128256513026052,499
"2736","cleveland, shenita shae","cand153802",0.127272727272727,165
"2737","nix, darius yorel dee","cand211516",0.125,112
"2738","allen, edward charles","cand141231",0.125,112
"2739","valentine, stephen james","cand212145",0.123456790123457,243
"2740","oppegaard peltier, ernest joseph iii","cand211989",0.12280701754386,114
"2741","beltran, joaquin","cand211008",0.12200956937799,418
"2742","hearsey, chris","cand142518",0.121739130434783,115
"2743","ravelo, samuel","cand149987",0.120689655172414,116
"2744","patel, bimal","cand147704",0.119205298013245,302
"2745","cheng, austin franklin","cand219365",0.118811881188119,101
"2746","doyle, marge","cand142394",0.118726275832982,4742
"2747","keith, james felton","cand150438",0.117489986648865,749
"2748","bivens, lydia noelle","cand153653",0.116666666666667,120
"2749","woodson, brianna courtney estelle","cand172700",0.115254237288136,295
"2750","burbridge, connor","cand167634",0.114285714285714,105
"2751","moore, justin","cand219838",0.112813370473538,718
"2752","badhasso, amane","cand211975",0.111361587015329,2218
"2753","anzalone, john anthony","cand143415",0.111111111111111,108
"2754","keith, james felton","cand171509",0.109649122807018,228
"2755","mulugheta, abel","cand213099",0.10920245398773,815
"2756","benavides, tannya","cand213087",0.109048723897912,431
"2757","anderson, jessica lynne","cand213205",0.107508532423208,1172
"2758","castro, andres","cand164905",0.105263157894737,152
"2759","dunn, laura l. ms. esq.","cand174524",0.104838709677419,124
"2760","morgan aguilera, kenneth","cand167535",0.104761904761905,105
"2761","batie, rontel","cand142440",0.104575163398693,153
"2762","cadore, zoe","cand167503",0.103225806451613,310
"2763","conyers, ian","cand144685",0.102380952380952,420
"2764","khojasteh, ryan a","cand142398",0.101449275362319,276
"2765","briones, heidi","cand153559",0.101049868766404,762
"2766","ramsey, barbara rose","cand150426",0.100840336134454,119
"2767","marx, krystal","cand213330",0.099236641221374,131
"2768","reed, derrick","cand150035",0.0991561181434599,474
"2769","lopez, jazmin nicole","cand210995",0.0990990990990991,111
"2770","mcclure, jessica","cand141170",0.0990076159704593,4333
"2771","rajput, solomon","cand150420",0.097841726618705,1390
"2772","palmer, susan moran","cand144167",0.0964724746125067,3742
"2773","bhandari, harry","cand175627",0.0943627450980392,816
"2774","smith, stefanie","cand152994",0.0933333333333333,300
"2775","scarane, jessica","cand154466",0.0931690683093169,9091
"2776","haston, william","cand150396",0.093167701863354,161
"2777","al khatahtbeh, amani","cand153356",0.092485549132948,173
"2778","meade, matthew allen","cand212574",0.0909090909090909,110
"2779","hamilton, wendy","cand155869",0.0901639344262295,1098
"2780","blevins, ryan","cand152651",0.089171974522293,157
"2781","lockwood, daniel ulysses","cand148342",0.0890052356020942,191
"2782","clay, nathan","cand140576",0.0886699507389163,203
"2783","bell, jennifer ann","cand150439",0.0878378378378378,148
"2784","ramon caballero, jose iiii","cand148292",0.0873983739837398,492
"2785","herzog, jonathan","cand149977",0.0867117117117117,888
"2786","ward, daniel","cand141264",0.0843853820598007,3010
"2787","frenette, kyle","cand144256",0.0840480274442539,583
"2788","flora, john j","cand149954",0.084,250
"2789","ghebreghiorgis, andom a","cand149458",0.0835122882366977,4191
"2790","mcclain, courtney","cand174550",0.0833333333333333,144
"2791","rodriguez prilliman, heli","cand216434",0.0833333333333333,108
"2792","parvizian, hamid","cand143243",0.0806451612903226,124
"2793","carrigan, michael xavier","cand153505",0.0798319327731092,238
"2794","corbin johnson, shavonnia","cand142712",0.0793559516963772,1739
"2795","orozco, stevens","cand148397",0.0753138075313808,239
"2796","kishineff, jason","cand143108",0.0751445086705202,173
"2797","njinimbot, gabriel","cand213449",0.0747663551401869,321
"2798","harrison, peter","cand149978",0.0732600732600733,546
"2799","salazar, maite gabrielle","cand148332",0.0731292517006803,588
"2800","d silva, reuben","cand137100",0.0703125,640
"2801","booth, douglas james","cand148327",0.0701754385964912,171
"2802","lehtola, sakinah lee","cand152888",0.069164265129683,347
"2803","huynh, khai hoan dac","cand211545",0.0681003584229391,279
"2804","rhodes, aarika samone","cand153945",0.0666666666666667,5625
"2805","hildebrandt, lori madeline","cand140674",0.065038560411311,3890
"2806","ramirez rosa, carlos","cand143159",0.0586666666666667,375
"2807","martin, barrington deon ii","cand152903",0.0581395348837209,258
"2808","berina, courtney james","cand150374",0.0574162679425837,209
"2809","spencer, paul john","cand141049",0.0573791029817088,3991
"2810","holcombe, jessica jones","cand140524",0.0541044776119403,3752
"2811","siebe, amanda nicole","cand150443",0.0526315789473684,209
"2812","sloan, heidi","cand150041",0.0524600847181492,3069
"2813","collins, joshua","cand148412",0.0518877248468077,10118
"2814","hoover, joy","cand173080",0.0506912442396313,217
"2815","houston, kenny","cand153087",0.0483870967741935,124
"2816","mulcahy, dnathaniel","cand149906",0.0481283422459893,187
"2817","marcano, carlos cruz jr","cand153032",0.0447761194029851,268
"2818","douglas, dion a","cand144053",0.0350877192982456,114
"2819","winters, charlie madison","cand156973",0.0303030303030303,165
"2820","kidman, bre mx","cand148550",0.0300751879699248,133
"2821","mattlin, meredith paige","cand153655",0.0294117647058824,170
"2822","nuckolls, haden asher","cand152932",0.0291970802919708,274
"2823","emard, benjamin","cand150368",0.0280898876404494,178
"2824","hicks, antonio cortez","cand149433",0.027027027027027,222
"2825","freeman, morgann","cand149285",0.0252100840336134,119
"2826","prince, paperboy love","cand153430",0.0185185185185185,216
