"bonica_rid","hvv_total","mean_age","pct_65_plus","pct_75_plus","ratio_u40_o75","high_volume_vendor_pct","political_spending_pct","fundraising_spending_pct","consulting_spending_pct","overhead_spending_pct","payroll_spending_pct","admin_ops_spending_pct","other_political_spending_pct","other_consulting_spending_pct","ie_spending_pct","cand_contrib_spending_pct","cand_support_pct","transfer_out_pct","listaq_pct","list_data_spending","overlap_pct_weighted","overlap_donations_pct_weighted","fundraising_inefficiency","fundraising_inefficiency_full","pct_spam_donations_100plus","pct_spam_donations_10plus_distinct","pct_spam_either_100n_10d","pct_overall_donations_100plus","pct_overall_donations_10plus_distinct","pct_overall_either_100n_10d","n_spam_donations_100plus","n_spam_donations_10plus_distinct","refund_rate","total_donors","total_donations","n_refunds","log_n_refunds","total_indv_contribs","total_fundraising","total_fundraising_consulting","total_other_consulting","total_payroll","total_admin_ops","total_other_political","candidate_contributions","independent_expenditures","total_raised","mean_donations_per_donor","pct_donors_repeat","pct_raised_repeat","pct_donors_high_freq","pct_raised_high_freq","total_receipts","total_disbursements_fec","cash_on_hand","cycles_included","committee_name","fec_committee_id","cmte_type","cmte_state","party"
"comm6904",133487131.8,70.31491216,0.762795204,0.385649298,4.132411515,0.094146366,0.093657498,0.173383173,0.020841962,0.299045052,0.127081818,0.171840851,0.092366281,0.020817277,0.244136363,0.001835641,0.001835641,0.081017551,0.008451519,15837098.39,0.198419809,0.218438996,0.509610928,0.312730284,0.306977583,0.4186158,0.445141087,0.684740079,0.726406939,0.800841422,6395959,8637544,0.03,3210107,22457620,461828,13.04294997,546965246,245834473.9,35000,29516153.58,180185258.7,243647664.7,130963205.1,2602696.86,346153166.8,763420149.1,6.468097179,0.054431328,0.221555043,0.003660203,0.044844322,1460423214,1417868124,49237334.18,"2018, 2020, 2022, 2024, 2026","dccc","C00000935","Y","DC",100
"comm7886",73480863.97,69.59216576,0.741223049,0.363978066,3.766586352,0.067639602,0.143932637,0.185172705,0.015350026,0.176677945,0.079595999,0.100071524,0.143830815,0.015330082,0.197049196,0.002220607,0.002220607,0.121084321,0.006881462,7958187.83,0.189341868,0.221689468,0.462828044,0.301820509,0.253090693,0.371786349,0.387927901,0.534570349,0.664581255,0.698392542,3626528,5322105,0.097967139,3655002,15163171,336698,12.72694464,469709245,201163961.1,21666.08,16653966.87,86469797.87,108713561.2,156251842.9,2412375.91,214066089,672989720.3,4.483922091,0.026412018,0.150027924,0.000936087,0.017749782,1104831312,1086358602,21771538.56,"2018, 2020, 2022, 2024, 2026","dscc","C00042366","Y","DC",100
"comm7206",110222998.7,66.44613433,0.64764551,0.278657042,2.437366534,0.061116856,0.152138591,0.189386746,0.037980452,0.278806138,0.148399204,0.129929417,0.130483452,0.037588532,0,3.14749e-05,3.1534e-05,0.231740036,0.005813701,8325169.65,0.143155271,0.141917832,0.731644389,0.445532037,0.130146143,0.230876963,0.242805865,0.438551836,0.601984543,0.632985019,1747039,3027255,0.020668808,4212252,13406466,87665,11.38128942,488172114.3,341555117.9,706819.76,67790146.66,267634925.4,234325041.7,235324233,56764.35,0,653139708.4,3.284298744,0.01392102,0.072447117,0.000150305,0.002612084,1803751932,1800197375,15220609.13,"2018, 2020, 2022, 2024, 2026","dnc services corp./dem. nat l committee","C00010603","Y","DC",100
"comm121859",83436609.3,71.70452734,0.813613434,0.437284658,4.837409825,0.272231693,0.137704783,0.323323961,0.007101791,0.476549394,0.315832513,0.16039002,0.134683526,0.007101791,0.041411073,0.021787644,0.025660531,0.014622938,0.000410453,714881.68,0.441049976,0.520095909,0.648882636,0.643881346,0.506878025,0.587998572,0.644134409,0.664198854,0.815242759,0.832920287,4996824,5573605,0.085283851,2056445,9558823,173087,12.06155541,159265678.2,99095938.1,0,2176636.29,96799875.49,49158124.41,41279311.08,6677720.52,12692128.15,162677784.8,4.258433238,0.02559119,0.252070908,0.002315104,0.067535702,277474012.1,249685002.3,28205589.62,"2018, 2020, 2022, 2024, 2026","progressive turnout project","C00580068","Q","IL",NA
"comm139994",45800266.78,71.02403505,0.793624018,0.405794897,4.592079582,0.272322555,0.014477798,0.312446706,0,0.28855175,0,0.28855175,0.014477798,0,0,2.97294e-05,2.97294e-05,0.305021599,0,0,0.449125231,0.527429946,0.377324656,0.389730342,0.503902458,0.592501239,0.644142081,0.672192874,0.828072845,0.8447671,4129158,4947164,0.08744845,1887777,8898221,131177,11.78431046,145285445.2,52548502.69,0,0,0,48529756.06,2434932.44,5000,0,147232166.2,4.445321182,0.025848914,0.25235479,0.002148055,0.063269844,147881440.2,147660623.3,873150.66,"2018, 2020, 2022, 2024, 2026","stop gop govenors pac","C00633404","V","IL",328
"comm122544",31916411.17,72.42323692,0.831256376,0.46141463,5.667923987,0.221346002,0.034864202,0.294389782,0.020348035,0.403560255,0.296929975,0.106487622,0.027554644,0.020348035,0.239338972,0.062090992,0.063112917,1.75224e-05,0.006330199,926702.74,0.401222634,0.517289278,0.437163887,0.470624524,0.654598141,0.656877232,0.76492976,0.81168307,0.885744559,0.920487547,4899994,4832469,0.09700961,1252393,7901183,130169,11.77659657,121221075.1,42448769.1,0,2934032.04,42815045.62,15354705.7,3973170.3,8953049.18,34510860.76,124315275.1,5.273436191,0.037037641,0.369333767,0.004318212,0.120040206,139195402.6,138922810.5,1088506.17,"2018, 2020, 2022, 2024, 2026","end citizens united","C00573261","Q","DC",NA
"comm193160",14981179.14,69.90633418,0.746862974,0.371968392,4.155335637,0.139561864,0.488933494,0.195472758,0.001631917,0.136670129,0,0.136670129,0.014491734,0.001631917,0,0.011236781,0.011426147,0,0.004158277,355698.25,0.22920387,0.255337102,0.22962739,0.223631557,0.253300209,0.381826765,0.394031685,0.466765994,0.621469534,0.646510745,1361774,2028791,0.025316817,1904155,5637423,49079,10.8012069,108762358,20982898.27,0,175177.04,0,14670767.63,1555605.88,1206205.1,0,110348640.6,3.115226582,0.011090316,0.120454641,0.00035299,0.012377085,116097959.7,105993982.4,12719027.97,"2018, 2020, 2022, 2024, 2026","democratic action","C00562983","N","DC",100
"comm134283",41957078.55,72.34831438,0.828850915,0.457582431,5.517905324,0.454599664,0.006036357,0.514845727,0.034514927,0.434421696,0.289096009,0.145079181,0.008083489,0.034514927,0,0.002593056,0.002908374,0.000109541,0.00315302,853191.59,0.4530075,0.53271585,0.830697477,0.846977663,0.557272679,0.644288159,0.698264733,0.715857492,0.853588946,0.870096445,2690436,3045429,0.010953031,1063427,4839224,9233,9.130647603,59974903.75,47517462.79,0,3185540.23,26681990.6,13390020.02,746062.12,239325,0,60731740.65,4.008375081,0.02241122,0.213007565,0.001629632,0.043280524,84297027.46,82159952.64,2611819.77,"2018, 2020, 2022, 2024, 2026","national democratic training committee pac","C00603084","V","DC",328
"comm10963",18492443.15,73.58629511,0.865043976,0.515833503,6.777847831,0.353820449,0.07169917,0.439854345,0.020882986,0.279246238,0.013343341,0.252196564,0.080905837,0.020862732,0.048925489,0.112307366,0.113648266,0,0,0,0.421410117,0.496371986,0.620669245,0.710199478,0.613566983,0.756469149,0.780551776,0.774253291,0.915847236,0.921310943,1803217,2168371,0.041886725,664661,2892142,29346,10.28694561,42033391.9,22989008.96,1058.58,1090391.7,697390.38,13181065.81,4228547.56,5869750,2557093.1,44354583.9,4.231520597,0.024472999,0.259775562,0.002454874,0.069713449,46894131.79,47088558.85,332344.82,"2018, 2020, 2022, 2024, 2026","congressional black caucus pac","C00147512","Q","DC",328
"comm24634",23725573.98,72.28439978,0.828781372,0.46514335,5.467114612,0.032860264,0.084584112,0.050599858,0.005243982,0.029153526,0.014981384,0.014051937,0.043420689,0.005159315,0.766039536,0.012247855,0.012247855,1.38501e-05,0,0,0.400506122,0.471944397,0.621912005,0.622099906,0.527951634,0.662246704,0.692458042,0.701142543,0.859148826,0.870883982,1439124,1733492,0.041602139,693765,2625012,32508,10.38927225,53146717.94,36533811.56,61130.44,3725098.35,10816770.83,10145696.97,31350350.15,8843124.17,553091350.9,123342401,3.741149787,0.019407305,0.132492135,0.001677905,0.029280981,767685393.7,722014106.1,46070602.64,"2018, 2020, 2022, 2024, 2026","house majority pac","C00495028","O","DC",100
"comm142275",11488163.45,73.19315297,0.854376209,0.497116522,6.21845311,0.281886897,0.002605732,0.324596055,0.000323891,0.055765475,0.017391747,0.038367434,0.002612027,0.000323891,0,0,0,0.620785625,0,0,0.447751278,0.522897385,0.358654173,0.356172008,0.537322733,0.702124932,0.71953944,0.695531138,0.88193458,0.887172284,1363814,1751346,0.088398237,692813,2482943,53976,10.89631331,39533972.97,13228754.42,0,13200,708792.2,1563646.11,106451.88,0,0,40194903.92,3.624725722,0.017480738,0.19294075,0.001379299,0.047204488,40766355.61,40573573.75,473231.45,"2018, 2020, 2022, 2024, 2026","progressive takeover","C00659599","N","IL",328
"comm117670",9272250.13,73.37855639,0.863037498,0.504664599,6.536178368,0.254719258,0.064098486,0.352057678,0.006055997,0.042919658,0.000173673,0.042662481,0.036959535,0.005925187,0.038408877,0.002233403,0.002233403,0.442065697,0.012685257,334279.1,0.398128963,0.485807564,0.350795203,0.37609107,0.649196614,0.778140084,0.804315218,0.818599477,0.938952506,0.944688911,1437054,1725952,0.071413369,544633,2309407,34738,10.45561825,37768465.76,12815547.88,4761.75,215687.71,6322,1552992.89,1345395.16,81300,1398153.87,38662163.42,3.920427017,0.022687577,0.256607399,0.002371508,0.075469189,36450867.08,36401841.75,74927.47,"2018, 2020, 2022, 2024, 2026","let america vote","C00632398","N","DC",328
"comm146824",11407647.32,73.47421022,0.863801003,0.5045793,6.519025409,0.375940802,0.019244466,0.457387941,0.004403633,0.08492537,0.041225984,0.041184491,0.021292291,0.004403633,0.021490588,0.378633512,0.378633512,0.064640155,0,0,0.450298077,0.522963252,0.538829579,0.541066641,0.627875855,0.746367797,0.779645221,0.782746614,0.915264153,0.922324168,1401677,1660054,0.055739114,502142,2239630,25981,10.16515927,27162565.86,13879100.9,0,133625,1250972.18,1249713.11,646098.91,11489355.63,652116.1,27896120.76,4.250197156,0.024703796,0.234581334,0.002284262,0.063987021,32655165.62,30344265.03,2310900.59,"2018, 2020, 2022, 2024, 2026","elect democratic women","C00685297","N","DC",328
"comm1737",6459566.7,67.46286929,0.671509035,0.315034334,3.021899698,0.026723054,0.052081729,0.095537701,0.070747,0.662990946,0.522554736,0.143069117,0.039997513,0.066378213,0.086125444,0.014020268,0.015300018,0,0.00171215,768998.48,0.160987263,0.152047627,0.340832285,0.145644703,0.211529534,0.340899256,0.358025121,0.582139778,0.743149868,0.75901504,415099,664612,0.026465645,582668,2038376,11448,9.345657669,72401236.28,23093623.91,1056034.61,16045115.95,126313302.2,34583042.38,9668303.83,3389015.9,20818468.31,74562239.02,4.31702286,0.019438247,0.138963459,0.000284851,0.004122768,205874507.8,202303705.7,8311470.32,"2018, 2020, 2022, 2024, 2026","moveon.org political action","C00341396","W","DC",100
"comm151950",10682940.66,73.35332468,0.853045604,0.508177487,6.780975494,0.401522792,0.000225513,0.443847567,0,0.005582758,0,0.005582758,0,0,0,0.037585418,0.037585418,0.516987427,0.001224622,35205,0.466283232,0.539463422,0.398017677,0.387791951,0.579259841,0.732660798,0.751787376,0.722319752,0.884681447,0.890812111,1029286,1298019,0.049104302,557751,1862236,22300,10.0123868,26288068.67,11809036.29,0,0,0,148535.21,0,1e+06,0,26557937.11,3.424962611,0.01584386,0.160893833,0.001176138,0.033292431,26916416.88,26606062.9,1593601.65,"2020, 2022, 2024, 2026","democratic strategy institute","C00745786","V","DC",328
"comm16371",10467251.83,74.29191061,0.879085893,0.547291739,7.469110482,0.339983989,0.034765318,0.378258716,0.005174571,0.195581287,0.089385854,0.096136168,0.022161369,0.00410597,0,0.400636731,0.400636731,2.15376e-05,0,0,0.455089117,0.53166189,0.550962508,0.507515124,0.625567964,0.7726134,0.792487055,0.774967666,0.917851566,0.923986572,1094655,1329731,0.065633009,463449,1753832,29213,10.28240333,22120119.36,11645634.38,32899.52,126412.5,2751965.61,2959790.78,682292.81,12334597.19,0,22812766.86,3.951727529,0.021353804,0.217340065,0.001709901,0.046003481,34327623.75,30787484.58,4013180.13,"2018, 2020, 2022, 2024, 2026","ameripac: the fund for a greater america","C00271338","Q","DC",100
"comm139983",12557129.2,70.57458603,0.784162683,0.405132845,4.339514446,0.19715545,0.142258652,0.318370462,0.043566952,0.156808522,0.109693621,0.04710391,0.003920882,0.043455084,0.317149668,0.024338488,0.024687651,0.027850636,0.042920742,2827435.22,0.336669273,0.383543135,0.579200743,0.561347987,0.441710421,0.577661795,0.612472502,0.684148176,0.870187631,0.878514902,705972,921962,0.022665989,626141,1676423,14287,9.567175303,39270090.28,20277496.88,7125,2767720.13,6986552.87,3000119.36,249726.91,1550155.19,20199742.64,43742770.87,2.720784965,0.00940035,0.100120163,0.000164816,0.004416577,64586476.79,62999637.1,1586839.69,"2018, 2020, 2022, 2024, 2026","314 action fund","C00633248","W","DC",328
"comm183490",12087469.79,75.077076,0.901603579,0.583846725,9.094926762,0.378797693,0.033644589,0.503142308,0.034598067,0.165648109,0,0.100384032,0.11287443,0.015575504,0.181028811,0.133914055,0.135975287,0.004794721,0.001811429,50000,0.450333769,0.536234949,0.692222226,0.734112497,0.77695675,0.873037692,0.896349932,0.888831803,0.961641444,0.967042577,1265888,1405028,0.03,304454,1671118,36230,10.49767038,25016737.27,16055318.07,607011.76,497015.78,0,3203263.85,3601833.61,4273210,5776646.29,29362333.06,5.456803781,0.039648171,0.292519564,0.003986253,0.075544382,32461000.68,30759021.94,1802283.22,"2018, 2020, 2022, 2024, 2026","equality pac","C00550970","Q","DC",328
"comm18876",12374245.19,71.1246191,0.789701661,0.418988973,4.686582425,0.359657838,0.032907115,0.541677126,0.014434422,0.09487135,0.017353059,0.077466076,0.005786133,0.014434422,0,0.270597219,0.270597219,0.001222099,0,0,0.372445606,0.43384552,0.517106492,0.503845453,0.419530124,0.551440224,0.580218825,0.651131886,0.820487621,0.832836598,621750,836854,0.032422805,533635,1597186,15906,9.674514543,33495767.35,18636728.77,0,496625,597042.47,2665267.16,199075.39,9310060.78,0,35165113.35,3.350163196,0.012808171,0.117492361,0.000432503,0.011365111,41670487.83,34405604.12,9203605.32,"2018, 2020, 2022, 2024, 2026","pac to the future","C00344234","Q","DC",100
"comm24063",18793591.02,75.2502379,0.916296759,0.578308767,8.767099097,0.777429788,0.054454635,0.852520357,0.033114606,0.059107473,0.002163282,0.056944191,0.023015905,0.033114606,0.189668856,0.000827335,0.00120292,0.007546101,0,0,0.477865275,0.563582224,0.999068688,0.996610957,0.656136188,0.828807071,0.836959925,0.784245805,0.933870523,0.935972582,968766,1217612,0.03,357084,1465773,54905,10.91337791,16949838.19,20608830.76,0,800512.62,52295.19,1376569.11,556386.58,20000,4585055.74,17250493.19,3.907682105,0.020671816,0.23760934,0.002017801,0.064746092,19357089.4,17751204.69,1846187.73,"2020, 2022, 2024, 2026","protecting america s retirees","C00483883","O","DC",328
"comm24091",85421873.34,71.06141802,0.795121839,0.422856001,4.532698668,0.066270358,0.004098383,0.079921584,0.030928895,0.026958387,0.008486642,0.018466665,0.003714864,0.030925016,0.388733701,0.109410544,0.109410544,0.317191589,0,0,0.306669454,0.344747909,0.94137614,0.114376207,0.293669164,0.396755906,0.431853668,0.573293608,0.779777824,0.795627156,353162,489980,0.018000321,573055,1337322,9645,9.174298601,76507334.9,103018177,5000,39862057.59,10939202.69,23803358.72,4788424.57,141029171,501074115.5,621259477.1,2.624630152,0.005865379,0.004983515,0.000130286,0.000201907,1323126887,1288990674,35932249.16,"2018, 2020, 2022, 2024, 2026","senate majority pac","C00484642","O","DC",100
"comm7360",1773489.84,60.4332193,0.472672594,0.189219356,1.39878508,0.010637848,0.106555303,0.061587257,0.00071177,0.009182639,0.000882546,0.008033875,0.010078904,0.00071177,3.24905e-05,0.000157564,0.000157564,0.004144371,0.00166744,218312.5,0.107603374,0.090414994,0.360043404,0.158026363,0.134985281,0.212203174,0.221203231,0.552862822,0.740470461,0.755154191,148968,233318,0.003461033,554113,1316591,2837,7.950854858,38083569.36,10267525.42,0,118662.81,147133.74,1339368.32,1680305.41,26268.36,5416.65,79082005.13,3.143310427,0.015602735,0.081555975,0.000117873,0.001789164,167025168.4,166715095.7,2309351.02,"2018, 2020, 2022, 2024, 2026","democratic party of wisconsin","C00019331","Y","WI",100
"comm120227",6676653.21,73.31463014,0.853646261,0.510862146,5.956233308,0.387047419,0.009312365,0.476647904,0.03418182,0.221078556,0.161845546,0.062487813,0.007313656,0.03418182,0.199991998,0.065417356,0.066871153,0,0.000261735,3350,0.375364931,0.44905228,0.468567212,0.543326046,0.606274439,0.719021169,0.755925459,0.814305918,0.927561416,0.93670266,766194,884734,0.046421095,310935,1215166,15901,9.674200166,17946084.66,8222281.3,0,589643.92,2791871.31,1077928.54,126162.17,1128463.8,3449906,18938098.66,3.641284635,0.018111591,0.212861629,0.001568559,0.052455566,18829366.54,16655543.73,2197790.3,"2018, 2020, 2022, 2024, 2026","progressive action pac","C00513176","Q","DC",100
"comm146846",6430357.11,75.41396319,0.907873475,0.594926552,8.920561269,0.638528818,0.062243669,0.711733195,0.000727656,0.069502325,0.056986565,0.012484717,0.05526916,0.000727656,0.042946594,0.150388521,0.150388521,0.010426408,0,0,0.488564102,0.55501824,0.542153667,0.598600422,0.679519144,0.836794487,0.84697634,0.80471028,0.936304481,0.938365346,822532,1004016,0.057746841,309854,1198633,17400,9.764282955,13758176.53,7167567.83,0,7327.92,573887.9,125728.37,556592.63,1514500,432497.22,13876925.53,3.779068674,0.020029234,0.220776739,0.001645138,0.051185607,13166937,10070582.46,3096278.1,"2018, 2020, 2022, 2024, 2026","medicare for all","C00685552","N","WA",328
"comm136416",2659463.48,70.16792914,0.763167026,0.390653799,4.333756276,0.043786081,0.005525739,0.112514184,0.001531884,0.057912215,0.023153088,0.034759128,0.002787115,0.001531884,0.338049911,0.022427854,0.022427854,0,0,0,0.196865537,0.174121595,0.251159415,0.46775577,0.257850803,0.393982331,0.41143283,0.673922078,0.78649115,0.830475689,277008,417512,0.016759985,393710,1165066,5978,8.696008609,30098088.77,6833846.59,0,93043,1406264.02,2111187.56,169282.81,1362215.03,20532355.53,31620558.27,3.108267101,0.012775318,0.085757018,5.06675e-05,0.000573447,61282740.96,60737645.2,2378982.27,"2018, 2020, 2022, 2024, 2026","americans for responsible solutions pac","C00540443","W","DC",328
"comm156141",735109.68,55.01206874,0.345136748,0.109523532,0.704117872,0.005181509,0.334097547,0.045066547,0.006257165,0.107485991,0.012760862,0.094702322,0.028552221,0.006216635,0,0.002980777,0.003275573,0,0,0,0.087187101,0.068181604,0.143478957,0.152371476,0.080233886,0.118263164,0.131085628,0.478658821,0.650598005,0.682588514,78267,123453,0.008732126,538081,1122552,2630,7.875119281,43204098.71,6393669.28,5750,881964.8,1810405.65,13435582.77,4050753.13,422888,0,49967937.51,9.63055758,0.078094371,0.216352895,8.95633e-05,0.00109166,131571436.7,131209987.8,1336632.66,"2020, 2022, 2024, 2026","fair fight","C00693515","V","GA",328
"comm21928",5170792.4,71.61407106,0.824704063,0.4250807,5.285578337,0.044633354,0.005973247,0.11859886,0.013018885,0.008606656,0.000261402,0.008321662,0.007726398,0.009526259,0.634680732,0.021448348,0.021448348,1.03582e-05,0.006396702,1027987.63,0.319023916,0.349664566,0.485621789,0.436949643,0.366260402,0.515984093,0.549377782,0.677225397,0.866612155,0.873704298,391388,537434,0.01228287,354545,1051122,4217,8.347116361,29494943.03,13739726.7,404622.21,1103620.98,30283.51,964067.94,895106.35,2484800,73528024.01,35271194.11,2.991160871,0.012088929,0.119518436,0.000295891,0.007088552,129001673.8,115850411.6,13491513.8,"2018, 2020, 2022, 2024, 2026","votevets","C00418897","W","DC",328
"comm147644",11096230.81,73.67842427,0.854622225,0.530428315,7.09259937,0.462082087,0.021074239,0.532511948,0.030490525,0.110066174,0.099001221,0.01105187,0.014504936,0.030490525,0.271966994,0.048320638,0.048973,0,0.000144764,9000,0.383969099,0.450211629,0.694988895,0.682545267,0.585337651,0.744420717,0.758761061,0.781795898,0.927886055,0.931119269,561760,725310,0.063789881,345282,1041346,17032,9.742907918,17875957.48,12787501.73,0,732185.72,2377370.66,265394.63,348314.99,1160350,6530892.71,18761907.48,3.334961861,0.014818546,0.162153691,0.001115688,0.036222778,24106542.7,23698364.36,462595.34,"2020, 2022, 2024, 2026","voter protection project","C00692319","W","WA",328
"comm209007",7991311.62,72.90238924,0.844401353,0.493495062,6.296208622,0.366812509,0.002237694,0.446573412,0,0.051562766,0,0.051562766,0.002237694,0,0.008719157,0,0,0.493833492,0,0,0.471957646,0.535413812,0.528691017,0.486499561,0.488628091,0.697293363,0.702964943,0.64245415,0.857123538,0.860098196,506678,724414,0.083771604,331336,1040237,24993,10.12639108,18596460.24,9728968.36,0,0,0,1123337.18,48750,0,189954,18870656.24,3.466003506,0.015013689,0.165765759,0.001093953,0.033838392,22035530.17,21785820.89,918470.53,"2024, 2026","stop these oppressive people: tyrants racists unqualifieds misogynists propagandists (stop trump)","C00847673","V","IL",328
"comm152121",85602.19,76.60948968,0.927097627,0.657735915,11.90288098,0.005360976,0.00018788,0.00726264,0,0.00054019,0,0.00054019,0,0,0.038570229,0.005630133,0.005630133,0,0,0,0.399656111,0.485753659,0.01025318,0.334366174,0.827836606,0.918782189,0.92829644,0.936938695,0.983519541,0.984785879,708082,785940,0.03,139536,864128,13877,9.538060131,15813182.87,115967.29,0,0,0,8625.57,0,89900,615875.94,16361609.87,6.118393125,0.047796933,0.304757866,0.004785263,0.075591999,16342738.21,15967650.6,375087.61,"2020, 2022, 2024, 2026","march on pac","C00748228","V","MD",328
"comm208419",12782107.6,69.61068696,0.747986209,0.366239686,3.707731652,0.583432436,0.020125737,0.681354638,0.004325063,0.10062901,0.030646224,0.069982786,0.019897515,0.002062217,0.200898229,0.000796532,0.000796532,0,0.006846207,152895.32,0.433883406,0.431775744,0.702794839,0.560804082,0.210755149,0.389743661,0.393372312,0.41012851,0.643037081,0.644725746,179381,332191,0.013616312,507502,857365,6882,8.836809882,20822115.38,14927432.48,49575.48,45180,671411.65,1533215.23,435923.96,17450.8,4401371.3,21391154.51,1.845206062,0.000509105,0.006973406,2.35313e-06,0.000133015,26798032.94,21370885.28,5427147.66,"2024, 2026","forward blue","C00835041","O","NJ",328
"comm2262",733482.28,69.12097298,0.73475892,0.357663502,3.532857809,0.030850098,0.051000413,0.094659096,0.048105566,0.733646957,0.538385797,0.195235522,0.057469313,0.048105566,0.001316627,0.003333333,0.003503668,0,0,0,0.23291821,0.227735245,0.303281292,0.255807913,0.414846298,0.552962359,0.576740199,0.77362325,0.899724142,0.909238217,319749,421848,0.01774046,237393,843790,6179,8.72907355,8706414.72,2250585.08,0,1143742.9,12800492.47,4641858.77,1366372.42,79252.29,31303.71,10072643.72,3.259328048,0.015812143,0.124587764,0.000467398,0.011214757,22297863.13,22733195.02,351338.11,"2018, 2020, 2022, 2024, 2026","progressive change campaign committee","C00458000","Q","DC",100
"comm148603",2804139.27,58.77318788,0.472893459,0.21558808,1.113638567,0.119359051,0.090916423,0.205604133,0.061596525,0.326132518,0.256933687,0.069137552,0.023755438,0.061596525,0.344361856,0.012712537,0.012792003,0,8.26857e-05,10865.34,0.145061097,0.099055653,0.3086923,0.335976943,0.190455988,0.26609347,0.283001416,0.675156182,0.756569395,0.800665457,134280,186430,0.016759562,184882,818168,2805,7.939515261,16024601.41,4830321.77,0,1447106.29,6036222.93,1624269.99,558093.89,298659.59,8090200.08,17771393.41,4.882015595,0.030287308,0.229054033,0.00079927,0.020158875,24640945.22,23438757.09,1202188.13,"2018, 2020, 2022, 2024, 2026","justice democrats","C00630665","Q","TN",328
"comm155282",4837567.34,76.09533387,0.923351036,0.630240709,10.71867221,0.413524502,0.00294186,0.534283458,0.051605706,0.134092659,0.036459007,0.097633652,0.00336927,0.051605706,0.029277555,0.203965183,0.203965183,0.00401765,0,0,0.465665359,0.547923199,0.566380738,0.555238602,0.712758328,0.88067318,0.886029739,0.846271101,0.966495372,0.967966037,566660,700090,0.03,184866,794030,26172,10.17248362,10912278.79,6250251.66,0,603703.23,426511.37,1142155.7,39415,2386062.5,342500,11057984.79,4.395250958,0.024787322,0.24325414,0.002023566,0.060745829,11702344.88,11698381.38,76245.88,"2022, 2024, 2026","defend the vote","C00764233","W","DC",328
"comm147235",527718.68,65.27373871,0.618874234,0.239352643,1.962067483,0.021514756,0.141202071,0.152000202,0.036839871,0.068271561,0.025421389,0.042850172,0.011556604,0.036839871,0.509255863,0,0,0.090204455,0.001904094,53748,0.178910161,0.192506229,0.161026212,0.140971413,0.244895353,0.349379029,0.378938672,0.603124727,0.810965314,0.825941257,168818,262150,0.034942312,259597,762680,5338,8.582793649,20960305.56,3728294.41,0,903616.47,623541.42,1051038.46,283462.93,0,12491139.9,21877034.56,10.77150573,0.039966249,0.135582894,9.89249e-05,0.00280365,26350630.56,24528220.1,1822410.46,"2018, 2020, 2022, 2024, 2026","ditch fund","C00688739","N","DC",328
"comm145721",274645.86,68.22160696,0.720651242,0.305345068,2.970128809,0.008123565,0.041327483,0.016047606,0.001004184,0.133686532,0.126202127,0.007482605,0.004184231,0.001004184,0.131085646,0.020024528,0.020024528,0,0,0,0.146882813,0.128950323,0.010279105,0.076251952,0.196907671,0.341255352,0.357928845,0.685021507,0.854830343,0.862694814,151467,259864,0.000812797,212903,756289,258,5.556828062,19071353.6,542546.1,0,33950,4266709.42,252975.93,141462.73,677000,4431814.04,20877062.04,3.815810347,0.017091829,0.087667311,2.79472e-05,0.000393454,36708719.28,33808538.04,2900181.24,"2018, 2020, 2022, 2024, 2026","indivisible action","C00678839","V","DC",328
"comm154735",8576124.66,74.33511498,0.880361693,0.553852233,8.119283172,0.544050552,0.067624527,0.597106513,0.002352274,0.004941334,0,0.004941334,0.065721392,0.002352274,0.191594306,0.067066451,0.067066451,0.001633487,0,0,0.46219971,0.529515568,0.870543715,0.848022143,0.588941427,0.78419446,0.79237241,0.746148702,0.915563729,0.917360095,444992,591527,0.079066685,233397,753732,16736,9.725377117,10729231.36,9412470.72,0,37080,0,77892.57,1035997.21,1057200,3020191.13,10926013.36,3.308309753,0.014773876,0.155035163,0.000855713,0.025244184,16056445.21,15763470.19,448765.21,"2022, 2024, 2026","sd pac","C00757419","W","DC",328
"comm208816",5235063.36,70.3228907,0.781126232,0.382255216,3.97777081,0.292837313,0.044593513,0.557685221,0.025453094,0.212958726,0.118678693,0.093435597,0.012381638,0.025453094,0.019242563,0.029641378,0.031241603,0,0,0,0.191169625,0.188844821,0.648863021,0.610338293,0.243342254,0.437636274,0.443915722,0.604875945,0.845423493,0.848862399,176621,317353,0.009383722,263252,721301,2444,7.801800402,15345748.72,9969759.11,0,455025.9,2121623.34,1670351.59,221346.99,529900,344000,16336365.81,2.769812566,0.005007364,0.044831679,3.88537e-05,0.000800023,19760058.17,17470804.89,2289253.28,"2024, 2026","leaders we deserve","C00843110","V","DC",328
"comm144546",3767202.66,74.21313786,0.877538674,0.535234721,7.008265457,0.333060107,0.016399815,0.420600939,0.033034283,0.201847021,0.132597636,0.068967159,0.017677031,0.033034283,0.051418622,0.206752042,0.206752042,0.001596047,0,0,0.415239976,0.495303662,0.544013695,0.525739568,0.701943317,0.803820485,0.829751389,0.850886539,0.944096724,0.949445414,480507,557556,0.055266995,166592,697185,8464,9.043695295,9480420.91,4757366.44,0,373646.79,1499795.85,780079.21,199942.76,2338547.38,581589.83,10259280.51,4.599659797,0.021587201,0.151730074,0.001078286,0.026871123,11351860.65,11310879.26,43881.39,"2018, 2020, 2022, 2024, 2026","brady pac","C00674093","Q","DC",328
"comm157902",9492118.63,69.41095731,0.744782006,0.388603362,3.533552066,0.493524617,0,0.527139716,0,0.015313222,0,0.015313222,0,0,0,0,0,0.444800919,0,0,0.492973942,0.518614345,0.621625569,0.627541205,0.344032073,0.556016163,0.558499401,0.489583975,0.726038082,0.727716543,235375,381969,0.05850403,305300,688901,11371,9.338909473,15812731.67,10138648.72,0,0,0,294524.15,0,0,0,16087666.59,3.204141334,0.008272058,0.092414441,0.000260201,0.010365714,19308410.54,19233323.55,314069.93,"2024, 2026","dem turnout 2024","C00889808","V","IL",328
"comm19737",20311023.73,75.48484589,0.905191024,0.587666395,9.80358068,0.313294295,0.024185715,0.381158908,0.021847387,0.118177387,0.051255526,0.070896537,0.019385959,0.021847387,0.207509481,0.187106469,0.18766665,0,0,0,0.510888375,0.594727735,0.964550112,0.5891554,0.86672791,0.852725322,0.911753008,0.933009663,0.952843005,0.968693266,582901,556549,0.03,44270,686077,45634,10.72843024,16389487.49,24710720.07,0,1416376.9,3322921.05,4596257.51,1256801.29,12130204.73,13452942.03,17765560.49,14.34945098,0.146085902,0.368231882,0.019114374,0.108136145,66227476.29,63986057.55,3511930.35,"2018, 2020, 2022, 2024, 2026","chc bold pac","C00365536","Q","DC",328
"comm200733",3011067.57,74.89361033,0.8975999,0.571229428,8.296441212,0.427946059,0,0.434842186,0,0.001114882,0,0.001114882,0,0,0,1.42124e-05,1.42124e-05,0.521027913,0,0,0.484551094,0.569090964,0.329633504,0.379712146,0.695003338,0.857261555,0.865488355,0.821421836,0.948412012,0.951341193,470894,580811,0.03,176190,676613,25027,10.12775048,9238014.37,3059589.35,0,0,0,7844.41,0,100,0,9354718.37,3.772715063,0.018511002,0.271256325,0.002365092,0.088575535,8093720.37,7036091.37,1084773.04,"2022, 2024, 2026","elect diverse democrats pac","C00782599","Q","DC",328
"comm150658",13400630.23,70.8956498,0.782548151,0.412812748,4.3575456,0.448705792,0.135904713,0.58302084,0.01674728,0.234715182,0.01267078,0.228473317,0.073114366,0.015855787,0.009238564,0.108187542,0.111629775,0,0.011042924,1031471,0.272325311,0.312834747,0.781257389,0.742878225,0.352320221,0.548098873,0.553280837,0.58636452,0.833017986,0.835649322,230982,359154,0.047849379,348087,657734,16052,9.683651027,23327417.89,17411958.65,26624.5,473534.19,378413.74,6823371.77,2183565.7,3231028.6,275910.37,25055054.89,1.867188676,0.002703669,0.033609172,0.000134004,0.006094753,28287726.6,28195279.85,92446.75,"2020, 2022, 2024","democratic victory pac, inc.","C00753558","O","DC",NA
"comm151094",7641576.99,65.82385401,0.635729863,0.266727187,2.35581474,0.328396809,0.027224617,0.394171071,0.031465672,0.219576147,0.106129503,0.111667367,0.029218768,0.025109047,0,0.000361517,0.000368444,0.0042975,0,0,0.157057498,0.155558475,0.57577177,0.558380343,0.198174197,0.352884924,0.361593403,0.560545705,0.789589288,0.79810417,109084,194914,0.005673232,278867,578687,1421,7.25981961,15723104.24,9172100.67,147914.49,584270.94,2469563.49,2598425.93,679901.45,8412.27,0,17094675.76,2.142710734,0.003981378,0.038363654,1.92172e-05,0.000255279,23777978.82,23011173.04,3515839.09,"2020, 2022, 2024, 2026","powered by people","C00731042","V","TX",328
"comm8742",215352.96,59.28941839,0.45299186,0.163907839,1.115765482,0.003295095,0.018100227,0.003611948,0.001720125,0.05430477,0.03319048,0.02105172,0.005292896,0.001683099,8.56851e-05,0.019307241,0.019307241,0.125938533,0,0,0.104223184,0.089213881,0.021885339,0.021927727,0.11561925,0.181303688,0.194297312,0.554138106,0.693255529,0.732740426,55791,88149,0.019801169,210993,530078,3692,8.214194415,19946749.78,236061.14,2419.83,110000,2169184.49,1375848.23,345920.51,1261836.75,5600,45588336.28,3.841376899,0.019103424,0.047039873,0.000155777,0.000892265,65536401.47,65355622.27,257993.82,"2018, 2020, 2022, 2024, 2026","texas democratic party","C00099267","Y","TX",100
"comm155024",3179296.37,75.55968187,0.90874853,0.605601218,9.247122274,0.45200795,0.00369648,0.597231037,0.016118787,0.045964613,0.041889161,0.004075452,0.00369648,0.016118787,0,0.17167308,0.17167308,0,0,0,0.494528242,0.567750068,0.587772326,0.560951527,0.752320758,0.898743432,0.902751718,0.857406637,0.962805085,0.963616744,350992,418666,0.03,115265,466444,14643,9.591785974,6317843.9,4200754.58,0,113375,294636.54,28665.58,26000,1207500,0,6392267.9,3.462427222,0.015457322,0.166940889,0.001067271,0.027944057,7697154.28,7033717.81,787958.12,"2020, 2022, 2024, 2026","demand justice pac","C00760827","O","DC",328
"comm7064",829624.65,69.39178829,0.746713053,0.392695114,3.691989235,0.00768826,0.029793671,0.011931207,0.000907228,0.024273154,0.014696962,0.009541393,0.001923477,0.000837465,0,0.000409823,0.000409823,0.015296207,0.000154027,10000,0.246048153,0.249440713,0.165133469,0.112897973,0.404039727,0.531406286,0.553495003,0.742719373,0.877294123,0.894015113,167835,223010,0.00473432,142979,445864,871,6.770789424,12036781.74,1287472.62,7528,90369.12,1585919.63,1029592.57,207558.49,44223.21,0,24463916.63,3.519138441,0.02246662,0.149965749,0.001143867,0.018333034,108022178.7,107907990.9,492627.43,"2018, 2020, 2022, 2024, 2026","democratic executive committee of florida","C00005561","Y","FL",100
"comm150285",374183.27,77.13895918,0.940087824,0.674849724,13.02114071,0.047933469,0.006994346,0.100999424,0.001874555,0.034889033,0,0.034889033,0.006994346,0.001874555,0.058088548,0.023980616,0.023980616,0,0,0,0.409585903,0.488663877,0.061010195,0.218091122,0.791155652,0.90685918,0.912847339,0.90888548,0.973644158,0.974606558,348406,398711,0.068155688,87532,440993,5167,8.550241045,7411790.77,788432.29,0,14633.35,0,272354.43,54600,187200,453456.91,7980680.27,4.926244526,0.033605544,0.248343644,0.003019357,0.051697431,7931780.52,7806304.82,120500.7,"2020, 2022, 2024, 2026","occupy democrats election fund","C00718510","O","DC",328
"comm209344",1650859.72,72.1141503,0.821157352,0.460949994,5.433400598,0.24181262,0,0.284313491,0,0.008625615,0,0.008625615,0,0,0,0,0,0.721398153,0,0,0.47878898,0.523068394,0.312557589,0.281191008,0.370182554,0.593199092,0.598710383,0.528853173,0.784054893,0.787863703,157163,251884,0.021636924,205314,421772,4430,8.396380571,6225999.63,1941014.04,0,0,0,58887.25,0,0,0,6313599.63,2.002578398,0.002639915,0.035700088,8.95883e-05,0.002550053,7052185.7,6827020.53,1166799.78,"2024, 2026","democrats who win","C00853481","V","DC",328
"comm208501",5447815.62,68.99510232,0.728914604,0.347976936,3.435860814,0.424560186,0.006134042,0.442653402,0.000492579,0.234321673,0.203903401,0.024587716,0.011964597,0,0,0,0,0.280558164,0,0,0.356737631,0.358050567,0.43643047,0.371808485,0.158389985,0.349842923,0.353602729,0.398498598,0.68632829,0.68776547,65978,144883,0.003292448,276195,410744,923,6.828712072,9684959.87,5679981.78,6320.61,0,2616420.88,315501.43,153525.75,0,0,12254314.81,1.502926672,0.000387147,0.0028851,0,0,16235125.88,12831668.64,3894088.67,"2024, 2026","campaign for democracy committee","C00836346","N","CA",NA
"comm151977",518320,64.65861413,0.562828564,0.194673219,2.328481438,0.061172341,0.04992061,0.14845852,0.027443051,0.061631128,0,0.059567839,0.051983899,0.027443051,0.349946533,0.000947704,0.000947704,0,0,0,0.165599677,0.148869336,0.10314631,0.212219079,0.21110727,0.349302086,0.36015827,0.592589027,0.820463236,0.827501667,70341,122484,0.006640297,166202,402233,898,6.801283034,7923295.4,1257905.44,0,232528,0,504724.88,440465.32,8030,2965135.64,8371083.4,2.687576666,0.008492526,0.110369044,0.000100129,0.00744719,8480018.2,8473110.48,21457.5,"2020, 2022, 2024, 2026","meidastouch","C00746073","O","MI",328
"comm201439",1919046.56,77.57314515,0.951659219,0.700279856,14.77822149,0.277243132,0.066332737,0.320714096,0,0.256007047,0.224570074,0.031420359,0.061350208,0,0.171320758,0.016108316,0.016108316,0,0,0,0.399756778,0.488088182,0.2750299,0.416446502,0.786436945,0.914855445,0.919633629,0.920311082,0.983268423,0.984244177,309637,360256,0.081582849,75339,393896,5809,8.66733585,8183002.06,2219947.81,0,0,1554449.43,217488.28,424659.41,111500,1185863.5,8773211.38,4.613583669,0.028186421,0.233527592,0.003253452,0.070794983,7117962.72,6921890.36,682132.87,"2022, 2024, 2026","bluewaveamerica","C00787945","O","KY",328
"comm204308",3692370.4,73.80974004,0.87136093,0.539681326,7.164182643,0.345225779,0.214310272,0.375899531,0.056420128,0.062316748,0.028265389,0.034051359,0.035898914,0.049921508,0.096755209,0.004850441,0.004850441,0.166892253,0,0,0.475063989,0.530613627,0.646318812,0.653122394,0.436110451,0.676211132,0.679729224,0.592333193,0.844519184,0.846411618,171420,265618,0.023540802,142256,392600,3361,8.120291314,5959924.16,4020442.23,69506.14,533936.66,302313.13,364197.11,383957.67,51878,1034847.6,5985486.16,2.406159285,0.00555399,0.076014288,0.000203457,0.005190447,10782794.25,10695523.41,1434232.8,"2024, 2026","democracyfirst pac","C00808998","Q","DC",328
"comm24501",16367530.29,72.97948582,0.846780072,0.475636194,5.732141136,0.056838834,0.077748726,0.065811431,0.016964967,0.421221491,0.346430347,0.074688365,0.053228828,0.016819436,0.425678205,0.005142836,0.006843073,0,2.92349e-06,5000,0.296049618,0.323084195,1,0.446503272,0.435847109,0.620086257,0.633254471,0.710812614,0.904367481,0.912510122,162285,229409,0.017536836,162427,367630,2808,7.940583827,7339981.52,18951313.93,41907.6,4843389.94,99759421.84,21507550.38,15327979.18,1480951,122579941.5,106746102.9,3.180178713,0.007531752,0.027453924,0.000122249,0.002227421,271752335.9,271005837.3,2087474.9,"2018, 2020, 2022, 2024, 2026","american bridge 21st century","C00492140","O","DC",100
"comm208706",2697573.05,74.05957377,0.882318117,0.536868859,7.431388871,0.409883879,0,0.449443291,0,0.002067866,0,0.002067866,0,0,0.387915985,3.03891e-05,3.03891e-05,0.134319754,0,0,0.490113965,0.554058334,0.640696753,0.609796982,0.64686247,0.839776398,0.845649572,0.787698806,0.939009441,0.941602523,226186,294004,0.061225026,110642,350379,6494,8.778787929,4589145.52,2957925.82,0,0,0,13609.27,0,200,2552995.52,4609845.52,3.476256166,0.015062101,0.166908956,0.000883227,0.028294653,6710069.55,6581310.44,389961.24,"2024, 2026","pro choice women","C00840702","N","DC",328
"comm151757",13356.15,63.22116025,0.552612411,0.197608971,1.580206466,0.003217668,0.066027359,0.50793175,0.001927303,0.035623246,0,0.035623246,0.066027359,0.001927303,0.18799334,0.112024477,0.112024477,0,0,0,0.233482002,0.214668006,0.496922382,0.627175845,0.235387667,0.348426109,0.373544739,0.561569663,0.701157084,0.740188611,76470,117344,0.016133311,117403,338733,1201,7.091742115,4470774.47,2108363.02,0,8000,0,147867.77,274071.55,465000,780337.53,4624184.56,9.804468641,0.044803272,0.256521261,0.000222358,0.003063246,4175761.75,4150878.58,24883.17,"2020, 2022, 2024, 2026","stop 45 pac","C00743427","O","IL",328
"comm11871",485250.25,67.74995861,0.706311951,0.342089554,2.80995858,0.004905893,0.026156736,0.022997441,0.003484623,0.008874452,0.000199174,0.009458666,0.002330158,0.003484623,0,0.0001011,0.0001011,0.016594216,4.07142e-05,23412.5,0.173340901,0.158863728,0.215197212,0.144977557,0.28048562,0.419461786,0.431374779,0.723040964,0.851633357,0.877254424,89713,131860,0.018072787,120913,332693,1954,7.578145472,10215481.54,2274716.36,0,344670,19700.66,935572.89,230479.89,10000,0,27362615.55,3.197079211,0.012138412,0.06211395,0.000112953,0.001482921,99346665.21,98911715.53,1243135.96,"2018, 2020, 2022, 2024, 2026","arizona state democratic central executive committee","C00166710","Y","AZ",100
"comm135457",558612.15,67.57053036,0.686010758,0.309885857,2.703397732,0.03407584,0.034464726,0.062193901,0.019947413,0.094086982,0.001896448,0.091418393,0.023680062,0.017131543,0.001764085,0.007467224,0.007467224,0,0,0,0.221928545,0.20971904,0.174164185,0.152149513,0.396775611,0.486416396,0.522607889,0.764319772,0.877846348,0.893675337,116726,146571,0.016841407,113891,318365,2466,7.810758117,5913604.09,1019557.22,46161.12,280840.86,31088.85,1498640.24,388192.05,122411.72,28919,6701693.09,2.356854223,0.009412151,0.096445118,0.00014639,0.002321106,15492628.21,16393202.58,367.71,"2018, 2020, 2022, 2024","democracy for america","C00370007","Q","VT",100
"comm153899",3410143.22,72.29327288,0.831922088,0.469801525,5.796418573,0.290630099,0.389202938,0.347675989,0.001583698,0.078672353,0.065897332,0.012078724,0.341653001,0.001583698,0.02483141,9.75573e-06,9.75573e-06,0.001704504,0,0,0.424505077,0.475686413,0.510060984,0.511652447,0.515317691,0.754847642,0.759348215,0.700158993,0.912073565,0.912969884,160625,235663,0.028168908,125656,312803,3294,8.100161447,7749536.91,4079498.03,0,18582.51,773214.27,141727.16,4008826.57,114.47,291362.33,9956347.92,2.479905641,0.006496142,0.063806909,0.000176413,0.00722683,12307597.48,11733620.25,732363.28,"2022, 2024, 2026","paf","C00754069","V","DC",328
"comm150898",1013477.8,64.90275137,0.591766434,0.149639894,1.929942502,0.008631175,0.193685634,0.077685074,0.085239627,0.03571058,0.007116182,0.028594398,0.193685634,0.085239627,0.432245092,0.003847825,0.003847825,0,0,0,0.092048677,0.107016058,0.324128853,0.109855136,0.112661227,0.219140011,0.227439165,0.438117832,0.693926415,0.697332395,32561,64277,0.003664802,75466,309720,269,5.598421959,34690393.54,9121828.58,0,10008888.73,835586.4,3357571.57,22742684.67,451814,50754481.07,57343100.78,2.630586397,0.003771469,0.011177126,1.21277e-05,0.000187278,118273394.5,117420607,852787.57,"2020, 2022","the lincoln project","C00725820","O","DC",NA
"comm11802",209000,62.05032666,0.534167594,0.213763949,1.548291072,0.002576006,0.032686371,0.006960417,0.000603796,0.008080412,0,0.00796736,0.008577961,0.000603796,0,0.000404128,0.000404128,0.015047078,0,0,0.098615018,0.082503586,0.030120291,0.026807476,0.105709976,0.186453071,0.19438875,0.52510646,0.747675498,0.763111395,28396,50531,0.00854965,151975,293116,971,6.879355804,16294151.08,564722.02,0,48988,0,646418.68,695958.8,32788.23,0,39332841.06,2.693280486,0.007651372,0.023312053,0.000123642,0.0007643,81059558.92,81133357.25,496751.05,"2018, 2020, 2022, 2024, 2026","north carolina democratic party","C00165688","Y","NC",100
"comm199077",3009427.79,76.98856257,0.944948071,0.678192659,13.51877334,0.613364959,0.001865498,0.716706841,0.016117751,0.123089719,0,0.06406193,0.065571942,0.013146034,0.011674952,0.133192762,0.133705755,0.046265887,0.002950677,15000,0.453833844,0.525301708,0.733509162,0.750555955,0.796997169,0.924289185,0.92790653,0.908783227,0.980221205,0.980725514,231820,268684,0.03,63046,290525,8091,8.998631198,4848138.98,3516466.75,14580.5,64500,0,314314.91,321723.67,653500,57282.25,5190623.98,4.495633633,0.026772791,0.180208176,0.001533707,0.027136658,5015797.64,4869098.05,147190.67,"2024, 2026","no vote left behind pac","C00772848","Q","DC",328
"comm140385",660684.09,71.59204409,0.81374091,0.417135733,4.698701375,0.035900435,0.414096839,0.11818012,0.003851355,0.004467615,0,0.004380674,0.04469355,0.003851355,0,0.018476103,0.018476103,0,0.006606256,90000,0.267683699,0.259930081,0.62393037,0.598120229,0.467715341,0.605858303,0.633316874,0.803866559,0.894906477,0.911318019,131918,171469,0.017117197,107209,283028,2164,7.68017564,4897569.62,2174896.34,0,70877.38,0,80618.56,822505.83,340020.04,0,5381163.08,4.023998748,0.018601499,0.125498656,5.21468e-05,0.001162895,18487690.87,18403233.51,189308.69,"2018, 2020, 2022, 2024, 2026","daga","C00638320","V","DC",328
"comm209610",3089439.31,72.68111784,0.839652417,0.483092594,5.992561847,0.64805281,0,0.697400191,0.008180792,0.000933659,0,0.000933659,0,0,0,0.201373335,0.201373335,0.052440973,0,0,0.485999857,0.53821977,0.721436828,0.627827007,0.531351746,0.747094505,0.752147608,0.688327208,0.886779477,0.889377949,148820,209525,0.074261522,105831,280354,6760,8.818926087,4495398.22,3324691.34,39000,0,0,4451,0,960000,0,4555997.22,3.324093334,0.008067296,0.097161214,0.000358922,0.014465003,5164372.3,4767264.74,397107.56,"2024, 2026","democrats 2024","C00860163","O","DC",328
"comm159710",781466.83,73.4164606,0.856436124,0.519842461,6.932316941,0.306524802,0,0.357193098,0,0,0,0,0,0,0,0,0,0.607976468,0,0,0.48983279,0.555290216,0.196099535,0.238900576,0.581697758,0.79514977,0.798915543,0.726030926,0.920390958,0.922387228,155100,212990,0.070220341,99110,269003,6031,8.70483391,4795574.92,910642.65,0,0,0,0,0,0,0,4891574.92,2.982351793,0.013212796,0.215656593,0.001261868,0.042599765,4011854,2549440.78,1462413.22,"2024, 2026","blue victory fund pac","C00884478","N","DC",328
"comm7543",104297.39,59.27109692,0.453964627,0.168576723,1.115748917,0.000928255,0.004093537,0.00866318,0.005479518,0.025925872,0.013597783,0.012175053,0.004155818,0.005392616,3.00745e-05,0.001163997,0.001163997,0.004042146,7.34083e-06,2000,0.076754463,0.060562617,0.155671904,0.068552911,0.075520226,0.129195034,0.134139857,0.445895626,0.579324445,0.613573526,20486,34241,0.006480292,94380,268490,668,6.50578406,9934625.26,973382.4,9764.19,605906.52,1527827.28,1367971.47,466941.7,130785,3379.13,20753724,3.462995244,0.016132951,0.069540646,0.000113079,0.001206288,112771479.6,112358560.3,529482.83,"2018, 2020, 2022, 2024, 2026","michigan democratic party","C00031054","Y","MI",100
"comm149614",575080.1,45.27585542,0.125406027,0.031564897,0.273331774,0.133930651,0.059042815,0.161603716,0.050700246,0.098479257,0.022536301,0.075942956,0.003493356,0.050700246,0.047742538,0.001293993,0.001293993,0.163238924,0,0,0.042058099,0.033527857,0.116402666,0.503428114,0.022774479,0.037372821,0.041125978,0.226787166,0.272793938,0.329218295,4747,8472,0.009695579,121170,252165,610,6.415096959,3671832.39,693904.5,0,217700,96767.83,326088.78,15000,5556.23,205000,3911832.39,11.7832351,0.074373216,0.23445778,0,0,4480090.23,4293864.74,186225.49,"2020, 2022, 2024","grassroots law pac","C00712109","V","CA",328
"comm208499",2593735.41,67.21461271,0.676139,0.282818513,2.650858684,0.338896747,0.038495168,0.327640704,0,0.359516276,0.307096272,0.052420005,0.038495168,0,0,0.006132514,0.006200328,0.326653146,0,0,0.1878975,0.188601268,0.250319026,0.247385294,0.164862756,0.328721705,0.334829377,0.431144864,0.68177609,0.685575091,41325,82552,0.007852774,144816,251134,841,6.735780014,4140816.56,2507587.65,0,0,2350351.49,401194.83,294621.54,46935,0,4210527.56,4.56248745,0.00154021,0.010615276,0,0,14873561.98,7181074.26,7692487.72,"2024, 2026","campaign for democracy pac","C00836320","N","CA",328
"comm205763",1748066.83,74.19170581,0.873584458,0.570473532,7.427850076,0.449289367,0.003497476,0.49491497,0,0.037020139,0,0.037020139,0.003497476,0,0,0,0,0.411233126,0,0,0.535866617,0.604217023,0.476195428,0.489760979,0.589721736,0.746959801,0.750435502,0.683494992,0.8321519,0.833461524,141844,179664,0.099150846,68421,240527,6784,8.822469572,4043684.48,1925584.06,0,0,0,144035.63,13607.76,0,0,4118604.48,3.51539732,0.019073092,0.198470684,0.001520001,0.047004883,4056181.85,3890737.15,1232822.59,"2026","dem turnout 2026","C00894295","V","IL",328
"comm143051",1074066.15,74.61877479,0.882983272,0.555359856,8.43212421,0.311242341,0.102944164,0.44082393,0,0.004288522,0,0.004288522,0,0,0,0.316004533,0.316004533,0,0.001184837,3815.5,0.416911012,0.462182988,0.544461943,0.588710399,0.641637394,0.808697076,0.825908386,0.831857955,0.951346928,0.955346003,148801,188427,0.025651657,90791,237214,1972,7.587310506,3420218.34,1521239.24,0,0,0,14799.26,0,1090500,0,3494870.84,2.788315919,0.009571401,0.123116157,0.000235119,0.010957184,3533074.98,3450899.86,149742.76,"2020, 2022, 2024, 2026","progressive majority pac","C00663609","Q","DC",328
"comm208656",2026351.38,74.61102587,0.892035503,0.566844445,8.248662238,0.911625357,0,0.999629295,0.018895176,0.000370705,0,0.000370705,0,0,0,0,0,0,0,0,0.499108438,0.5525243,0.653091682,0.652404278,0.515478845,0.772084262,0.774506035,0.667080973,0.894877117,0.89580824,120687,180765,0.012023213,93569,234126,1125,7.026426809,3402226.18,2221965.62,42000,0,0,824,0,0,0,3427825.18,2.502174866,0.006594064,0.076355055,0.000299244,0.00787922,3405810.93,2145816.97,1259993.96,"2026","democrats 2026","C00897173","O","DC",328
"comm135648",104366.6,70.93099816,0.792921471,0.410029166,4.270571277,0.013131962,0.3824038,0.069024602,0,0.059915719,0.032643555,0.027272164,0.034071207,0,0.001129179,0.066876165,0.066876165,0,0,0,0.228063543,0.227627774,0.099238449,0.080970018,0.273452907,0.405446756,0.418450098,0.547580718,0.757528716,0.766811484,75417,104710,0.032702493,113678,226468,3562,8.178358166,5948043.62,548574.76,0,0,259435.47,216746.21,270781.77,531500,8974.18,6459843.62,3.927132052,0.007977968,0.033174952,0.000210089,0.002919301,9145577.35,7947525.12,1226461.62,"2018, 2020, 2022, 2024, 2026","grassroots victory pac","C00608380","N","DC",328
"comm148805",1006076.99,74.20281073,0.883466338,0.551957228,7.403341679,0.488527454,0.000485577,0.55704107,0,0.001688714,0,0.001688714,0.000485577,0,0.103422112,0.088277828,0.088277828,0.206370059,0,0,0.533093315,0.586955519,0.382643302,0.385096492,0.60734472,0.822217824,0.824355047,0.730957055,0.909794724,0.910732838,136753,185273,0.065969191,78181,225151,4640,8.442685139,2992830.49,1147174.43,0,0,0,3477.75,1000,181800,212988.25,3012430.49,2.84454527,0.009885618,0.114051726,0.000483955,0.016593396,2977197.95,2059407.27,917790.68,"2024, 2026","stop project 2025","C00884874","V","DC",328
"comm207546",5257644.32,70.28437615,0.764351948,0.390912123,4.184935628,0.540679488,0.124316876,0.584992259,0.006581557,0.078922343,0.069515629,0.009406714,0,0.001079787,0.025285571,0.177393536,0.177393536,0,0,0,0.29659441,0.331679732,0.776626336,0.620155919,0.297142146,0.514964157,0.517221476,0.491909967,0.768556516,0.769892861,66785,115703,0.031204901,139479,224550,4311,8.369157113,7325810.29,5688548.02,53500,10500,675979.87,91472.23,0,1725000,245880.49,7502008.29,1.464196076,0.000328458,0.004895555,1.21651e-05,0.000821282,9740718.63,9724142.38,16576.25,"2022, 2024","democratic election fund","C00824334","N","DC",328
"comm144351",294724.52,71.80037264,0.820931614,0.416999892,4.840112478,0.085485427,0.147926503,0.228262365,0.242668965,0.142557905,0.035349918,0.107207987,0.147926503,0.242668965,0.01049292,0.0848402,0.0848402,0,0.087686606,259919,0.34797254,0.397420074,0.253915343,0.26678812,0.559659818,0.711833241,0.734096217,0.799757833,0.925473672,0.933220352,119634,154227,0.013970438,89313,218425,1240,7.123672785,3336111.26,786970.58,0,836639.61,121874.43,369616.48,510000,292500,36176,3366941.26,5.874600025,0.023647207,0.140936856,0.000572332,0.007006246,3453825.42,3447658.05,6167.37,"2018, 2020, 2022, 2024","when democrats turn out pac","C00669960","N","DC",328
"comm204531",0,73.03730783,0.853223943,0.473345352,6.278385846,0,0,0,0,0.038475984,0,0.038475984,0,0,0.060774547,0.07663381,0.07663381,0,0,0,0.270093977,0.287035958,0,0,0.443261455,0.677877442,0.683798119,0.751786494,0.942293814,0.943056159,94235,144223,0.010558562,105700,212877,1099,7.003065459,4183898.39,0,0,0,0,166187.1,0,331000,262500,4329227.62,1.97900313,0.002705221,0.03746279,9.41462e-05,0.002919556,4219251.19,4319242.39,-99991.2,"2022, 2024, 2026","democracy defense fund","C00811786","Q","CA",328
"comm200661",5262716.8,71.89306252,0.809977211,0.450415542,5.341362086,0.567775536,0.00388391,0.688711305,0.006239126,0.039782443,0.035093826,0.004688618,0,0.006239126,0.014180269,0.228266031,0.228266031,0,0,0,0.390874636,0.414951918,0.920523195,0.716786919,0.372046031,0.60285978,0.605510032,0.578709943,0.827955773,0.829619865,79180,127605,0.050002397,121342,210444,6073,8.711772646,6175497.42,6383671.59,0,57830.52,325285,43458.84,0,2115800,131437.05,6281297.42,1.837563009,0.001962071,0.02079833,3.25215e-05,0.000769466,9524698.73,9269009.44,255689.29,"2022, 2024","democratic majority, inc","C00781039","V","DC",NA
"comm210484",894157.39,75.2557056,0.911499505,0.597658102,9.340656727,0.328336163,0.182728197,0.388662248,0,0.00129826,0,0.00129826,0.182728197,0,0.124848597,0.045496297,0.045496297,0.247861185,0,0,0.537811632,0.596560607,0.383696444,0.351845381,0.667982102,0.876365733,0.879939365,0.787881077,0.947846932,0.948679907,137477,180240,0.081964417,65809,205473,5327,8.580731212,2759457.09,1058443.33,0,0,0,3535.55,497623.43,123900,340000,2778557.09,3.062238615,0.012847419,0.1457198,0.000413622,0.016160796,3657801.9,2723298.53,934503.37,"2024, 2026","crush maga pac","C00879221","W","DC",328
"comm148607",3722733.04,67.09813615,0.671507308,0.331692663,2.737296799,0.229892833,0.185453961,0.312538238,0.031372234,0.171880828,0.017381771,0.154499057,0.015706646,0.005206615,0,0.034612993,0.034612993,0,0,0,0.171698299,0.141465023,0.750117294,0.389075499,0.275569711,0.36361031,0.382870005,0.782790826,0.850047882,0.886322808,56515,75289,0.016259545,57291,195506,1283,7.157735484,8225719.04,5061038.27,423708.79,84312.5,281468.94,2501855.92,254343.07,560500,0,9461627.24,4.649146746,0.021395584,0.064143475,5.36769e-06,8.30679e-05,16641556.26,16193341.01,448215.25,"2018, 2020, 2022, 2024, 2026","national democratic redistricting pac","C00630707","N","DC",328
"comm206839",2141412.23,75.46505604,0.925049531,0.601171009,9.342204133,0.93819023,0,0.998794739,0,0.001205261,0,0.001205261,0,0,0,0,0,0,0,0,0.530862984,0.590284705,1,1,0.5834311,0.843521663,0.846248842,0.718796954,0.931594113,0.932530616,113384,163930,0.026427585,74619,194340,1972,7.587310506,2057603.94,2279741.57,0,0,0,2751,0,0,0,2071103.94,2.604430507,0.008000643,0.112574394,0.000629866,0.022491232,2065480.51,1403381.26,662099.25,"2026","retired dems 2026","C00895193","O","DC",328
"comm210541",2032995.94,73.61016091,0.858437948,0.533813818,7.297057958,0.679663072,0.046854387,0.757331837,0.02841686,0.013530053,0.003229803,0.010300249,0.046854387,0.02841686,0,0.156359593,0.156359593,0,0.002305764,6507,0.5174408,0.574661205,0.802361811,0.737297185,0.582140284,0.793109898,0.796382388,0.718497008,0.907595996,0.909666279,109507,149604,0.098578256,65172,189215,5954,8.691986482,2755524,2265317.35,0,85000,9660.93,30809.92,140150,467700,0,2782724,2.957337806,0.010963143,0.136776636,0.000575582,0.021039181,3212559.7,2991181.99,337117.2,"2024, 2026","elect dems now pac","C00880062","N","DC",328
"comm135305",1954056.36,57.74043179,0.437464559,0.196789538,1.047486465,0.039233554,0.353563947,0.05780458,0.004893777,0.106408989,0.061729602,0.044679387,0.170680703,0.004881981,0.351007466,0.006474776,0.006576178,0.000622689,0,0,0.117096269,0.091220109,0.452819954,0.467281798,0.151925956,0.214689425,0.229454441,0.468481291,0.613424735,0.631367868,34451,47735,0.003089034,61432,188642,111,4.718498871,3884279.09,2879000.13,587.5,243150.69,3074488.76,2225290.14,8500879.42,322481.04,17482188.04,4715241.31,3.53173987,0.012369984,0.085351613,5.314e-05,0.000532015,54578671.2,49703666.98,4985394.14,"2018, 2020, 2022, 2024, 2026","working families party national political action committee","C00606962","Q","NY",328
"comm139707",823789.3,50.30759895,0.18714519,0.065949983,0.52916103,0.088055481,0.302503184,0.167742994,0.145884433,0.233290806,0.09770377,0.135187051,0.073662197,0.145884433,0,0.013361348,0.013361348,0.01368202,0,0,0.072332893,0.051951172,0.352740481,0.72938381,0.069187915,0.083457578,0.099296714,0.416457551,0.4627019,0.527157962,9913,12675,0.007705718,36462,183930,496,6.208590026,3699542.47,1569293.38,0,1364799.03,914052.36,1264721.34,689135.18,125000,0,4010475.8,8.14034667,0.056540031,0.240018982,1.00693e-05,0.000186604,9386124.42,9355343.8,30780.62,"2018, 2020, 2022, 2024","real justice pac","C00632554","V","CA",328
"comm151506",1064520.3,75.28442252,0.900987192,0.5926577,9.078453184,0.462160737,0.00517654,0.822061467,0.00282197,0.027775543,0.021596644,0.0061789,0.00517654,0.00282197,0.031680603,0.056699898,0.056756718,0.053883921,0,0,0.428132728,0.479211377,0.859173796,0.836340141,0.642886963,0.834944823,0.841945968,0.821972083,0.952056268,0.95489807,117440,151547,0.030534354,70977,182820,2076,7.638679824,2288325.6,1893499.49,0,6500,49744.74,14232.2,11923.41,130600,72971.68,2355550.6,2.594727575,0.007288711,0.089429142,0.000226099,0.007685021,2480481.5,2301228.2,180373.18,"2020, 2022, 2024, 2026","unitedemocrats pac","C00740126","W","NC",328
"comm201254",10639.8,77.42614467,0.942117356,0.695249306,14.39283439,0.003648698,0.009259087,0.005467285,0,0.004598526,0,0.004598526,0,0,0,0.00411515,0.00411515,0,0,0,0.435622627,0.499324924,0.006712154,0.202045378,0.864724807,0.948955704,0.951988357,0.951934937,0.989372436,0.989742588,157731,173258,0.091935015,43595,182683,3883,8.264620829,2887918.71,15942.9,0,0,0,13409.55,0,12000,0,2962428.71,3.989883352,0.019770292,0.1543919,0.001126171,0.0248456,2990113.73,2916054.15,74059.58,"2022, 2024, 2026","future democrats pac","C00785311","N","CO",328
"comm22270",563680.8,55.47798618,0.356859335,0.134179403,0.785754513,0.021292345,0.09628857,0.126454872,0.109575535,0.352432186,0.215475011,0.134706789,0.116123578,0.107633958,0.108643786,0,0,0,0,0,0.09421913,0.076008344,0.676744211,0.609347299,0.105937526,0.14979417,0.164628736,0.463756042,0.562170676,0.59949029,20527,30175,0.003813302,60563,181391,250,5.525452939,3421311.03,3347690.68,51400.15,2849437.04,5704356.61,3566147,3074186.17,0,2876170.64,3619445.38,8.971842932,0.0133931,0.040419643,0,0,27041567.37,25006827.41,2617033.66,"2018, 2020, 2022, 2024, 2026","colorofchange pac","C00428557","V","CA",328
"comm11903",172941.6,59.60599075,0.467957195,0.168861525,1.1124093,0.001401283,0.011988138,0.012753397,0.001070812,0.016172683,0.002900409,0.013224108,0.002772984,0.001070812,0,0.000172181,0.000172181,0.018189528,0,0,0.107685053,0.100109182,0.239546118,0.18160368,0.135040028,0.21820493,0.226529049,0.547484223,0.754960228,0.779351287,20825,35079,0.012273472,107216,181326,783,6.66440902,7969757.14,1573980.68,0,132155.95,357958.53,1632074.2,342232.17,21250,0,21895227.14,2.985697597,0.005426179,0.016279381,1.7436e-05,9.86314e-05,122292172.3,123416584.2,358802.95,"2018, 2020, 2022, 2024, 2026","pennsylvania democratic party","C00167130","Y","PA",100
"comm209741",2128765.03,73.67217031,0.868793325,0.526531873,6.942429947,0.473102626,0.002233435,0.505294946,0.004555977,3.72034e-06,0,3.72034e-06,0,0.004555977,0.434243694,0,0,0.015556994,0,0,0.503920677,0.560445552,0.919046836,0.80052834,0.611115735,0.828482854,0.833116501,0.758570595,0.93175835,0.934083129,109029,147919,0.062074825,66359,178428,3814,8.246695944,2449498.36,2273617.08,0,20500,0,16.74,0,0,1953916,2463998.36,2.852915366,0.007228907,0.104515001,0.000395726,0.017642301,4580411.13,4499584.05,102406.76,"2024, 2026","pro choice majority 2024","C00864363","V","DC",328
"comm208878",1247963.94,76.68029178,0.927346361,0.660087159,12.19697807,0.581314516,0.010993124,0.64129862,0.056715414,0.012114749,0,0.012114749,0.011319191,0.056715414,0,0.242920096,0.243118158,0.028566751,0,0,0.433655629,0.487816046,0.562352181,0.547109935,0.674261253,0.877850708,0.879663725,0.836526584,0.965150176,0.965552082,118946,154864,0.033144046,67395,176484,2247,7.717796211,2484653.03,1376737.6,0,121756.45,0,26007.9,24300,521500,0,2507953.03,2.61308378,0.006929214,0.078478183,0.000289384,0.009708653,2586214.27,2048541.56,537672.71,"2024, 2026","democratic turnout project pac","C00844639","Q","RI",328
"comm205702",1724110.42,75.29202789,0.89857137,0.60902628,9.265024648,0.885884142,0,0.959139413,0.032563406,0.000472458,0,0.000472458,0,0.032563406,0,0,0,0,0,0,0.504571503,0.56779066,0.822634904,0.828249177,0.617474785,0.845974806,0.848189803,0.75067664,0.934296324,0.935617031,104260,142842,0.015315017,66536,168849,1019,6.927557906,2269147.64,1866680.05,0,63375,0,919.5,0,0,0,2275647.64,2.537708909,0.00802573,0.112729073,0.000601178,0.02056034,2255967.3,1913051.2,348752.47,"2026","pro choice majority 2026","C00894063","V","DC",328
"comm206366",3371142.44,70.7214661,0.772321574,0.407995384,4.426902552,0.588324866,0.013961436,0.710921575,0.006125241,0.092790525,0.01229828,0.080492245,0,0.006125241,0.027478879,0.214657078,0.214657078,0,0,0,0.312030279,0.343152074,0.957937688,0.747504183,0.323643508,0.52675233,0.529414945,0.506939424,0.7652432,0.766718203,54989,89229,0.039272957,108064,168621,4244,8.353497099,4320942.48,4073630.12,0,35098.06,70470,461226.17,0,1230000,157455.89,4386271.48,1.677708107,0.001355253,0.021005696,9.10153e-05,0.003734312,5752825.53,5730069.62,22755.91,"2022, 2024","democrats united","C00819631","N","DC",NA
"comm151321",92300.49,69.36751717,0.756131713,0.324409726,3.267329599,0.027755234,0.077415843,0.238629252,0.063771611,0.008623165,0,0.008623165,0.077415843,0.063771611,0.499219033,3.00705e-05,3.00705e-05,0,0.013665068,86739.49,0.297477277,0.287208238,0.473064834,0.369907247,0.413131896,0.545783043,0.568917725,0.704141399,0.8467341,0.865728562,66646,90738,0.014673892,66258,165014,809,6.697034248,2132453,793565.54,0,212073.55,0,28676.48,257447.67,100,1660161.18,2515553,4.941669346,0.02617982,0.133889149,0.000568297,0.005729259,3372436.71,3325516.6,46920.11,"2020, 2022, 2024","committee to protect medicare pac","C00736637","O","IL",328
"comm154498",1758555.22,73.99912745,0.875300445,0.552704498,7.53786198,0.696296888,0,0.777986593,0.00339313,0.011340552,0.010690603,0.000649949,0,0,0,0,0,0.220543183,0.015305171,36952,0.508338949,0.56735105,0.761313833,0.760075317,0.601675169,0.808686134,0.809982487,0.727994365,0.908252748,0.908677885,97710,131941,0.067129197,66076,163694,3487,8.157083785,2603003.47,1964869.31,8569.63,0,27000,1641.5,0,0,0,2639462.47,2.586267764,0.008996681,0.103499981,0.000570448,0.013800042,2635016.97,2525582.48,145037.27,"2024, 2026","democrats vote","C00887588","N","CA",328
"comm209301",634433.32,73.71310139,0.864027012,0.526242695,7.057863163,0.231610749,0,0.976004736,0.000638867,0.015329727,0.01130998,0.004019747,0,0.000638867,0,0.000730134,0.000730134,0,0,0,0.281841143,0.302789453,1,0.966999699,0.409060259,0.638882841,0.64322427,0.711827425,0.925768162,0.926784901,65620,102669,0.010214298,78844,161175,816,6.705639095,2468935.4,2673493.9,0,1750,30980.55,11010.98,0,2000,0,2517435.4,2.073991017,0.002829448,0.03688933,8.77983e-05,0.00584262,2753505.79,2739222.26,60878.06,"2024, 2026","blue amp action pac","C00852400","V","OH",328
"comm208288",1404070.18,76.81776849,0.943223996,0.67103489,13.23927474,0.54745857,0.000360653,0.669128859,0.023468005,0.095461167,0,0.068279944,0.031616199,0.019885322,0,0.1462156,0.1462156,0.090653672,0.009387827,25000,0.480473212,0.536787375,0.609440379,0.694393598,0.852974471,0.953212775,0.956170129,0.937230829,0.986722814,0.987685998,136731,152776,0.094845292,36976,160228,3485,8.156510226,2814752.54,1716118.68,9188.53,51000,0,175117.97,81086.25,375000,0,3092822.54,4.332733651,0.024156442,0.170245211,0.001057301,0.018206868,2642019.13,2564705.82,77313.31,"2024, 2026","take back the house pac","C00829895","Q","DC",328
"comm154080",1085607.83,72.59883158,0.835624204,0.4666491,5.466618578,0.332111656,0,0.735124904,0.010860242,0.030928926,0.011439852,0.019489074,0,0.010860242,0,0.05032422,0.05032422,0.004588835,0,0,0.306274556,0.342128452,0.822765835,0.816319522,0.51905304,0.70561217,0.714053408,0.761974069,0.927431525,0.929485645,82625,112327,0.023860943,71447,159605,1595,7.375255778,3029732.05,2402979.05,0,35500,37394.63,63705.96,0,164500,0,3104736.05,2.137630707,0.00345691,0.052608464,8.42278e-05,0.002446194,3268803.76,3268803.76,16822.65,"2020, 2022, 2024, 2026","defeat republicans pac","C00755702","V","DC",328
"comm139401",602585.72,74.90797003,0.899631513,0.570230354,8.5757623,0.225292418,0.186354939,0.40853067,0.069752485,0.294435156,0.009459657,0.284975499,0.171385985,0.060314819,0,0.078349052,0.084116747,0,0.0010261,2315.41,0.265733369,0.286308596,0.437192049,0.427399232,0.502508536,0.731033158,0.740436819,0.824282854,0.96559499,0.967995711,83526,116227,0.020124127,68416,159326,1507,7.318539549,2396504.84,1092689.89,25242.76,161323,25301.58,762219.02,458403.12,209558.85,0,2452804.84,2.301916352,0.003782858,0.062766615,0.00011997,0.012476361,2506245.17,2479180.84,122466.39,"2018, 2020, 2022, 2024, 2026","the majority rules","C00629063","N","IA",328
"comm138033",571451.18,67.160756,0.676876163,0.36473479,3.131183751,0.108236329,0.190995802,0.230278156,0.130793854,0.183384347,0.086778095,0.092491077,0.040790441,0.118322047,0.004735099,0.164959438,0.164959438,0,0,0,0.263480848,0.253494914,0.44765217,0.379925067,0.393534909,0.537700797,0.548356317,0.678412879,0.819433744,0.829648869,55160,75902,0.017762505,79168,159137,1176,7.070724107,3926909.44,1215790.72,65846.92,624700.36,458158.97,488321.58,215359.72,870930,24999.72,4498804.44,2.274218446,0.006691673,0.053870265,0,0,5271151.45,5279661.53,83590.72,"2018, 2020, 2022, 2024, 2026","collective pac; the","C00617381","Q","DC",328
"comm142188",921732.73,74.72342176,0.888400968,0.56012235,7.686556892,0.479962186,0,0.744937405,0.069828852,0.026358283,0,0.026358283,0.000208287,0,0,0.19917437,0.19917437,0,0,0,0.436220405,0.496087501,0.734754133,0.736280151,0.724298347,0.841579217,0.859671634,0.854385855,0.94747834,0.952264539,116320,133582,0.044959362,43832,157535,2216,7.70391021,1886405.8,1430598.51,134101.27,0,0,50619.18,400,382500,0,1902705.8,3.222886064,0.014567095,0.158776924,0.000742058,0.025975722,1966165.6,1920427.81,45737.79,"2018, 2020, 2022, 2024, 2026","democratic conservation alliance pac","C00657452","Q","DC",328
"comm150994",4909.15,62.29271045,0.541611831,0.212319599,1.485446363,5.85928e-05,0.092386229,0.00240881,7.07294e-05,0.022952311,0.02100933,0.001942981,0,7.07294e-05,0.000596772,0.000328224,0.000328224,0,0,0,0.062279797,0.056816684,0.002760091,0.004085721,0.041902731,0.091338127,0.096099385,0.362032023,0.64095113,0.64625659,6458,14044,0.005885022,77512,157421,595,6.390240667,22979536.41,201820.04,0,5926,1760248.49,162790.96,0,27500,50000,49227566.36,2.574118329,0.006449053,0.042631486,3.77457e-05,0.000350252,85383059.84,83784132.18,1778927.66,"2020, 2022, 2024, 2026","movement voter pac","C00728360","V","MA",328
"comm210564",3181763.36,73.66914231,0.875763625,0.522137914,6.857343216,0.931489098,0,0.998672339,0,0.001327661,0,0.001327661,0,0,0,0,0,0.261729895,0,0,0.514756705,0.560938034,0.931151353,0.929302045,0.564165814,0.802701219,0.80544636,0.703120251,0.910811605,0.911810483,86543,123292,0.09378912,71465,153654,6507,8.780787468,2289723.98,3411246.64,0,0,0,4535,0,0,0,2326723.98,2.147914351,0.003514335,0.070725295,8.15502e-06,0.000501938,2964257.26,2488372.66,475884.6,"2024, 2026","retired dems 2024","C00880401","O","DC",328
"comm149356",372839.76,75.41486312,0.898791014,0.599925668,9.221918514,0.149564374,0.135310392,0.489280024,0.072645033,0.130447176,0.103545251,0.026901924,0.135310392,0.070237845,0,0.011432752,0.011583733,0.01002873,0.040737674,93442.8,0.388883526,0.440747509,0.537693794,0.512310963,0.702449142,0.849532064,0.861361838,0.879954846,0.967640534,0.969373302,105081,127693,0.039491215,54457,152218,1675,7.424165281,2269842.23,1223055.35,6000.73,175091.57,258121.54,67062.14,337306.89,28500,0,2308442.23,2.65010987,0.008511278,0.098607559,0.000524118,0.015607022,2467632.38,2465895.45,18264.22,"2020, 2022, 2024, 2026","abolish the electoral college","C00708552","N","DC",328
"comm206385",1052214.99,76.07203597,0.922379063,0.632613304,10.98630597,0.525318391,0.018663964,0.734467513,0.053669381,0.054592125,0,0.054592125,0.003245125,0.053669381,0,0.033699379,0.036133822,0.117823013,0,0,0.523098335,0.582517609,0.808631304,0.789722204,0.781206083,0.939039182,0.940241668,0.879444668,0.979866548,0.980017818,118613,142524,0.087032462,46946,151703,3904,8.270013062,1835102.75,1471141.58,0,107500,0,109348.26,6500,67500,0,1850302.75,3.309775377,0.014969766,0.170045035,0.000964807,0.024233191,1965419.42,1945191.43,93402.72,"2024, 2026","stop gun violence pac","C00819912","V","DC",328
"comm203759",962481.66,70.62206864,0.789308461,0.395218088,4.061963901,0.129135466,0.006777164,0.187972793,0.032740541,0.141283458,0.131687572,0.009595886,0.005032963,0.032740541,0,0.040465453,0.040465453,0,0.007392004,50035,0.214415944,0.213837334,0.364328472,0.339125022,0.325387128,0.506732359,0.513089275,0.636278784,0.80350074,0.80746651,48398,75417,0.015628594,59670,150721,900,6.803505258,3961142.05,1401012.22,0,244024.13,981503.2,71520.74,37512.04,301600,0,5898604.06,2.419862856,0.005898806,0.078079447,9.95089e-05,0.001133985,11731085.8,7453271.27,4277814.53,"2022, 2024, 2026","jane fonda climate pac","C00806893","W","DC",328
"comm206337",1424518.65,74.43035574,0.889936746,0.560282386,7.897877164,0.802492858,0,0.929084587,0.050296281,0.000487574,0,0.000487574,0,0.050296281,0,0.078433932,0.078433932,0,0,0,0.494651487,0.556325893,0.7347332,0.742561631,0.561033908,0.811165039,0.813980201,0.705111777,0.915000697,0.916368441,84499,122172,0.046257359,51127,150613,2365,7.768956045,2244670.27,1649233.77,0,89281.78,0,865.5,0,139229.4,0,2255170.27,2.945860309,0.010503257,0.102359145,0.000606333,0.016595616,2227208.51,1775116.92,452091.59,"2026","democrats win fund","C00894881","Q","DC",328
"comm7462",0,59.22140494,0.378633971,0.115103736,1.2713576,0,0.00017373,0.023055782,0,0.013548238,0.011678912,0.001869327,0,0,0,0.357420286,0.357420286,0,0,0,0.012572358,0.011275689,0.038259165,0.028412318,0.00698021,0.017775329,0.019873682,0.403646133,0.355379726,0.474474125,1170,2998,0.038786081,14482,150295,642,6.466144724,21943255.95,796263.05,0,0,403347.24,64559.76,0,12344000,0,26576911.98,9.486620166,0.048323007,0.14530364,0,0,33815274.41,34536372.08,1353422.58,"2018, 2020, 2022, 2024, 2026","american association for justice political action committee (aaj pac)","C00024521","Q","DC",NA
"comm159714",815186.44,73.39706533,0.857675882,0.52361706,7.057571257,0.464298121,0,0.554685028,0.035526346,4.31157e-06,0,4.31157e-06,0,0.035526346,0,0.370214425,0.370214425,0,0,0,0.506661245,0.557156827,0.420825066,0.421253602,0.580751135,0.806660201,0.809675254,0.722746938,0.918102111,0.919561219,84609,117991,0.038863107,61468,146763,2070,7.635786861,2342436.23,973882.28,0,62375,0,7.57,0,650000,0,2377566.23,2.645454331,0.008059844,0.091103561,0.000271749,0.012805582,2347515.73,1755739.26,591776.47,"2024, 2026","battleground democrats","C00884510","O","DC",328
"comm163491",868295.74,74.96572982,0.902799458,0.592315555,9.166414991,0.722800761,0,0.810530432,0.033773125,0.010607068,0,0.010607068,0,0,0,0,0,0,0,0,0.508856184,0.565613417,0.541482205,0.58710471,0.597726183,0.81311554,0.814314088,0.718978152,0.89928772,0.9,87274,118723,0.063279084,47251,146010,2990,8.003363059,1798184.32,973684.81,40571.43,0,0,12742.2,0,0,0,1818184.32,3.090093331,0.013121415,0.196440942,0.001227487,0.05201873,1663113.53,1201293.34,461820.19,"2026","justice pac","C00898395","N","DC",328
"comm208104",3107102.53,70.20214314,0.752895538,0.404747331,4.16765745,0.441936999,0,0.585303668,0.007998335,0.067103053,0.041267603,0.02583545,0,0.007998335,0.066780383,0.282050901,0.282050901,0,0,0,0.409930213,0.423771709,1,0.58544393,0.299728324,0.504164323,0.50701143,0.476015697,0.727363785,0.728866234,43689,73488,0.042085992,92311,145762,3885,8.26513563,4077845.91,4115062.81,0,56233.46,290137.9,181639.9,0,1983000,469509.22,4187445.91,1.579031751,0.001646608,0.023021675,7.58306e-05,0.00271311,7089035.12,7030645.86,59108.52,"2024","democratic power, inc.","C00827253","V","DC",328
"comm7329",460645.98,65.63260413,0.636888598,0.278542647,2.270618637,0.005628823,0.01543071,0.012715055,0.004320017,0.083482571,0.062983822,0.020481723,0.007840228,0.004320017,0,0.000277804,0.000277804,0.076774651,0,0,0.14960277,0.137643922,0.384050937,0.173625412,0.220462752,0.332016286,0.341476836,0.631024626,0.783006134,0.807673588,27084,40821,0.013144296,55727,144643,896,6.799055862,6133447.49,1040561.95,0,353537.24,5154407.22,1676162.79,641620.75,22734.66,0,19555361.96,2.892975129,0.011805326,0.045569507,0.000139852,0.001865431,82135523.14,81837002.23,1969732.15,"2018, 2020, 2022, 2024, 2026","ohio democratic party","C00016899","Y","OH",100
"comm207247",1239213.09,73.05998347,0.851447548,0.505068802,6.253655713,0.531751231,0.035570726,0.847236119,0,0.113387397,0.023569822,0.089817576,0.035570726,0,0,0.00214552,0.00214552,0,0.140108125,326513.25,0.379173229,0.405190334,0.642083857,0.67400362,0.369181514,0.634054732,0.636043603,0.59372293,0.853613577,0.854181826,53274,91496,0.013917035,81914,144303,1140,7.03966035,3075035.96,1974430.95,0,0,54928,209314.26,82895.36,5000,0,3082435.96,1.761640257,0.001171961,0.014548828,0,0,2930407.04,2330437.65,599969.39,"2026","no surrender fund","C00895607","V","DC",328
"comm208460",126160.71,49.18188713,0.191064751,0.049356945,0.390090041,0.010623814,0.542320228,0.063165301,0.014088843,0.234430543,0.009727189,0.224511358,0.255756937,0.00218215,0,0.079011139,0.079011139,0,0.002323891,26875,0.029023302,0.025617221,0.118738793,0.096737594,0.013320014,0.032128692,0.035435623,0.287257794,0.588971138,0.59257192,1908,4630,0.02020869,24134,143975,456,6.124683391,6645429.87,750105.32,141395.25,25913.63,115513.05,2666134.11,3037183.95,938279,0,6994877.87,6.741053598,0.0059141,0.023941884,0,0,12223340.87,11875274.98,545773,"2024, 2026","vote save america","C00835587","Q","DC",328
"comm8962",66236.89,67.15968714,0.669475465,0.349650887,2.808461732,0.000912053,0.006531325,0.033961906,0,0.029716712,0.024605277,0.005111435,0.009203499,0,0,0.009595731,0.009595731,0.039276672,0,0,0.179745357,0.145806167,0.350419315,0.176071606,0.243270342,0.374818942,0.381895125,0.666709054,0.797963868,0.820977053,29886,46104,0.015224059,46338,138681,719,6.579251212,7928570.57,2466448.51,0,0,1786932.93,371212.73,668394.62,696880.11,0,10989645.12,2.963854522,0.016026884,0.109083916,0.000386396,0.008283035,75609856.65,72623971.6,3571021.61,"2018, 2020, 2022, 2024, 2026","california democratic party","C00105668","Y","CA",100
"comm169682",149572.74,76.22147224,0.929662507,0.646260782,11.79535596,0.550201662,0,0.807621468,0,0,0,0,0,0,0,0,0,0.091631158,0,0,0.467992836,0.520971129,0.117504266,0.141008241,0.598060243,0.825952611,0.828082854,0.744458097,0.935358397,0.935809165,82259,113604,0.017639021,48302,137543,852,6.748759547,1868464.16,219552.51,0,0,0,0,0,0,0,1872464.16,2.847563248,0.01130388,0.207535011,0.001200778,0.050087474,1557377.03,271850.76,1285526.27,"2026","elect diverse democrats 2026","C00910653","N","DC",328
"comm163488",1370867.72,73.92685636,0.874357539,0.544668762,7.355432622,0.85446553,0,0.961965447,0.015582567,0.000286719,0,0.000286719,0,0.015582567,0,0,0,0,0.030091807,48278,0.481400554,0.523387794,0.692452979,0.69837234,0.457906985,0.717284179,0.719138562,0.613039784,0.856259466,0.85701304,61980,97088,0.002014855,58565,135355,118,4.779123493,2228795.32,1543335.96,0,25000,0,460,0,0,0,2228795.32,2.311192692,0.005071288,0.054287861,8.53752e-05,0.003013063,2229712.03,1487206.07,742505.96,"2026","the no kings pac","C00898379","V","DC",328
"comm7480",1285957.61,63.42228362,0.584431404,0.236644906,1.654470253,0.015207246,0.010637103,0.073519738,0.00427434,0.090072863,0.039794014,0.049975317,0.008851617,0.00427434,0.006204534,0.000337687,0.000337687,0.075618369,0.002361321,140658.48,0.098343812,0.09865083,0.636031831,0.240084276,0.078850932,0.149869988,0.15580284,0.339820229,0.526279937,0.542484758,10993,20249,0.003885845,68107,132520,250,5.525452939,9646022.74,6216987.85,0,361447.44,3365067.79,4226020.79,748511.88,28555.5,524668.84,17109505.31,1.956302757,0.003417041,0.011792894,1.24554e-05,6.87281e-05,86972562.05,84562160.42,2780203.66,"2018, 2020, 2022, 2024, 2026","minnesota democratic-farmer-labor party","C00025254","Y","MN",100
"comm144362",911404.54,70.07693322,0.767332199,0.395186249,3.757873521,0.257493001,0.013796137,0.350149672,0.361380029,0.147721693,0.044038833,0.10368286,0.004726024,0.361380029,0,0.018682558,0.018709026,0,0.001293788,14223.12,0.250099943,0.245319012,0.427552252,0.450035128,0.400508975,0.574645644,0.589909396,0.686039408,0.859248935,0.86162793,54750,77130,0.010409595,68844,131703,650,6.478509642,3090018.75,1239365.73,0,1279115.93,155876.83,366988.73,16727.91,66127.5,0,3242148.75,2.279059318,0.007651773,0.094673435,7.0691e-05,0.002617515,3930695.48,3520791.6,422567.73,"2020, 2022, 2024, 2026","youth progressive action catalyst","C00670216","W","DC",328
"comm152146",12755,61.62262797,0.460290879,0.11304764,1.40477352,0.003422797,0.042467105,0.178783623,0.278441583,0.01653167,0,0.01653167,0.002214151,0.278441583,0.415227869,0,0,0,0,0,0.135899305,0.130523873,0.269662551,0.286125767,0.16972703,0.293173857,0.311508847,0.613975325,0.858714975,0.863755815,20790,36932,0.006904576,60586,130417,281,5.641907071,3276548.43,666234.37,0,1037608.2,0,61605.01,8251,0,1547340.15,3826908.43,4.525138316,0.017339266,0.155365974,3.92111e-05,0.0030687,3729918.25,3719201.86,83838.08,"2020, 2022, 2024, 2026","really american pac","C00748582","O","DC",328
"comm152998",1213914.33,74.51155741,0.885181689,0.566816044,8.052516092,0.819512582,0,0.927097605,0.045526664,0,0,0,0,0.045526664,0,0.027003968,0.027003968,0.006750992,0.016627555,23576.06,0.525513001,0.580551378,0.735907539,0.739919467,0.614149343,0.833571094,0.834575889,0.73795589,0.92234459,0.923131886,77144,104968,0.035281515,53571,125927,1756,7.471363088,1886703.55,1373276.13,0,67437,0,0,0,40000,0,1896203.55,2.360697695,0.005902326,0.08106482,0.000229273,0.009486129,1891150.39,1481263.81,409886.58,"2024, 2026","freedom democrats","C00886978","N","DC",328
"comm198386",0,71.06535226,0.838092781,0.346729439,4.586363851,0,0.34335815,0.050646849,0,0.10161119,0.094839909,0.006771281,0.34335815,0,0.140835144,5.87811e-06,5.87811e-06,0,0,0,0.21065346,0.222898043,0.052143626,0.050289989,0.247297163,0.519133897,0.5225016,0.60368058,0.905634644,0.906148048,30285,63510,0.004297357,75814,121983,332,5.80814249,2506185.34,137858.95,0,0,258150.91,18431.19,934608.86,16,383348.33,2526785.34,1.577318324,0.000593835,0.009220973,0,0,2746456.51,2721964.98,24464.04,"2022, 2024","november coalition","C00766659","O","FL",328
"comm11272",119202.61,67.34599228,0.691076533,0.324763002,2.608732692,0.002347428,0.004293883,0.010629138,0.003292436,0.013484206,0.002452425,0.011205735,0.004256709,0.003292436,0,0,0,0.111913951,0,0,0.130271978,0.124314254,0.079713721,0.065883563,0.215622515,0.325525559,0.337041272,0.621140411,0.768536848,0.785612125,26505,39465,0.002614631,45329,121931,113,4.736198448,5251871.11,539748.52,0,167190.18,124534.37,569028.16,216156.04,0,0,6567339.79,2.765775801,0.011572072,0.060900176,0.000225134,0.005115114,52375229.59,50780083.04,1780774.31,"2018, 2020, 2022, 2024, 2026","democratic party of virginia","C00155952","Y","VA",100
"comm210090",221886.02,75.40306099,0.919043869,0.605854964,9.937516357,0.146587538,0,0.194035879,0,0.009676325,0,0.009676325,0,0,0,0,0,0.796075313,0,0,0.401547403,0.438528882,0.180925118,0.190240509,0.543746735,0.831530975,0.834309726,0.772701125,0.959519661,0.960001521,66364,101283,0.013258456,56120,121745,746,6.616065185,1619140.4,293707.43,0,0,0,14646.82,0,0,0,1654950.4,2.251913321,0.003650004,0.056917373,0.000375072,0.011191839,1531167.05,1509169.1,68759.07,"2024, 2026","democrats defending democracy","C00872440","N","DC",328
"comm151771",2363743.4,70.08517461,0.780898713,0.359601246,3.798860562,0.646632609,0.013377228,0.753408147,0.012310333,0.122836813,0.01299221,0.109844603,0.009273784,0.012310333,0,0.099576912,0.099576912,0,0.037158002,131808,0.258799331,0.277395214,0.812480146,0.766358832,0.338735733,0.555801551,0.568339743,0.683868692,0.913081047,0.914418718,40876,67163,0.006181614,70094,120531,410,6.018593214,3353787.63,2754057.73,0,45000,47492.58,401533.19,33900,364000,0,3504487.63,1.818221567,0.001684528,0.016966488,1.24762e-05,0.000270132,3738532.17,3655465.82,155867.17,"2020, 2022, 2024, 2026","blue senate pac","C00743641","N","DC",328
"comm149358",956603.47,73.42612895,0.866474108,0.512082578,6.945030615,0.1871479,0,0.210585042,0.014183748,0.007372106,0,0.007372106,0,0.014183748,0.088321124,0.003443227,0.003443227,0,0,0,0.321506724,0.335098027,0.622982105,0.638287147,0.459743341,0.731074521,0.733418086,0.754651232,0.943843462,0.944082773,55318,87977,0.002944142,58729,120361,176,5.176149733,1890179.5,1076402.04,0,72500,0,37682.4,0,17600,451452,1904179.5,1.868784269,0.002163562,0.035070657,1.0374e-05,9.77802e-05,5256080.94,5111483.85,144597.09,"2024, 2026","speak up pac","C00885137","V","DC",328
"comm208771",2529938.06,71.16689053,0.799692097,0.41176543,4.635235963,0.34441682,0.153385333,0.555183481,0.053740332,0.165117353,0.001429433,0.161230611,0.157446638,0.053740332,0,0.062935887,0.062935887,0,0,0,0.183734022,0.194253996,0.824077091,0.628310353,0.325734522,0.527931223,0.533253362,0.691239571,0.882237226,0.883631423,38603,62686,0.013619822,50658,118754,667,6.504288174,5238013.3,4078139.44,0,394753.4,10500,1184330.83,1156535.39,462300,0,8733965.65,2.614804128,0.005447028,0.020374058,6.31935e-05,0.000211309,10005218.37,7345570.57,2659647.8,"2024, 2026","fight like hell pac","C00842104","W","MI",328
"comm9388",337588.66,69.06440261,0.73566771,0.365714587,3.358519091,0.008176241,0.028433198,0.038487804,0.016332049,0.053400729,0.012806912,0.0401531,0.013814071,0.013958534,0,0.000364583,0.000364583,0.091277098,0.000670673,18689,0.152996064,0.133272388,0.438800038,0.255102498,0.225897251,0.33942212,0.352616492,0.727550393,0.826197644,0.857189136,26514,39129,0.012185917,28789,117575,546,6.304448802,4982997.13,1589122.17,98000,576333.65,528784.34,1657880.56,570368.92,15053.25,0,12242649.74,4.556124239,0.027053795,0.064645337,0.000289628,0.001652405,41483438.36,41288979.93,541338.9,"2018, 2020, 2022, 2024, 2026","washington state democratic central committee","C00114439","Y","WA",100
"comm152426",83524.72,78.10251451,0.953615021,0.729968743,16.5685476,0.020448719,0,0.038098489,0,0.011324065,0,0.011324065,0,0,0.011750925,0.002693046,0.002693046,0,0,0,0.419811211,0.497996264,0.085144489,0.076784374,0.831392407,0.942006922,0.944863517,0.941986831,0.988799189,0.989464023,97081,109960,0.084777137,28648,116727,2391,7.779885115,1737196.53,155616.87,0,0,0,46254.21,0,11000,47997.76,1881971.53,4.075353155,0.021837287,0.168505716,0.001707713,0.03790831,5449422.4,4084594.23,1464908.21,"2024, 2026","our voice our vote arizona pac","C00752576","V","AZ",328
"comm141858",77658.12,60.47363293,0.464760071,0.158755202,1.277939288,0.001173561,0.287720198,0.019582452,0.004872022,0.107007843,0.091509827,0.015489145,0.002037274,0.004872022,0,0,0,0,0,0,0.091544319,0.078992728,0.063773216,0.039703829,0.064653151,0.142152449,0.149624629,0.433191494,0.736458811,0.738574646,6880,15167,0.005344158,60803,114630,268,5.59471138,14226606.74,1295830.31,0,322396.49,6055483.01,1024963.76,134812.62,0,0,22407921.48,2.647262535,0.003139367,0.015004019,0,0,71048011.37,65435657.89,5917992.33,"2020, 2022, 2024, 2026","future now fund","C00654053","V","DC",328
"comm120847",227812.5,64.79312808,0.616083542,0.270815153,2.158269332,0.035567425,0.09598144,0.191651088,0.050539627,0.552974923,0.332591811,0.220173911,0.092755872,0.045090783,0,0.24769744,0.248741759,0,0.006606264,26250,0.213030511,0.204143527,0.480703354,0.327372583,0.274949578,0.406239614,0.42136146,0.577090182,0.812751525,0.819785873,27567,42136,0.011486062,74846,114354,848,6.744059186,2757851.58,1227542.16,34900.33,288810.45,2130279.95,1410233.36,594109.56,1586524,0,4137841.57,1.720517172,0.001480856,0.008833459,0,0,5355528.86,6377164.65,240862.16,"2018, 2020, 2022, 2026","off the sidelines pac","C00525600","Q","DC",328
"comm154804",790903.23,70.94663296,0.78345252,0.418401741,4.815090373,0.16952011,0.028884896,0.287024846,0.084682161,0.532613179,0.140912729,0.391512469,0.029121102,0.084682161,0,0.017790001,0.02798724,0,0.001703774,7518,0.237915072,0.244087584,0.474249025,0.446023834,0.417757549,0.607366373,0.615382213,0.729223868,0.901231993,0.902894195,47027,68092,0.013181117,59302,113798,762,6.637258031,3109539.61,1339126.54,0,395088.2,657434.29,1826617.96,135865.73,83000,0,3402839.61,1.880618496,0.002930667,0.026809735,5.86397e-05,0.0014321,3589977.42,3183561.24,592131.25,"2020, 2022, 2024, 2026","no dem left behind pac","C00758219","V","DC",328
"comm14761",12385,62.46734208,0.454312992,0.197529419,1.616966732,0.001325967,0.504051343,0.001566858,0.001691585,0.156451097,0.032913078,0.123940681,0.478683469,0.001691585,0,0,0,0.037829526,0,0,0.001509888,0.000767296,0.001911768,0.001371336,0.000243351,0.000604093,0.000608378,0.747438387,0.005226051,0.747843686,18,107,0,5026,112950,0,0,5620026,14635,0,15800,307419.66,1157649.3,4471071,0,0,5620026,25.25482632,0.302363751,0.78449393,0.050767307,0.285084856,9334888.36,9340349.7,46959.3,"2018, 2020, 2022, 2024","philip a. hart democratic club","C00224717","Y","MI",100
"comm208886",887683.25,77.34910975,0.943852991,0.69332824,14.47248746,0.740821611,0,0.79129312,0,0.022545095,0,0.022545095,0,0,0,0,0,0.229502971,0,0,0.465284034,0.523592342,0.690734123,0.676446368,0.720544014,0.902516197,0.905241658,0.856506726,0.969258875,0.969884254,80364,100545,0.059045777,38024,111355,2203,7.69802917,1375757.46,948160.31,0,0,0,27014.47,0,0,0,1393132.46,2.907809064,0.010562605,0.134632244,0.00057653,0.02365043,1519550.62,1198241.57,321309.05,"2024, 2026","defend democracy now pac","C00844795","N","DC",328
"comm152089",936776.25,71.47885995,0.815776212,0.429628072,4.680497603,0.407811765,0.050753565,0.476978895,0.008349835,0.174059119,0.091559519,0.082499599,0.001066571,0.001089927,0,0.330463023,0.33207748,0,0,0,0.233010174,0.225625883,0.57727557,0.513935489,0.422349233,0.602138072,0.615114167,0.801734439,0.933925727,0.938785248,46263,65553,0.010745423,50227,107689,459,6.131226489,2031434.43,1095658.68,16676.59,2503.65,210319.54,189508.18,2450,759100,0,2220134.43,2.384218033,0.003264928,0.040632617,0,0,2451976.45,2158682.22,293294.23,"2020, 2022, 2024, 2026","truth to power","C00747766","N","CA",328
"comm205494",3927422.2,70.37587417,0.755133462,0.408013754,4.34498434,0.516922411,0.053963689,0.625714991,0.069935558,0.003925517,0,0.003925517,0,0.003290469,0.031149436,0.238229942,0.238229942,0,0,0,0.405686966,0.427640035,0.861336403,0.604856063,0.328522077,0.513279654,0.51659165,0.496488155,0.734709225,0.73602008,35804,55756,0.049290419,66822,107210,3434,8.141772205,4456346.5,4753995.76,506349.5,25000,0,29824.91,0,1810000,236664.12,4648246.5,1.959885457,0.001733536,0.014241444,3.86638e-05,0.000827369,7667291.37,7597701.55,78629.69,"2022, 2024, 2026","democratic voters pac","C00816868","N","DC",328
"comm201267",572804.49,74.67812928,0.898988803,0.551676778,7.967613548,0.18559324,0.09761255,0.487511779,0.001404575,0.016761569,0,0.016761569,0.043247247,0.001404575,0,0.024981017,0.024981017,0,0.013672526,41461.25,0.292414955,0.299426401,0.615043599,0.409440083,0.528412482,0.724813828,0.734412754,0.836093975,0.9569911,0.961090077,55660,75833,0.020312133,44671,103986,872,6.771935556,2452035.12,1504628.81,0,4335,0,51731.96,133475.86,77100,0,2756235.12,2.342929311,0.00589271,0.055972264,0.000254206,0.005122826,3506647.17,3086343.5,420303.67,"2022, 2024, 2026","dass pac","C00785584","N","DC",328
"comm14062",176339.26,62.56825696,0.557682101,0.25566073,1.738161924,0.003111441,0.012662576,0.003881419,0.000352893,0.01229966,0.002598649,0.009544713,0.007422737,0.000352893,0,5.99947e-05,5.99947e-05,0.04735624,0,0,0.112011621,0.109330504,0.026747937,0.031203394,0.194162554,0.285162005,0.295782956,0.621941363,0.782858589,0.807338318,19933,29084,0.009581371,46979,103587,443,6.095824562,6523733.29,219977.37,0,20000,147277.04,540941.53,420679.65,3400.17,0,24291435.58,2.307308987,0.005388411,0.011837101,0.000118545,0.000523209,56295780.31,56674466.02,105926.16,"2018, 2020, 2022, 2024, 2026","nevada state democratic party","C00208991","Y","NV",100
"comm155016",303407.06,73.60530526,0.866032641,0.51728978,6.971278369,0.203260775,0.029476816,0.574464437,0.030806622,0.036895568,0.008039132,0.028856436,0.029476816,0.030806622,0.182220317,0.10933219,0.10933219,0,0.03270423,56000,0.243443664,0.257492494,0.493051451,0.501155655,0.471404456,0.712957364,0.718805873,0.804810704,0.961479089,0.961942085,48198,72359,0.008957467,53474,101449,464,6.142037406,1773730.73,857502.22,0,45985,12000,43073.96,44000,163200,272000,1806280.73,1.862802671,0.002639312,0.037754015,5.23318e-05,0.00095107,1756152.54,1492698.53,263645.28,"2020, 2022, 2024, 2026","resist reclaim rebuild pac","C00760736","N","OH",328
"comm202079",150899,72.7103468,0.85342795,0.463225363,5.533517136,0.137219223,0,0.19122352,0,0.000745208,0,0.000745208,0,0,0,0,0,0.782913249,0,0,0.399200504,0.453325592,0.198318197,0.191266322,0.581845803,0.74262898,0.758560377,0.775051472,0.936434325,0.937883543,58216,74303,0.052568726,41869,100054,2201,7.697121317,1060352.22,210287.14,0,0,0,819.5,0,0,0,1070377.22,2.389691657,0.005087296,0.06322997,9.55361e-05,0.001867566,1099692.86,1099692.86,0,"2022","edw hold the house fund","C00789578","N","DC",NA
"comm139710",496778.89,74.74223508,0.88478186,0.563415886,8.113403742,0.196251406,0.066969229,0.450835158,0.02991123,0.10517318,0.072230705,0.032942475,0.049192078,4.64181e-06,0.152055378,0.130365773,0.130365773,0,0.016663601,49505.65,0.378413424,0.424781292,0.562740704,0.583418808,0.706272668,0.850039985,0.858609936,0.879881338,0.965855,0.96906839,66674,81256,0.045949166,38770,99850,1602,7.379632153,2358744.9,1141216.74,75703.72,11.75,182840.42,83388.58,124521.84,330000,384903.75,2460500.9,2.40751637,0.00752939,0.09507072,0.000481269,0.020542913,2539835.89,2531339.27,80451.01,"2018, 2020, 2022, 2024, 2026","integrity first pac","C00632562","V","UT",328
"comm3119",157770,73.50869598,0.883685289,0.476770224,6.880136544,0.023689738,0.096500405,0.275782454,0.158549855,0.098805165,0.01175011,0.079181054,0.053367792,0.117011012,0,0.13543857,0.135450297,0,0.003489993,19741.14,0.21533468,0.200466004,0.290423652,0.209352204,0.310529679,0.544483421,0.555999169,0.727766089,0.923075895,0.923842423,30535,53333,0.009127069,40490,98859,373,5.924255797,3818711.53,1836668.63,276642.29,779275.3,78253.92,527333.61,355421.27,902000,0,4624619.53,2.358389688,0.003872817,0.030644778,0,0,7265390.87,6658238.38,602477.88,"2018, 2022, 2024, 2026","midwest values pac","C00416131","Q","MN",100
"comm136777",334867.31,53.53413444,0.357273025,0.141237784,0.586567232,0.15797097,0.031307152,0.25903634,0.17037894,0.469608013,0.378547549,0.091060464,0.031307152,0.155077988,0,0.003989984,0.004422318,0.001631422,0,0,0.114653419,0.070765946,0.406856601,0.407351965,0.16045214,0.1963025,0.218618218,0.586964823,0.661937717,0.704340785,12499,15555,0.017681445,21083,98856,342,5.837730447,1842832.76,549105.97,32435,328734.76,802446.17,193030.23,66364.99,8457.98,0,1938632.76,4.930601072,0.013997506,0.080068101,0.000477396,0.004976155,1904996.13,1937058.61,0,"2018, 2020, 2022, 2024","brand new congress","C00613810","N","NC",328
"comm24990",1182298.15,75.03570123,0.889283287,0.586823481,8.561411647,0.230343211,0.118866917,0.483038912,0.075883454,0.211334538,0.110232339,0.081906289,0.141659116,0.075883454,0,0.155225505,0.157177858,0,0,0,0.396501952,0.43455335,0.994347428,0.979138195,0.648925158,0.825199225,0.835167461,0.831777843,0.951332581,0.952352392,62085,78448,0.021658559,43043,95246,866,6.765038977,1972385.87,2479326.44,0,389492.13,565796.97,420405.94,727103.31,796736.43,0,2361375.87,2.249839469,0.00516215,0.046065116,8.5456e-05,0.002694238,4982784.31,5019733.02,367697.82,"2020, 2022, 2024, 2026","aspire pac","C00506907","Q","DC",328
"comm213463",1203178.23,73.89790373,0.881808191,0.528453795,7.298220049,0.786858157,0,0.826817757,0,0.017101657,0.017101657,0,0,0,0.149124365,0,0,0,0,0,0.291533345,0.319528927,0.805436,0.796807715,0.519999769,0.763390038,0.766440195,0.811864671,0.965799454,0.966121556,48813,71887,0.015742068,46130,94422,661,6.495265556,1540771.78,1264280.12,0,0,26150,0,0,0,228024.82,1570371.78,2.158307029,0.002620126,0.058089119,9.8167e-05,0.007925379,1546833.56,1529091.64,42676.7,"2024, 2026","defeat boebert pac","C00883785","O","FL",328
"comm167538",663622.4,72.28005459,0.843538681,0.441962901,5.456725465,0.25865219,0,0.299225865,0,0.004947351,0,0.004947351,0,0,0,0,0,0.691391851,0,0,0.26746099,0.269323164,0.2879739,0.290963143,0.219032559,0.471388547,0.474232712,0.558538863,0.848654328,0.849227406,20639,44418,0.001648274,49749,94228,82,4.418840608,2665943.13,767722.04,0,0,0,12693.39,0,0,0,2834443.13,1.894068222,0.000361816,0.003220802,0,0,2638554.26,2565694.11,284292.61,"2026","murphy mobilization fund","C00904417","N","DC",NA
"comm202209",1023631.1,78.05438679,0.94930315,0.718100929,18.72028145,0.747096073,0.030288731,0.756350222,0,0.146655167,0.131851926,0.014803241,0,0,0.003758722,0.125604893,0.125604893,0,0,0,0.427558287,0.490391973,0.702317948,0.695821574,0.837084014,0.920313455,0.924526579,0.930607333,0.979004994,0.97922536,78537,86545,0.078072582,19255,94211,1281,7.156176637,1480350.62,1036310.64,0,0,180656.46,20282.61,0,172097.11,5150,1514650.62,5.175826891,0.032347719,0.207188139,0.002279804,0.061910638,1493868.34,1370146.54,124513.52,"2022, 2024, 2026","vote blue majority","C00792093","N","DC",328
"comm198964",392853.66,73.23048764,0.850659894,0.499055232,6.246738028,0.234731219,0,0.780770183,0.044364594,0.010531252,0,0.010531252,0,0.044364594,0,0.083351661,0.083351661,0.008962544,0,0,0.319122931,0.345127251,0.850544837,0.798480406,0.546583075,0.743633436,0.748580575,0.776927219,0.928112065,0.929449524,51845,70275,0.020125841,42958,93712,848,6.744059186,1569918.58,1306721.9,0,74250,0,17625.44,0,139500,0,1606918.58,2.226904531,0.003804311,0.053068364,1.64814e-05,0.001520762,1688023.36,1673631.92,14901.75,"2022, 2024, 2026","the blue south pac","C00770412","W","DC",328
"comm163572",770758.88,74.60953404,0.891540075,0.579740167,8.444886778,0.835177037,0,0.929290777,0,0.006920517,0,0.006920517,0,0,0,0,0,0,0,0,0.507949906,0.552318822,0.635440914,0.636408752,0.539345412,0.771288365,0.772701382,0.671577541,0.877045589,0.877735667,49239,70414,0.006553685,34637,91294,227,5.429345629,1349635.35,857613.52,0,0,0,6386.73,0,0,0,1354635.35,2.635736351,0.008083841,0.099496318,0.000202096,0.00818762,1348990.9,922868.86,558602.11,"2026","elect every democrat pac","C00899435","N","DC",328
"comm210384",604246.54,75.33123401,0.90345082,0.610039242,9.723571138,0.649221321,0.073598536,0.837834631,0,0.061944009,0.008795809,0.053148199,0.073598536,0,0,0,0,0,0,0,0.465244477,0.507999566,0.782103807,0.735506908,0.654958324,0.8710176,0.872493556,0.81046685,0.959867221,0.960167435,59456,79168,0.022037253,39852,90989,849,6.745236349,977755.15,779793.67,0,0,8186.48,49466.36,68500,0,0,984755.15,2.279551134,0.003495163,0.037690824,4.98028e-05,0.003320271,1061563.76,930725.04,130838.72,"2024, 2026","save american education fund","C00877761","O","DC",328
"comm138476",920179.98,69.27077173,0.753999246,0.373166688,3.806766876,0.220026095,0.271417081,0.31921181,0.003632422,0.13166384,0.038821484,0.092842356,0.27112106,0.003632422,0.193220695,0.000836892,0.000836892,0,0.000242746,2544,0.25864901,0.247441911,0.711918337,0.927151499,0.359448611,0.531873597,0.549183985,0.65879825,0.828479888,0.84169967,34132,47379,0.005458326,46261,89907,432,6.070737728,1693453.49,1334988.55,0,15191.3,162356.89,388279.75,1133866.29,3500,808076.04,1942453.49,2.827734959,0.007566933,0.038793615,0,0,4222308.01,4085511.83,172978.76,"2018, 2020, 2022, 2024, 2026","common defense / beyond the choir action fund","C00620021","O","PA",328
"comm152381",745388.59,75.21711369,0.908967182,0.571686124,8.322226591,0.723988489,0,0.847556383,0,0.072914284,0,0.072914284,0,0,0,0.0097129,0.0097129,0,0,0,0.470881242,0.540403184,0.941876667,0.939365934,0.805062594,0.910669156,0.920123397,0.904125673,0.974648604,0.97654632,70527,80417,0.053564299,26439,89904,1089,6.993932975,1007195.82,872608.98,0,0,0,75069.53,0,10000,0,1016195.82,3.29886444,0.014900368,0.189181016,0.001565653,0.061014528,1028255.84,1022194.43,6061.41,"2020, 2022, 2024","vote by mail pac","C00751982","V","DC",328
"comm11528",642322.1,67.68832104,0.706715882,0.320026193,2.739662175,0.016287149,0.050257364,0.037878605,0.013151276,0.049954887,0.013081537,0.034306046,0.049948226,0.013151276,0.000557847,0.000200318,0.000200318,0.140548608,1.89126e-05,500,0.130822466,0.109814906,0.301686266,0.185025596,0.176600465,0.285399008,0.302171608,0.677903963,0.803389382,0.831530089,15858,24310,0.004976516,28546,88290,329,5.799092654,5182790.14,1493832.04,0,518651.54,515901.25,1352939.78,1969825.98,7900,22000,15831254.14,3.62592726,0.019345356,0.058008154,0.000262281,0.002131163,39009451.87,39437356.36,178649.51,"2018, 2020, 2022, 2024, 2026","colorado democratic party","C00161786","Y","CO",100
"comm147637",124522.28,52.83041183,0.330634158,0.145158962,0.619238463,0.08468188,0.206256195,0.253587134,0.02074239,0.089521117,0.019631467,0.065074956,0.045788624,0.02074239,0.19014311,0.338351858,0.338351858,0.00340027,0.000310261,1300,0.116658974,0.058228132,0.349516321,0.374652152,0.094904321,0.128830165,0.14843334,0.671018825,0.678826861,0.78319217,7922,11142,0.007704177,29360,88198,224,5.416100402,1231284.47,372892.62,0,30501.09,28867.51,95690.86,67330.86,497536.72,279600,1377984.47,4.58574679,0.011799673,0.119241682,0,0,1770291.75,1470471.37,304520.38,"2020, 2022, 2024, 2026","courage to change","C00692202","Q","NY",328
"comm152188",76973.8,52.95113897,0.243667255,0.060297215,0.549685019,0.004723992,0.237670222,0.056845062,0.037111253,0.27362484,0.03486755,0.23875729,0.006766199,0.036620281,0.07522412,0.534018003,0.534018003,0,0,0,0.073889679,0.071293906,0.207491807,0.114528329,0.067503837,0.097503332,0.118987286,0.320442196,0.536244991,0.548524814,5645,8293,0.03,13297,88028,5116,8.540323609,5878397.63,926246.45,8000,596699.24,568139.84,3890365.9,110250,8701411.49,1225719.02,7889758.61,10.11880987,0.120943883,0.32169727,0,0,16358874.86,16294228.75,64646.11,"2020, 2022, 2024","defeat by tweet","C00749143","O","NY",328
"comm140232",803100.45,69.59754501,0.737611783,0.355284675,3.545130982,0.352354217,0.049187739,0.443660823,0.122080072,0.024451842,0,0.024451842,0.04488938,0.122080072,0.202475076,0.120434788,0.120434788,0,0,0,0.340122238,0.419520999,0.476573788,0.585841199,0.596642824,0.614746432,0.706139172,0.821383538,0.908455797,0.927263708,51490,55451,0.051584536,23401,87239,1471,7.294377299,1837952.63,1011210.28,0,278250,0,55731.66,102313.75,274500,461489.65,1933952.63,4.628070728,0.032101274,0.323610085,0.000888726,0.07538883,2343689.21,2279241.77,64447.44,"2018, 2020","red to blue california","C00635391","W","CA",328
"comm208653",868011.42,73.09233239,0.858941314,0.49238399,6.292837059,0.345824829,0.047410845,0.476886556,0.002165759,0.372812006,0,0.372812006,0.003984105,0.002165759,0,0.007330752,0.007330752,0,0.021856307,57260.15,0.284493368,0.289206793,0.406815329,0.534942254,0.555298294,0.802406196,0.805108643,0.863723576,0.975286094,0.976379057,48250,69824,0.014700687,36794,87071,544,6.300785795,2949165.51,1196972.98,0,5436,0,935748.54,10000,18400,0,3224916.51,2.364026343,0.008494973,0.117068949,0.000242356,0.007021624,2599067.68,2509974.26,140183.47,"2024, 2026","get out the vote pac","C00839407","W","DC",328
"comm208670",203518.4,75.80251413,0.923165946,0.623731294,10.52056685,0.255868026,0,0.279157467,0,0,0,0,0,0,0,0,0,0.018858346,0,0,0.51094434,0.576923499,0.22049167,0.59102077,0.689169889,0.901406161,0.901963516,0.805448149,0.960509051,0.960938679,59352,77630,0.012002551,26661,86121,320,5.771441123,1007035.37,222042.91,0,0,0,0,0,0,0,1011535.37,3.230223923,0.013840441,0.13557691,0.000675143,0.015238221,1016352.39,795403.8,220948.59,"2026","stop republican judges","C00897223","V","DC",328
"comm7691",181432.46,66.91284289,0.694183241,0.273318122,2.367087748,0.004262858,0.008347646,0.021379691,0.019356823,0.015382472,0.004079219,0.011205746,0.006043585,0.019356823,0.000804657,0.000361832,0.000361832,0.129282965,0.000105907,11557,0.119850679,0.11662279,0.247897686,0.145107482,0.170218117,0.271548252,0.282556836,0.593579034,0.743139688,0.76929754,16917,24775,0.008452206,25866,85936,318,5.765191103,4789536.33,909945.79,0,823850.09,173616.54,476930.28,257222.38,15400,34247.19,8896002.83,3.677198951,0.021752771,0.093798571,0.000835949,0.006051311,42519141.78,42561223.68,461327.32,"2018, 2020, 2022, 2024, 2026","iowa democratic party","C00035600","Y","IA",100
"comm140319",554244.12,62.53297478,0.540972555,0.209583804,1.574626902,0.107021393,0.074701296,0.187897221,0.019031388,0.312910382,0.2094189,0.102936162,0.074842753,0.019031388,0,0,0,0,0,0,0.116566708,0.087478759,0.327966318,0.296119352,0.119489047,0.20591981,0.219024531,0.58154309,0.784615409,0.797121686,9355,16113,0.008854164,29422,84337,281,5.641907071,3838101.09,973085.17,0,98560.06,1084541.99,533087.46,387596.86,0,0,5131006.61,3.187238915,0.013745406,0.092405195,2.60892e-05,0.000445497,5934935.54,5178816.18,788570.17,"2018, 2020, 2022, 2024, 2026","sister district project inc","C00636944","N","CA",328
"comm142235",412788.51,62.15018294,0.515031627,0.150152433,1.308799792,0.013052963,0.809505127,0.032477854,0.00022135,0.098138691,0.073940168,0.024068315,0.809635335,0.00022135,0,0.010118857,0.010118857,0,0,0,0.138655357,0.151556821,0.37643554,0.029149056,0.114104834,0.177353247,0.190554088,0.269621733,0.447122751,0.453940938,9446,14842,0.007773985,59901,83314,602,6.401917197,1680352.7,1027083.69,0,7000,2338293.04,761139.36,25604008.08,320000,0,28953768.7,1.343036337,0.000781013,0.001529237,1.42002e-05,7.20264e-06,31661902.35,31624123.82,37778.53,"2018, 2020","need to impeach","C00658526","O","CA",328
"comm147468",81184.5,70.98329036,0.768148947,0.440826076,5.582140889,0.014094516,0.01939668,0.219457092,0.164109237,0.130748608,0,0.130748608,0.01939668,0.164109237,0.250166041,0.200520616,0.200520616,0,0.002047065,15399.65,0.214245655,0.230820504,0.376743177,0.30664996,0.410404082,0.58561591,0.594785013,0.734350169,0.907707985,0.911136898,28366,40727,0.019892756,44520,82544,594,6.388561406,2864414.42,1264074.22,0,945270.23,0,753112.8,111725,1155000,1440957.96,4908614.42,2.357683815,0.005256999,0.06871599,0.000179785,0.004489309,5804795.24,5760006.25,82028.77,"2020, 2022, 2024, 2026","lmg pac","C00690263","O","SC",328
"comm199281",284874.49,75.97162558,0.914579945,0.616756272,10.15245308,0.163337845,0.008600516,0.562250528,0.130247589,0.013803221,0.009403913,0.004399307,0,0.09737114,0,0.146094103,0.146094103,0.014334194,0.000102777,163.75,0.364627068,0.415851704,0.617881651,0.575982196,0.741643266,0.898613947,0.902534651,0.912481898,0.986117204,0.986348052,61083,74072,0.03896619,30294,82502,1191,7.083387848,1548456.55,980610.66,57339.2,169823.19,16401.19,7672.75,0,254800,0,1591956.55,2.329113269,0.00771922,0.088578752,0.000425881,0.011127888,1744306.53,1744081.35,5059.41,"2022, 2024, 2026","fight the right pac","C00775205","V","DC",328
"comm22138",387140.78,72.83578233,0.826584867,0.470222215,5.551008627,0.123168814,0.005583506,0.260031303,0.091627181,0.218029772,0.123875727,0.06780761,0.031096162,0.091627181,0,0.356932411,0.356932411,0,0.000496858,1000,0.392985064,0.468816546,0.635779155,0.389046509,0.548059818,0.625147078,0.68075403,0.760033094,0.865047236,0.886553931,44423,51686,0.03325511,31013,82123,1249,7.13089883,1413252.8,817323.14,0,288000,389362.73,213130.99,97740.59,1121900,0,2267702.8,3.249266824,0.014136698,0.047104344,8.34044e-05,0.001093883,3119326.57,3143172.11,4015.24,"2018, 2020, 2022, 2024","democrats win seats (dws pac)","C00425470","Q","MD",100
"comm150656",216816,73.71282505,0.869650278,0.523298156,6.666358555,0.147378903,0,0.201410799,0,0,0,0,0,0,0,0,0,0.783415495,0,0,0.405775559,0.458279358,0.206249582,0.20144295,0.524759019,0.711458606,0.723230207,0.703328221,0.903545197,0.908795032,42082,57054,0.024642594,33925,80193,836,6.72982407,1436632.49,296304.85,0,0,0,0,0,0,0,1481732.49,2.363831982,0.006366986,0.08092562,0.000176861,0.003537751,1471154.56,1471146.79,7.77,"2024","elect democratic women 2024","C00886010","N","DC",NA
"comm199781",364356.06,75.6407248,0.91061018,0.605036811,9.54285163,0.20556708,0,0.736431159,0.062252722,0.004194858,0,0.004194858,0,5.96916e-06,0,0.147536428,0.147536428,0,0.000464487,785.75,0.359409053,0.397459976,0.748222155,0.702866849,0.748727507,0.902581917,0.904381911,0.917827067,0.983107233,0.983186049,59770,72031,0.042266098,29076,79808,1234,7.118826249,1545346.42,1305282.71,110328.86,10.58,0,7435.15,0,261500,0,1589046.42,2.445568306,0.008007781,0.095896983,0.000447031,0.010568445,1773740.77,1772443.62,37050.07,"2022, 2024, 2026","blue states pac","C00776575","Q","DC",328
"comm149192",1086721.66,66.06181696,0.635395095,0.275611772,2.31866935,0.228695461,0.025296495,0.290098177,0.015938337,0.653130476,0.55107737,0.095835586,0.031408792,0.015938337,0.002499436,0.000736559,0.000767231,0.110084282,0,0,0.196245001,0.180562316,0.408755745,0.474315109,0.244616424,0.436040676,0.441925788,0.653324938,0.885912866,0.889692712,19457,34661,0.006123249,50964,79614,316,5.758901774,3752516.64,1378496.85,0,75736.25,2618625.28,455394.29,149249.2,3500,11876.89,4650292.64,1.578535599,0.002402471,0.063231933,9.97534e-05,0.009298753,4502623.98,4313737.54,313172.93,"2020, 2022, 2024, 2026","grassroots democrats hq","C00707091","V","CA",328
"comm7184",452992.67,70.04481354,0.777003583,0.397865352,3.709984506,0.010683957,0.009033306,0.025834931,0.000266514,0.005670342,0.000208054,0.005462287,0.004219993,0.000266514,0.000601431,0.016627619,0.016627619,0.112228652,0,0,0.155864848,0.157490447,0.315649966,0.175947158,0.278789633,0.433863335,0.443407047,0.676098422,0.799387499,0.823535219,22516,33743,0.00691226,26673,78656,192,5.262690189,3587180.74,1095383.92,0,11300,8821.36,231597.36,178924.92,705000,25500.28,6483677.59,3.252085083,0.013265688,0.050206901,7.37262e-05,0.000892498,42945007.29,42399335.79,695829.28,"2018, 2020, 2022, 2024, 2026","montana democratic party","C00010033","Y","MT",100
"comm204876",670893.42,77.13704173,0.941473472,0.682236352,13.72544135,0.813959638,0,0.940946801,0.033383616,0.004433752,0,0.004433752,0,0,0,0.042463656,0.04559023,0,0,0,0.454006625,0.502253647,0.819903123,0.755369503,0.740745994,0.901047746,0.904525933,0.873221554,0.970555451,0.970653701,57021,69233,0.054316478,27720,76893,1467,7.291656209,968020.41,775560.59,27515.92,0,0,3654.45,0,35000,0,1004820.41,2.738092773,0.008807354,0.099644436,0.000456196,0.011290839,1117016.67,737337.08,379679.59,"2022, 2024, 2026","senate fight fund","C00814616","N","DC",328
"comm208674",341239.7,73.24627466,0.866264931,0.493021621,6.552129452,0.185024456,0.061816615,0.251513984,0.011522017,0.199742329,0.144348276,0.055394052,0.061816615,0.011522017,0.01449967,0.002792395,0.002792395,0,0,0,0.326660053,0.340670611,0.278197786,1,0.637181708,0.853280037,0.856222705,0.890295839,0.976935776,0.976972373,48752,65289,0.022818195,31067,76589,677,6.519147288,1604247.91,463866.01,0,21250,266220.82,102162.98,114008.08,5150,26741.67,1731272.91,2.437151116,0.00514377,0.117584591,9.48387e-05,0.002003536,1896808.6,1844295.11,51899.36,"2024, 2026","turn left pac","C00839894","V","WV",328
"comm163080",464760.1,75.42949076,0.915691043,0.613909996,9.993364542,0.48962269,0.216858253,0.524842162,0,0.193940879,0.191893358,0.002047521,0.216858253,0,0.052674777,0,0,0,0,0,0.495125201,0.548864413,0.59313655,0.499440395,0.603631892,0.84314572,0.846194102,0.746513332,0.934976581,0.935539158,46138,64445,0.012168688,26297,76434,320,5.771441123,839926.59,498191.16,0,0,182149.19,1943.55,205846.39,0,50000,862926.59,2.906567289,0.009925087,0.100215802,0.000342244,0.008193049,1148658.87,949220.92,199437.95,"2026","progressive promise","C00897926","O","DC",328
"comm122408",644655.05,72.17087459,0.82874735,0.456978887,5.562425558,0.047700035,0.08532791,0.091766534,0.019926898,0.769544143,0.643359871,0.120528677,0.086035266,0.020481847,0,0.080715389,0.142462434,0.007603278,0.000558208,12840,0.219283643,0.223141023,0.651685074,0.395442887,0.330732107,0.540742216,0.549814283,0.680921741,0.914486223,0.917428853,24265,39499,0.016232382,47875,76028,822,6.712956201,2603197.23,1240203.69,0,269307.47,8694861.33,1628917.47,1162746.92,1090850,0,6790432.11,1.62511346,0.001657613,0.015810905,0,0,6675082.48,6636186.83,203999.92,"2018, 2020, 2022, 2024, 2026","serve america pac","C00571174","Q","MA",328
"comm156249",337886.2,64.77134019,0.599714016,0.205421102,1.971355535,0.03749672,0.044073615,0.209594602,0.018962372,0.559305966,0.295867552,0.261748137,0.045763893,0.018962372,0,0.094328244,0.094328244,0,0.142790109,1061040.16,0.096291265,0.089756021,0.369517505,0.262822487,0.169846931,0.273924111,0.28386866,0.670834557,0.843546201,0.848663589,12146,19690,0.01005827,24045,75754,221,5.402677382,5052902.42,1888675.16,0,170871.58,2666088.2,2358635.19,412382.41,850000,0,10394088.16,3.502660077,0.017360176,0.101700803,0.000264955,0.00406463,7725381.76,7231744.49,1336831.96,"2020, 2022, 2024, 2026","field team 6","C00695346","O","CA",328
"comm167536",0,75.41708271,0.919934464,0.604695736,9.845909906,0,0,0.042798602,0,0,0,0,0,0,0,0,0,0.942944662,0,0,0.454945753,0.489792053,0.038448081,0.039203906,0.537619515,0.805050899,0.806530129,0.710756694,0.93122924,0.932143674,39979,59866,0.002045528,34221,74363,70,4.262679877,1290294.55,49609.35,0,0,0,0,0,0,0,1290294.55,2.173022413,0.003068291,0.035440342,8.76655e-05,0.003291497,1266617.65,1159134.83,107482.82,"2026","democratic leaders","C00904391","Q","DC",328
"comm171203",685584.66,75.44885367,0.914338512,0.610060135,10.08132266,0.894661636,0,0.97538879,0,0.001722876,0,0.001722876,0,0,0,0,0,0,0,0,0.459394705,0.492765593,0.732198863,0.73385013,0.496779942,0.7612567,0.76282285,0.660361565,0.906517072,0.907300147,36795,56384,0.001108911,37875,74067,42,3.761200116,1020824.27,747446.37,0,0,0,1320.25,0,0,0,1030824.27,1.955564356,0.001874587,0.028333627,2.64026e-05,0.000784809,1134655.48,690789.22,443866.26,"2026","pro choice democrats","C00915736","N","DC",328
"comm199793",4461.25,74.08763198,0.874650208,0.531522589,8.068425291,0.004572142,0,0.004572142,0,0.036934144,0,0.036934144,0,0,0,0.001024857,0.001024857,0,0,0,0.249335999,0.265813971,0.006327702,0.077299436,0.523725559,0.730453779,0.736377438,0.84390156,0.959686957,0.962878761,38441,53631,0.0119326,35403,73659,404,6.003887067,966208.36,4461.25,0,0,0,36038.35,0,1000,0,985708.36,2.071689205,0.003103048,0.040752245,0.000139006,0.003916614,980848.38,975746.19,12382.7,"2022, 2024, 2026","southern progress","C00776609","O","AR",328
"comm145732",3866488.84,63.4206042,0.570858611,0.202275237,1.534102045,0.267945728,0.149836404,0.331357348,0.193186459,0.064524915,0.003378479,0.061077136,0.084576909,0.193186459,0.215259349,0.003610504,0.003625208,0,0,0,0.175458848,0.169428704,0.852473626,0.999823545,0.278165764,0.389699485,0.409185553,0.677049864,0.859401969,0.864277001,19030,27644,0.008514983,36383,69412,257,5.552959585,1304011.68,4781526.09,0,2787703.67,48751.86,881350.36,1220454.89,52100,3106218.1,2135911.68,3.385703767,0.012840047,0.07539202,0,0,14869239.24,14387054.11,482185.13,"2018, 2020, 2022, 2024","be a hero pac","C00678995","W","DC",328
"comm198394",89911,72.71459316,0.854680904,0.460773115,5.479899733,0.128353237,0,0.181588146,0,0.002500726,0,0.002500726,0,0,0,0,0,0.79104214,0,0,0.436005836,0.48267319,0.189046995,0.182908275,0.6346229,0.756357373,0.781294777,0.793206258,0.930470525,0.933929631,43848,52259,0.022408371,33068,69093,741,6.609349243,672858.46,127201.87,0,0,0,1751.75,0,0,0,732873.46,2.089421798,0.003235757,0.039394645,0,0,700567.16,700496.55,70.61,"2022","elect democratic women 2022","C00766808","N","DC",NA
"comm12543",5755.84,68.4587022,0.715490094,0.349641309,3.421084839,0.000167253,0.007152461,0.001071538,0,0.007407184,0.001938126,0.005153343,0.002526683,0,0.002543983,1.4529e-06,1.4529e-06,0.065725559,0,0,0.135057469,0.127654143,0.004414984,0.002523158,0.157183938,0.268226256,0.276019911,0.513039947,0.717651768,0.731071508,10711,17595,0.008371776,32497,68737,287,5.66296048,5254492.04,36875.84,0,0,66698.51,177346.77,86953.08,50,87548.45,15591085.12,2.586083171,0.012565304,0.02364488,0,0,34702195.42,34413924.83,419545.27,"2018, 2020, 2022, 2024, 2026","maine democratic party","C00179408","Y","ME",100
"comm24911",970897.76,71.61809445,0.81343715,0.433518806,5.144765655,0.070719713,0.038877212,0.190772082,0.000100851,0.007801845,0,0.007179955,0.003079349,0.000100851,0,0,0,0,0.075943204,1042610.1,0.261224891,0.274378604,1,0.190762115,0.17446647,0.386272735,0.388564505,0.346349225,0.636542785,0.638469623,11952,26462,3.60841e-05,55426,68506,2,1.098612289,1362430.06,2619074.37,0,1384.56,0,98572.27,42275.81,0,0,1394430.06,1.235990329,0,0,0,0,13754617.9,13728813.69,72638.62,"2026","dga action","C00503789","O","DC",100
"comm7820",14534.5,62.45177924,0.455940339,0.203995261,1.677583648,0.002273446,0.43947824,0.004649651,0.003421626,0.121151913,0.012950188,0.10839709,0.437280378,0.003421626,0,0,0,6.69466e-05,0,0,0.004802355,0.001255932,0.009716911,0.006392636,0.001441455,0.002681681,0.002786402,0.711807609,0.019186543,0.716474883,50,192,0,4990,67105,0,0,3250583.5,29725.96,0,21875,82792.61,692999.81,2795602.91,0,0,3273858.5,13.41908472,0.166301485,0.539317554,0.007534692,0.055360191,6410140.62,6393158.83,2954.78,"2018, 2020, 2022, 2024","oakland county democratic party","C00040857","Y","MI",100
"comm205899",0,75.17847607,0.894323858,0.589138135,8.761556318,0,0,0.738226169,0,0.208275249,0.153202467,0.055072783,0,0,0,0,0,0,0.126788535,85802.47,0.3,0.897851743,0.703897717,0.691863194,0.018107768,0.002573847,0.0198489,0.02702539,0.005829006,0.029992884,1196,170,0.037061684,19535,66049,724,6.586171655,709740.66,499584.83,0,0,103677.75,37269.78,0,0,0,729007.74,3.381059637,0.011568979,0.118002245,0.000409521,0.016524694,726490.06,676736.82,134510.22,"2026","pathway to victory inc.","C00894618","O","NJ",328
"comm209556",795744.84,73.68517178,0.857785585,0.53419168,7.017382616,0.453580163,0,0.4918716,0.281563392,0.211884705,0,0.211884705,0,0.281563392,0.004741666,0,0,0,0,0,0.337888377,0.36215922,0.653941212,0.651684016,0.373962128,0.615536505,0.618197873,0.573133976,0.844656414,0.845269632,24486,40270,0.008153281,42616,65369,348,5.855071922,1320008.63,862921.97,0,493964.76,0,371722.96,0,0,8318.61,1322508.63,1.422598085,0.000329446,0.006200376,2.5342e-05,0.00200248,1410972.58,1410972.58,308733.78,"2024, 2026","nrrc","C00858852","O","TX",328
"comm210180",2278716.87,69.84325666,0.756894701,0.368239497,3.859659674,0.479932524,0.018955373,0.517853663,0.000758215,0.070831185,0.067825415,0.00300577,0,0.000758215,0.080929521,0.300126732,0.300126732,0,0,0,0.327763727,0.342743,1,0.534279322,0.267496351,0.485995237,0.488084812,0.437581624,0.725958362,0.726895598,17410,31631,0.014423264,51514,65085,743,6.612041035,2394733.44,2458766.22,0,3600,322034.68,14271.38,0,1425000,384252.9,2445257.44,1.263442948,0,0,0,0,4780277.42,4747994.26,32283.16,"2024","stop maga pac","C00874115","N","DC",NA
"comm130274",199366.91,60.29025706,0.411630737,0.086373438,1.12191155,0.101890585,0.071016513,0.410592299,0.277437925,0.185601532,0.057915446,0.127686086,0.071016513,0.192127879,0.040010437,0,0,0,0,0,0.132605792,0.128307493,0.540603119,0.513849609,0.160351796,0.264287595,0.284495857,0.561893499,0.81656571,0.824626223,8811,14750,0.006633213,35722,63639,220,5.398162702,1660550.75,803396.29,166924.16,375932.1,113321.79,249840.36,138956.34,0,78287.48,1904226.75,1.955517036,0.004423059,0.057216125,0,0,1926434.28,1921074.64,17573.86,"2018, 2020, 2022","the democratic coalition","C00612846","O","NJ",328
"comm7019",0,63.43600664,0.551316286,0.21204315,1.783111614,0,0.05289865,0.000110636,0.000119287,0.015341782,0.001124603,0.014217179,0.033475493,0.000119287,0,0.000874418,0.000874418,0.412212437,0,0,0.06247782,0.063026267,0.00015413,0.000337811,0.087121864,0.143924727,0.151301008,0.547204853,0.767531217,0.782229998,4834,7962,0.006969052,24492,63519,221,5.402677382,5783450.87,2086.84,0,2250,21212.42,268166.39,631419.37,16493.4,0,18135731.05,3.101897228,0.013819261,0.024916272,0.000270048,0.000637931,18973158.76,18862137.84,132681.11,"2018, 2020, 2022, 2024, 2026","nebraska democratic party","C00003988","Y","NE",100
"comm155011",2600,54.89220764,0.357735214,0.126088473,0.708261073,0.001303822,0.231395039,0.029245346,0.021362616,0.064736242,0,0.064736242,0.231395039,0.021362616,0.289371146,0.03510289,0.03510289,0,0,0,0.08987601,0.080148974,0.020606454,0.042901975,0.095803808,0.164319523,0.171981138,0.361128966,0.513628059,0.531960145,5909,10231,0.009805521,26321,63456,261,5.568344504,1739460.92,58319.25,0,42600,0,129092.99,461433.6,70000,577045.95,1808960.92,5.568878543,0.041020876,0.196672855,2.38497e-05,0.000356956,2029965.39,1994137.83,35827.56,"2020, 2022, 2024","black lives matter pac","C00760686","O","DC",328
"comm144938",4313.6,53.10218663,0.356600805,0.149489132,0.65027912,0.001418661,0.000156343,0.035250811,0.001507699,0.073432458,0.014490115,0.058942343,0.000156343,0.000166085,0.460769252,0.038058425,0.038058425,0,0.007966489,21026.58,0.085840561,0.055935864,0.125498181,0.285513564,0.090905598,0.142362636,0.15353102,0.52471554,0.628012525,0.664249262,5462,8421,0.007482536,13444,61803,98,4.59511985,1191408.48,107184.09,4079.33,505,44058.84,179220.88,475.38,115720.96,1401021.19,1391258.48,6.363255486,0.018342206,0.099545731,0,0,3801317.38,3040613.46,802245,"2020, 2022, 2024, 2026","sunrise pac","C00674697","W","DC",328
"comm154110",3250,73.67750882,0.87142718,0.515489362,6.897594332,0.001677787,0.007742602,0.187344329,0.003613696,0.035106686,0.000774363,0.034332322,0.007742602,0.003613696,0.087147957,0,0,0,0.005003751,10000,0.2728497,0.282905458,0.14670473,0.514840785,0.663060298,0.827096986,0.834392295,0.925313962,0.987322483,0.987746068,39944,50140,0.01075427,23325,61629,216,5.379897354,2292168.84,362900,0,7000,1500,66504.28,14998,0,168812.12,2441668.84,2.890551545,0.012548759,0.125628414,0.000283262,0.009099769,2415739.48,1937074.91,478664.57,"2020, 2022, 2024","protect the vote","C00756056","O","MI",328
"comm148695",2869388.2,74.82129309,0.88410094,0.596160055,9.902034549,0.032928709,0.520273476,0.061230314,0.030779559,0.372320801,0.299469564,0.072837119,0.257585875,0.030779559,0.020239006,0.001147586,0.001147586,0,0.000203126,16517.34,0.28992598,0.310067639,0.997070561,0.1507582,0.537948485,0.734458807,0.738607286,0.826690872,0.952426493,0.955354291,31036,42461,0.01632578,26131,60850,498,6.212606096,1719263.9,5335573.23,0,2682112.56,26095600.35,6346983.42,22445880.46,1e+05,1763615,40203356.6,2.26177176,0.003134272,0.003449422,2.74914e-05,4.72307e-05,79648019.03,78056845.41,1968689.38,"2018, 2020, 2022, 2024, 2026","forward majority action pac","C00631549","N","DC",328
"comm204582",0,66.19725232,0.641524768,0.227592879,2.323649568,0,0.214604396,0.082280138,0.029647983,0.212811085,0,0.212811085,0.214604396,0.029647983,0,0,0,0,0.003746712,10000,0.169788366,0.17331398,0.090927324,0.090554504,0.128504942,0.316838522,0.320341408,0.395332774,0.74864736,0.749239397,7814,19266,0.000820965,46287,60807,38,3.663561646,2415184.36,219606.25,0,79130.67,0,567994.24,572780.6,0,0,2564684.36,1.31369499,2.16043e-05,0.000181987,0,0,4027908.61,2669006.83,1643168.58,"2026","state + local election alliance","C00812495","V","DC",328
"comm209903",523086.32,76.540316,0.934791284,0.649734027,11.99589982,0.847934438,0,0.927729181,0.05798882,0,0,0,0,0.05798882,0,0.011347154,0.011470887,0.000162102,0,0,0.497278175,0.536385309,0.847755158,0.823927441,0.717829041,0.907579901,0.908727456,0.840236557,0.963769818,0.963887258,43347,54771,0.014186775,25078,60368,368,5.910796644,665051.49,572311.28,0,35773,0,0,0,7000,0,668051.49,2.224704961,0.00408746,0.045824718,4.98783e-05,0.001102646,702510.85,604743.46,104961.23,"2024, 2026","protect democracy initiative","C00868307","N","DC",328
"comm205426",138455.53,76.50128638,0.933109395,0.657800315,11.49378559,0.185048049,0,0.271549258,0,0.003321577,0,0.003321577,0,0,0,0,0,0.685900078,0,0,0.488485022,0.530262278,0.269878338,0.272875826,0.677443482,0.859637677,0.863388146,0.819225972,0.961561752,0.962554788,40840,51824,0.035349131,28298,60263,997,6.905753276,763209.65,203176.94,0,0,0,2485.25,0,0,0,763209.65,2.129918121,0.002195936,0.030124505,0,0,754302.14,748213.94,6088.2,"2024, 2026","defend the vote leadership fund","C00831495","N","DC",NA
"comm169812",492745.24,75.45400576,0.915881887,0.616189353,9.925821261,0.627291669,0,0.785397851,0.179601991,0.034933361,0,0.034933361,0,0.179601991,0,0.064289265,0.070734373,0,0,0,0.437538882,0.489123457,0.795993623,0.803048543,0.564546531,0.816527382,0.817945253,0.719845202,0.924218919,0.925253132,33844,48950,0.01337967,23020,59949,308,5.733341277,775055.92,616939.57,0,141079.55,0,27440.58,0,50500,0,777555.92,2.604213727,0.006081668,0.056491911,0.000173762,0.004757214,768246.92,713938.61,54308.31,"2026","democratic action network","C00913012","V","DC",328
"comm7197",27413.88,67.56938325,0.718238346,0.312985001,2.597671163,0.001888949,0.024229433,0.014682353,0.001138222,0.029381169,0.016739794,0.012462926,0.01784836,0.001138222,0,0.000104839,0.000104839,0.344260117,0.000115711,1508,0.094117454,0.085844026,0.045931856,0.029815051,0.072541432,0.149909307,0.156067294,0.406187601,0.541065584,0.56655438,4084,8559,0.02092306,11715,58934,268,5.59471138,3447014,213081.57,0,16518.75,242940.73,180871.54,259029.09,1521.5,0,5531120.13,5.212511971,0.029530651,0.084704532,7.54337e-05,0.000341201,14850365.45,14512767.17,373794.19,"2018, 2020, 2022, 2024, 2026","idaho democratic party","C00010439","Y","ID",100
"comm7458",36332.38,62.92533968,0.575104737,0.244786987,1.623077016,0.003106162,0.021988401,0.041662099,0.003064976,0.058026509,0.02896655,0.028401142,0.021781603,0.002210046,0,0,0,0.372609614,0.000184644,1500,0.118731523,0.075885509,0.078344792,0.091202782,0.080323411,0.160489895,0.16779873,0.484762817,0.550956906,0.632416284,4445,8742,0.005783954,10973,56926,62,4.143134726,2972670.57,487316.27,10000,25850.63,338818.05,332204.54,254776.63,0,0,4582307.03,6.072872469,0.052233595,0.232252179,0.000573728,0.004805731,11838442.83,11696872.62,139744.88,"2018, 2020, 2022, 2024, 2026","democratic party of arkansas","C00024372","Y","AR",100
"comm23542",18418.6,71.07894411,0.803471595,0.40958897,4.619656512,0.004912554,0.138635085,0.2211948,0.014034251,0.379631649,0.255996413,0.126063703,0.052499857,0.014034251,0,0.347665662,0.347665662,0.002693842,0.000325505,5568.89,0.173696446,0.163134031,0.451089557,0.259638884,0.293149887,0.449614072,0.466098552,0.709268609,0.878371558,0.890567144,15172,23172,0.017072985,26297,55326,464,6.142037406,1612268.73,829323.84,0,52618.5,959805.24,472649.6,196837.28,1303500,0,2858963.73,2.415100159,0.004751751,0.01397328,0,0,3947863.03,3749291.75,305399.52,"2018, 2020, 2022, 2024, 2026","opportunity & renewal pac","C00460972","Q","OR",100
"comm210406",0,73.75241641,0.871764553,0.526267509,6.432781928,0,0,0.506576214,0,0.491033322,0.483866319,0.007167004,0,0,0,0,0,0.001828473,0,0,0.247973005,0.248207871,0.505514444,0.510627071,0.448064782,0.662200174,0.670827312,0.784502428,0.942330627,0.942716861,24791,36603,0.010506786,19454,55056,204,5.323009979,490740.65,249343.94,0,0,238165.81,3527.7,0,0,0,490740.65,2.796958644,0.006657078,0.068264974,9.59642e-05,0.005448244,492890.11,492214.07,7091.25,"2024, 2026","bowers news media pac","C00878124","N","NY",328
"comm210120",0,71.79201772,0.826321598,0.414964747,5.0634987,0,0.039719214,0.184630369,0.024445312,0.282300322,0.196782266,0.085518056,0.039719214,0.024445312,0,0.460793221,0.460793221,0,0,0,0.237577749,0.228415945,0.480010834,0.274713982,0.229203596,0.484119684,0.491144922,0.575923506,0.866297409,0.8673811,12528,26516,0.009749098,33238,54906,309,5.736572297,2404578.08,1161970.37,0,153846.46,1238448.28,538207.49,249972.69,2900000,0,2852178.08,1.801395185,0.000834808,0.010197723,0,0,6606974.82,5929866.04,1003933.63,"2024, 2026","our great task, inc.","C00872887","O","VA",328
"comm208279",760017.18,73.55909789,0.867172803,0.518430164,7.133161288,0.56269233,0,0.798569762,0.001332662,0.104683358,0.099036513,0.005646845,0,0.001332662,0,0.06654888,0.06654888,0,0.035371069,46216.4,0.326428213,0.340244367,0.825277413,0.759721096,0.506835845,0.779009154,0.785250825,0.809520826,0.968165199,0.96856005,27984,42707,0.012801103,30858,54584,393,5.976350909,1308750.71,1078612.07,0,1800,133766.62,7627.08,0,89886.23,0,1325750.71,1.861100081,0.002344582,0.035450364,5.2843e-05,0.000784943,1416241.97,1350679.83,231204.47,"2024, 2026","defeat extremists","C00829754","N","NY",328
"comm19107",16726.2,49.98365643,0.256380213,0.102971781,0.454737648,0.002961707,0.012982897,0.019827912,0.004614556,0.173330987,0.128144716,0.045186271,0.0037933,0.004614556,0.062352286,0.012462674,0.012462674,5.5129e-05,0,0,0.049079682,0.028816326,0.133003574,0.049204799,0.041939062,0.054730076,0.062411349,0.384013032,0.469144262,0.546331599,2630,3342,0.002581151,7047,53340,18,2.944438979,908476.87,111977.86,0,26060.64,723695.51,255188.84,21422.61,70382.78,352133.67,2396656.87,7.926017075,0.026916035,0.05227676,0,0,5728031.11,5647486.15,520230.76,"2018, 2020, 2022, 2024, 2026","new york state committee of the working families party","C00350991","Y","NY",328
"comm155161",284661.26,70.32391611,0.776397341,0.366337854,3.784000087,0.057463148,0.125127863,0.43166839,0.000279078,0.205603648,0.076262075,0.129341573,0.051796668,0.000279078,0.23810996,0.044133018,0.045661757,0.112774451,0.007305227,109422.5,0.197823312,0.19150171,0.834647255,0.791694161,0.346591477,0.496964757,0.507278082,0.696904502,0.875475038,0.881759291,17811,25684,0.012622881,26482,53288,259,5.560681631,1756287.92,2138401.26,0,1382.5,377787.49,640733,256590.62,218626.39,1179550.44,2079487.92,2.639571604,0.008281311,0.057968254,7.03251e-05,0.000319604,4992529.44,4750920.93,432126.43,"2020, 2022, 2024, 2026","democratic majority action","C00762666","O","DC",328
"comm120710",19001.5,68.31706839,0.712849255,0.326083667,3.135774034,0.01072946,0.164960685,0.218925349,0.139902768,0.344884827,0.247578177,0.096993545,0.068895273,0.096409535,0.187378083,0,0,0,0,0,0.255642447,0.239867553,0.304795974,0.25490075,0.412518676,0.548083668,0.57210676,0.769809947,0.892967114,0.903562229,20337,27567,0.017760796,23923,52697,449,6.109247583,1160092.16,387709.17,77025,170737.93,438452.33,171772.19,122011.13,0,331840.06,1384692.16,2.549047304,0.005131123,0.101358373,0.000156871,0.003599009,1825430.68,1770965.18,92997.5,"2018, 2020, 2022","courage campaign super pac","C00523498","O","CA",328
"comm10212",303121.87,64.53691842,0.61796092,0.270489467,2.04193468,0.010944705,0.224189485,0.032887028,0.002931126,0.051537202,0.013849835,0.030583802,0.225811427,0.002931126,1.80533e-06,0.000180533,0.000180533,0.178725547,0,0,0.116766588,0.114943593,0.495486815,0.42603651,0.150041321,0.246697351,0.259680231,0.527799561,0.687211961,0.704164053,7200,11733,0.004103699,18426,51811,110,4.709530201,2690597.22,910831.1,0,81179.75,383581.64,847041.51,6254018.16,5000,50,7044276.47,3.268589587,0.014343132,0.075013495,0,0,27602081.31,27695755.92,40494.3,"2018, 2020, 2022, 2024, 2026","missouri democratic state committee","C00135558","Y","MO",100
"comm204612",102785.48,75.54163658,0.908427112,0.614790979,9.936957874,0.08271958,0.017488569,0.242043805,0.05423807,0.403363536,0.34969162,0.053671917,0.006484554,0.05423807,0.00800755,0,0,0,0,0,0.333450376,0.371346794,0.235023864,0.725506362,0.666013682,0.831081522,0.833175013,0.859373216,0.956046868,0.957027364,34605,43055,0.028418883,22670,51619,618,6.428105273,1304428.12,300758.16,0,67395,434518.9,66691.51,8057.56,0,9950,1359428.12,2.318674283,0.005802566,0.07604197,0.000300402,0.005494132,1171233.59,1161412.82,108660.72,"2024, 2026","every state","C00812792","V","DC",328
"comm198346",265000.84,73.5497087,0.872788,0.506165734,7.157811572,0.241493738,0.113809122,0.50499967,0.011163354,0.214031039,0.133410615,0.080558912,0.107856093,0.011163354,0,0.021848279,0.021848279,0,0.009840764,9999.99,0.242672633,0.249271444,0.446902603,0.468163961,0.485871148,0.706671144,0.716696583,0.834005165,0.965747847,0.966152341,24780,35967,0.009663218,26410,51343,260,5.564520407,1190979.15,554156.55,0,12250,146396.86,88400.55,118354.85,23975,0,1226003.15,1.964607404,0.003254818,0.044551575,0,0,1162522.35,1097340.42,65181.93,"2022, 2024, 2026","colorado turnout project","C00765917","N","CO",328
"comm128931",497021.47,55.34650922,0.375249799,0.119888202,0.688390165,0.044443079,0.173614048,0.077022482,0.017294684,0.20989796,0.184462179,0.025435781,0.079882926,0.017294684,0.23923414,0.108196787,0.108196787,0.074754144,0,0,0.09676946,0.098732527,0.209994083,0.094065092,0.139176844,0.209933432,0.225471837,0.5141317,0.762607955,0.778315789,7757,12264,0.00012133,37331,51085,10,2.397895273,1180608.07,861367.57,0,193412.1,2062900.79,284456.65,893356.85,1210000,2675433.52,3242458.07,1.516658759,0.002241145,0.025948256,0,0,11075911.49,11183326.58,161325.35,"2018, 2020, 2022","working families party independent expenditure committee","C00626861","O","NY",328
"comm7108",500,65.42958336,0.62875096,0.282565028,2.304232193,1.33854e-05,0.028262167,0.000265136,0.000186057,0.005416416,0.003148139,0.002268277,0.016709971,0.000186057,0,0.00014724,0.00014724,0.220598727,0,0,0.114749571,0.101560908,0.001453966,0.001921157,0.111658514,0.213847303,0.221684688,0.468682084,0.652763741,0.673659846,5184,9841,0.012000203,20012,50830,266,5.587248658,4622918.64,9903.92,0,6950,117595.84,84729.4,624185.62,5500,0,13637245,2.912624925,0.013542989,0.016576867,0.000166021,0.00029956,37436547.28,37354080.77,165828.5,"2018, 2020, 2022, 2024, 2026","democratic party of south carolina","C00007658","Y","SC",100
"comm209449",227195.88,71.48320607,0.806609335,0.42799768,5.214331023,0.281591907,0.002023037,0.475539085,0.006515339,0.432269734,0.17011288,0.262156854,0.002023037,0.003804076,0,0,0,0,0,0,0.373041605,0.382811926,0.543077947,0.439737711,0.41981427,0.696292116,0.699466645,0.65380419,0.887601079,0.888163389,20701,34406,0.053449389,29599,49663,1632,7.398174093,677610.05,383677.65,2187.52,3069.23,137251.62,211515.16,1632.24,0,0,701410.05,1.674808428,0.000668585,0.011120707,0,0,840130.03,806826.74,43934.18,"2024, 2026","new. digital. now.","C00856153","V","IL",328
"comm202286",163585.42,77.12092851,0.934626097,0.669097934,13.29645988,0.291484607,0.051607031,0.563575296,0.016810931,0.015108837,0,0.015108837,0.051607031,0.016810931,0,0.036527916,0.036527916,0.251240786,0,0,0.423710924,0.476701878,0.562286581,0.55099412,0.802776728,0.928131145,0.931346637,0.929805645,0.984582156,0.985193122,39657,45928,0.069999623,16192,49466,1044,6.951772164,555603.93,316286.69,0,9434.54,0,8479.3,28962.62,20500,0,560603.93,3.030415193,0.009124379,0.109326945,0.000127646,0.003716833,613474.22,561214.61,52259.61,"2022, 2024, 2026","democracy on the line","C00793687","V","DC",328
"comm207079",489798.78,75.74829664,0.918655852,0.618447277,10.31895469,0.513947659,0.001137445,0.69241284,0.43259013,0.00215165,0,0.00215165,0,0.304298065,0,0,0,0,0,0,0.38587932,0.428839548,1,1,0.604366918,0.827286157,0.828965741,0.805411093,0.954853593,0.955238076,29866,40882,0.00972077,25821,49417,251,5.529429088,565948.47,659878.41,122264,290000,0,2050.55,0,0,0,591963.47,1.913829828,0.001936408,0.023570035,3.87282e-05,0.000371645,1020953.48,889778.75,131174.73,"2026","fields of change pac","C00895482","V","DC",328
"comm149522",391704.43,73.93297682,0.870742768,0.527882698,7.221270946,0.641159517,0,0.775606315,0.015140818,0.011001237,0,0.011001237,0,0.015140818,0.000571619,0.152226604,0.152226604,0,0.049466282,30000,0.298553658,0.317513182,0.705357534,0.658043314,0.540518985,0.745350489,0.752397807,0.811398642,0.950997419,0.953123303,26992,36657,0.016547811,27585,48938,456,6.124683391,664931.85,473842.19,0,9250,0,6721,0,93000,349.22,701731.85,1.75440591,0.00147243,0.016364698,1.36274e-05,9.40388e-05,711934.14,610931.32,101002.82,"2020, 2022, 2024, 2026","fight for progress pac","C00716670","V","DC",328
"comm15332",2962.12,62.57265665,0.448105563,0.17359975,1.845996242,0.00045444,0.112548618,0.063954567,0.004970386,0.01159913,0.00264299,0.009320553,0.099112856,0.004970386,0.023754646,0.652163826,0.652163826,0,0.004126411,80000,0.047546411,0.037744374,0.055736021,0.045629804,0.029612305,0.069658489,0.072846567,0.35605263,0.451278654,0.48608477,1611,3366,0.019868517,4367,48924,84,4.442651256,5503007.07,416867.01,0,32397.84,17227.47,58377.68,646034.86,4250917.44,154836.92,5598322.07,10.5756423,0.001633893,0.006297307,0,0,6994009.26,6518174.22,599431.86,"2018, 2020, 2022, 2024, 2026","human rights campaign pac","C00235853","Q","DC",328
"comm11917",380910.27,67.05097342,0.647200556,0.306508316,2.655050515,0.020776882,0.019017841,0.073649726,0.032094169,0.120743857,0.03219207,0.093398773,0.015876584,0.032094169,0,0,0,0.243045831,3.08339e-06,39.9,0.122801713,0.118905821,0.532336896,0.21792076,0.170496886,0.255970943,0.269994728,0.588800182,0.666741871,0.725971032,10824,14456,0.030642746,14260,48496,723,6.584791392,2496230.71,1350247.68,0,588394.28,590189.14,1712314.27,291071.29,0,0,5400687.37,3.647016394,0.018302176,0.041553836,9.41277e-05,0.000185984,18760006.73,18333370.07,531600.25,"2018, 2020, 2022, 2024, 2026","connecticut democratic state central committee","C00167320","Y","CT",100
"comm159584",301399.7,77.97762858,0.955961408,0.728209582,16.32880214,0.435497975,0.048260275,0.578281258,0.081552741,0.044348231,0,0.031562957,0.061045549,0.064834775,0.114451987,0.13654479,0.13654479,0,0,0,0.452874641,0.502598535,0.632043054,0.622252008,0.785838907,0.937315665,0.938374943,0.91029369,0.984962406,0.985045487,37835,45128,0.022951772,17210,48146,395,5.981414211,633211.99,400217.24,11570.18,44870.89,0,21844.11,42248.44,94500,79210,658521.99,2.797559558,0.007263219,0.060622638,5.81058e-05,0.001284695,665479.28,692080.6,12481.51,"2026","resistance pac","C00892216","V","DC",328
"comm11919",155090.38,65.09346669,0.625557663,0.276320546,2.045526086,0.007457006,0.039266271,0.023201263,0.020868086,0.017966849,0.005279374,0.012195934,0.018634317,0.020868086,0,0.000302915,0.000302915,0.237509221,4.93789e-06,545,0.165028663,0.141693714,0.302809844,0.139687307,0.22305653,0.348427464,0.354145027,0.577509723,0.777325925,0.785287316,9514,14789,0.004030676,21671,46890,100,4.615120517,3136823.57,482538.55,0,434013.27,109800.11,253650.35,387555.47,6300,0,6927301.54,2.290780454,0.007631356,0.044607723,0,0,20835785.77,20797943.16,92123.31,"2018, 2020, 2022, 2024, 2026","tennessee democratic party","C00167346","Y","TN",100
"comm149229",1051033.91,73.79834433,0.868119504,0.528687958,6.98296158,0.024327528,0.041134472,0.084601832,0.010016712,0.037151156,0.021906299,0.015244857,0.022767897,0.00289383,0.638546621,0.155265262,0.155265262,0,0.001389488,156810,0.37495648,0.411457252,1,0.074978011,0.643595095,0.761231775,0.793703184,0.848895669,0.9260019,0.934513615,30615,35708,0.02375042,16093,46880,441,6.091309882,767702.74,3655093.74,307733.33,125023.53,946428.4,658630.91,983652.44,6708000,27587437.69,13042457.25,2.7797816,0.013428306,0.024659601,4.04727e-05,3.70298e-05,46396390.52,43128664.61,3267725.91,"2020, 2022, 2024, 2026","edf action votes","C00707844","O","DC",328
"comm208193",306530.79,70.3087559,0.7814164,0.380399854,4.287758461,0.243272599,0.123363937,0.375362772,0,0.464946801,0.446681126,0.018265675,0.014964016,0,0.022221692,0.007373046,0.007373046,0,0,0,0.266320161,0.26275945,0.474262934,0.47695737,0.395152692,0.654076023,0.66081315,0.765628668,0.952906135,0.953749804,17563,29178,0.012282113,26819,44630,264,5.579729826,997823.28,472968.38,0,0,562831.65,23015.3,18855.11,9290.26,28000,1064359.28,2.318518552,0.001433811,0.017702255,0,0,1284524.78,1260030.07,32471.51,"2024, 2026","voters of tomorrow pac","C00833103","V","DC",328
"comm148764",17665,49.68890684,0.225306542,0.053645671,0.380498411,0.008370011,0.738393728,0.057842842,0.030277844,0.0296319,0.000488702,0.028431428,0.019801006,0.030277844,0,0.004738189,0.004738189,0.03366726,0,0,0.047038074,0.044462549,0.06228054,0.050182894,0.045072048,0.06724859,0.079870991,0.485048555,0.762792016,0.770153818,1943,2903,0.012941379,15638,43610,245,5.505331536,1677069.75,122077.95,0,63901.72,1031.41,60004.84,41790.24,10000,0,2173958.08,2.728093011,0.011411755,0.051851449,0,0,2110510.94,2110510.94,0,"2018, 2020","flippable","C00632091","N","NY",328
"comm24520",989152.73,57.51457032,0.444791095,0.17346129,1.151110104,0.027568772,0.021028802,0.039068968,0.004747423,0.02820966,0.018158923,0.010050737,0.021028802,0.004747423,0.000772652,0.653381054,0.653381054,0,0,0,0.064431692,0.062382033,0.136568942,0.026097247,0.067693381,0.132273761,0.140713416,0.467851233,0.823539574,0.824753949,2652,5212,0.002964352,34787,43572,112,4.727387819,3811895.08,1401773.58,0,170335,651532.4,360615.06,754502.12,23442961.43,27722.35,15263980.08,1.439655913,0.000680764,0.003450715,0,0,36783148.64,35879463.12,1074952.14,"2020, 2022, 2024","america votes action fund","C00492520","O","DC",100
"comm200680",443743,73.03945288,0.853281656,0.506869808,6.797921571,0.613941511,0,0.673328626,0.015227857,0.068347026,0.010775933,0.057571093,0,0,0,0.04870103,0.04870103,0.167904687,0,0,0.344885701,0.373511812,0.779194426,0.764853704,0.491871096,0.742023474,0.745199476,0.735113591,0.933749748,0.93585407,20771,31369,0.011789795,25230,42707,302,5.713732806,659804.1,486666.66,11006.35,0,7788.6,41611.08,0,35200,0,720804.1,1.662934188,0.001508405,0.014764558,0,0,717046.4,696707.36,105053,"2022, 2024, 2026","elect black democrats","C00781674","N","DC",NA
"comm200831",158048.49,77.53764119,0.949800796,0.689879557,14.25562905,0.191757566,0,0.62342054,0.21561457,0.033607688,0,0.033607688,0,0.144016707,0,0.141347484,0.141347484,0,0.025668278,21401,0.400318176,0.447717002,0.647921661,0.602105027,0.798723219,0.931096722,0.934517273,0.93255526,0.985650234,0.987121394,34000,39562,0.058302129,15508,42459,880,6.781057626,756918.93,513829.4,59011.67,118700,0,27699.79,0,116500,0,766418.93,2.530312168,0.008666575,0.084801239,0.000543319,0.01656738,824825.25,824209.93,33105.48,"2022, 2024, 2026","bold majority pac","C00783837","N","DC",328
"comm198916",283424.61,74.57361945,0.890496792,0.534538134,7.736810141,0.410271439,0,0.706610969,0.032569887,0.171061141,0.165950752,0.005110389,0,0.032569887,0,0.052835594,0.052835594,0.01545431,0,0,0.378753097,0.432941511,0.80373326,0.765199148,0.743057362,0.877400899,0.88569027,0.903160642,0.980240183,0.980955344,31237,36938,0.040775954,14553,42142,595,6.390240667,584784.24,488142.53,0,22500,114642.46,3530.37,0,36500,0,596684.24,2.773082862,0.007462897,0.066590694,0.000213035,0.004374204,690822.18,690822.18,0,"2022, 2024","stop senate republicans pac","C00769844","V","DC",328
"comm200728",211801.52,68.14844516,0.709095537,0.320144172,2.804177135,0.14754775,0.09145387,0.246243432,0.35641392,0.050144105,0.005530563,0.044613543,0.09145387,0.35641392,0.177488206,0.027865286,0.027865286,0,0,0,0.23662635,0.244962564,0.514286735,0.278822906,0.440513367,0.607677641,0.623652915,0.786606192,0.935353637,0.93714594,18325,25441,0.009905334,18993,41907,152,5.030437921,682022.22,353476.98,0,511624.27,7939,64041.75,131280,40000,254780.38,697522.22,2.958352996,0.009939196,0.118769908,0,0,1446122.44,1435477.8,10644.64,"2022, 2024","change for arizona 2024 pac","C00782508","O","AZ",328
"comm7054",0,65.23797916,0.597277287,0.265219416,2.195337037,0,0.066468825,0.000151366,0,0.001678347,0.000628969,0.000909899,0.026366374,0,0,0.001668792,0.001668792,0.365780934,0,0,0.114895849,0.105865154,0.000139999,0.00017892,0.138285749,0.227369051,0.248080143,0.573468356,0.795491576,0.810984881,5781,9503,0.007425353,15971,41749,102,4.634728988,4250483.02,2387.5,0,0,9920.72,14351.84,415876.77,26321.86,0,13622687.1,2.843855593,0.009028356,0.018060026,0.00018543,0.00038976,15686253.28,15772998.19,54489.57,"2018, 2020, 2022, 2024, 2026","state democratic executive committee of alabama","C00005173","Y","AL",100
"comm138460",0,56.86672148,0.309178306,0.053636846,0.755178249,0,0.004505455,0.211940925,0.14611999,0.465469087,0,0.465469087,0.004505455,0.134307623,0.01094066,0.036043643,0.036043643,0,0,0,0.10501777,0.081275949,0.285907347,0.115458269,0.088014248,0.132039181,0.152384684,0.537417631,0.630810329,0.694959929,3665,5612,0.007430111,8931,41437,86,4.465908119,476027.27,235204.78,13108.96,149050,0,516561.65,5000,40000,12141.57,486027.27,6.136856222,0.027579855,0.167992123,0,0,1095619.76,1109765.75,35613.1,"2018, 2020","creative majority political action committee","C00619759","O","DC",328
"comm136748",256567.9,66.29624413,0.65712571,0.298543668,2.33731947,0.279663337,0.03250148,0.391453592,0.046984141,0.497798275,0.244475816,0.252754778,0.025439042,0.04398932,0.063053301,0.003815059,0.004967602,0,0.001235312,782.19,0.19303291,0.162678005,0.721485432,0.641619998,0.359826869,0.442681721,0.483520921,0.830427326,0.873429205,0.915907242,14476,18297,0.009483888,13591,41434,187,5.236441963,635263.41,359126.18,2747.5,40356.55,224286.27,231881.53,23338.21,3500,57846.17,665763.41,3.3315037,0.011078588,0.095718513,0,0,749566.06,802290.47,6814.07,"2018, 2020, 2022, 2024, 2026","climate hawks vote political action","C00548461","O","CA",328
"comm210119",191945.8,73.13026493,0.851114888,0.503358195,6.619990492,0.072569707,0.100299008,0.113718683,0.001171345,0.013624712,0,0.013624712,0.096292702,0.001171345,0.027501099,0.007845035,0.007845035,0,0.000413172,1000,0.361828802,0.376483234,0.54232448,0.544683948,0.476905983,0.726120523,0.727609418,0.692785699,0.904534292,0.904872338,19529,29803,0.006761033,24951,41274,169,5.135798437,545456.04,300784.23,0,3098.19,0,36037.16,254692.77,20750,72740,560456.04,1.572178755,0.000250791,0.002599434,0,0,2657073.85,2644985.17,72416.34,"2024, 2026","stand up pac","C00872879","V","NY",328
"comm7363",12231.86,66.2250699,0.669310711,0.272284279,2.385968422,0.000495781,0.026121334,0.008536475,0.011655555,0.021583711,0.009484899,0.011465885,0.01936406,0.011655555,0,0.000543128,0.000543128,0.239727594,0,0,0.112582048,0.103587351,0.13658406,0.091918907,0.126918826,0.216262353,0.220709908,0.498082537,0.673061117,0.69754883,4325,7166,0.024427626,12811,40791,513,6.242223265,4027225.92,210611.07,0,287564.72,234010.51,282885.19,477748.19,13400,0,11515869.2,3.196395618,0.008926853,0.024445341,0,0,24810003.48,24671902.53,45699.52,"2018, 2020, 2022, 2024, 2026","kansas democratic party","C00019380","Y","KS",100
"comm147713",643792.63,70.62668811,0.793960757,0.377171872,3.971663028,0.54106034,0,0.587184447,0,0.001225048,0,0.001225048,0,0,0.271482125,0.096228826,0.096228826,0,0.003525344,3000,0.266524052,0.272606859,0.830341036,0.825803709,0.477504451,0.690942439,0.700310398,0.805104967,0.958177201,0.961492815,18836,27258,0.06296911,24480,40550,849,6.745236349,830157.44,698674.42,0,0,0,1457.65,0,114500,323029.02,868657.44,1.830203535,0.002088146,0.040687304,0,0,1192203.36,1189872.15,7020.53,"2020, 2022, 2024, 2026","hold the house pac","C00704593","Q","WA",328
"comm147896",110043.8,73.82489099,0.873458246,0.49657788,6.777032386,0.138009282,0.003135326,0.235592797,0.415679698,0.003602251,0,0.003602251,0.004389457,0.415679698,0,0.232892027,0.232892027,0,0.005154027,10000,0.35372496,0.379742131,0.266879571,0.286051275,0.623277386,0.790824301,0.799865153,0.853068271,0.965583467,0.968433634,23808,30487,0.013235129,18833,39279,214,5.370638028,712518.86,187853.5,0,331448.53,0,2872.31,3500,185700,0,761318.86,2.18781448,0.004044692,0.054105672,0.00012408,0.004618957,808608.45,797365.21,11243.24,"2020, 2022","mgs pac","C00699421","Q","DC",328
"comm171612",239743.56,75.74883009,0.928065755,0.62488001,10.77697302,0.546948017,0,0.673990697,0,0.000951909,0,0.000951909,0,0,0,0,0,0.062738163,0,0,0.477864345,0.506355354,0.664648417,0.663165775,0.582914054,0.850401218,0.851304281,0.745645948,0.94769977,0.947854581,22592,32959,0.005079175,20082,38757,102,4.634728988,444490.85,295430.14,0,0,0,417.25,0,0,0,447490.85,1.929937257,0.001543671,0.024458601,0,0,445484.6,438329.7,7154.9,"2026","democratic movement","C00917179","Q","DC",328
"comm8540",0,61.87064279,0.528824776,0.236058066,1.490473989,0,0.020218234,0.083551502,0.003731554,0.046436761,0.027217824,0.021118797,0.018188135,5.13517e-05,2.76195e-05,0.000213965,0.000213965,0.238495924,0,0,0.049734504,0.055680862,0.619952395,0.264869583,0.068016067,0.108730206,0.116383589,0.36033903,0.520770467,0.555418493,3137,4661,0.00788079,21207,38677,168,5.129898715,3549145.22,1952454.73,86000,1200,636033.67,493509.92,425025.4,5000,645.42,9079892.85,1.792430183,0.006579345,0.011241094,7.14967e-05,0.000230211,23683109.16,23368278.08,380657.3,"2018, 2020, 2022, 2024, 2026","massachusetts democratic party","C00089243","Y","MA",100
"comm13039",401197.27,68.31192966,0.710151037,0.335029727,2.947901209,0.015229526,0.03477746,0.029518166,0.000318866,0.076312912,0.000290831,0.077540489,0.022914031,0.000318866,0.000912212,0.000474161,0.000474161,0.166816178,0,0,0.110319608,0.104414772,0.165043477,0.109995849,0.160833429,0.272280372,0.280444173,0.593133719,0.802074966,0.813503057,5527,9470,0.042759131,16247,37331,697,6.548219103,5070398.44,777608.42,0,8400,7661.46,2042678.97,603633.14,12491,24030.75,12429091.68,2.573954258,0.00301797,0.008941101,0,0,26223548.23,26343385.19,210165.41,"2018, 2020, 2022, 2024, 2026","democratic party of oregon","C00188367","Y","OR",100
"comm155212",570152.58,70.69636279,0.787741691,0.401493555,4.67761954,0.326662787,0.051693586,0.382570198,0.112869031,0.057973659,0,0.05773597,0.044483066,0.112869031,0,0.013544284,0.013544284,0,0,0,0.223025274,0.209821063,0.803086522,0.853532974,0.393457563,0.551391841,0.56853804,0.749711139,0.909048115,0.916435657,14176,20050,0.017697688,19605,37176,246,5.509388337,805329.87,667732.58,0,197000,0,100771.54,77640.11,23640,0,890331.01,2.474837452,0.008824146,0.126187104,0,0,1664700.99,1745385.77,40846.48,"2022, 2024, 2026","dirt road pac","C00763359","V","DC",328
"comm208289",108204.51,74.84750138,0.895335512,0.575439393,8.033752459,0.356301812,0.01481785,0.514108058,0.033248093,0.129538333,0.015448794,0.114089539,0,0.026342844,0.24696416,0.062556153,0.062556153,0,0,0,0.314948713,0.338910651,0.393069909,0.376293253,0.580140742,0.768895796,0.774790255,0.823048252,0.947292377,0.948245046,21597,28591,0.028417215,16597,37059,473,6.161207322,397495.5,156128.34,2097.04,8000,4691.61,34647.6,0,18997.54,75000,406495.5,2.210891887,0.004603227,0.061433764,9.40503e-05,0.005651936,417908.11,303687.79,114670.04,"2024, 2026","democratic values pac","C00829903","W","DC",328
"comm208209",186150,72.99069569,0.841276764,0.493580985,6.148691305,0.35532311,0,0.660610903,0.254824792,0.036933408,0,0.036933408,0,0.254824792,0,0,0,0,0,0,0.358067334,0.373069739,0.452687703,0.455737461,0.405938842,0.623116634,0.625837474,0.617025159,0.845465128,0.846172989,15233,23238,0.010032819,27138,37023,261,5.568344504,758854.33,346087.03,0,133500,0,19349.02,0,0,0,761354.33,1.469544567,0.001410692,0.016715576,0,0,766678.41,523889.37,242789.04,"2024, 2026","hollywooddemocrats.com","C00833129","V","CA",328
"comm209587",267647.75,78.02674408,0.95699975,0.716791592,16.23015862,0.123437501,0.403544633,0.176453649,0.065235872,0.005574473,0,0.005574473,0.403544633,0.065235872,0.34178529,0.006917908,0.006917908,0,0,0,0.439528471,0.49410608,0.774818309,0.126791465,0.759665981,0.940824976,0.94118585,0.899671296,0.986300757,0.986381884,27533,34071,0.011506646,11855,36212,146,4.990432587,432020.62,382601.9,0,141450,0,12087.05,875000,15000,741088.11,896520.62,2.772725641,0.007951897,0.039681685,0.000107258,0.001917052,3129945.21,1233076.02,1896869.19,"2024, 2026","new democrat majority","C00859660","O","DC",328
"comm207313",854234.32,70.69526769,0.77325302,0.423440454,4.437445067,0.754986625,0,0.944827596,0.029865742,0.017135705,0,0.017135705,0,0,0,0.030933587,0.030933587,0,0,0,0.378942033,0.388108132,1,0.85947686,0.193546597,0.457342619,0.458285936,0.383125711,0.735010959,0.735510363,6976,16484,0.004488016,31417,36043,141,4.955827058,906622.7,1069031.07,33791.78,0,0,19388.3,0,35000,0,917422.7,1.147245122,0.000190979,0.006266468,6.36598e-05,0.004223789,1247316,1131456.23,133981.06,"2026","win blue usa","C00895847","W","DC",328
"comm155128",0,70.70626219,0.785666336,0.377809034,4.14218318,0,0,0,0,0.036594227,0,0.036594227,0,0,0.151679086,0,0,0,0,0,0.249796341,0.257144518,0,0,0.41767681,0.605803735,0.615608488,0.741713995,0.922466164,0.925319997,14782,21440,0.007689973,19766,35391,152,5.030437921,552318.98,0,0,0,0,23425.6,0,0,97096.56,559818.98,1.790498836,0.001113022,0.013652538,0,0,636118,640144.68,10923.35,"2022","retire him","C00762161","V","DC",328
"comm140468",489771.24,69.98113933,0.789944679,0.330723016,4.088113882,0.088099083,0.031733861,0.146466402,0.006810182,0.7486141,0.651403193,0.092463924,0.033399399,0.006810182,0.103734527,0.000283391,0.000283391,0,0.002232694,8912,0.133083051,0.109824598,0.38429886,0.175836327,0.153717476,0.281104591,0.291962452,0.614585336,0.817471793,0.825270533,5022,9174,0.00811257,14550,35376,104,4.65396035,2902193.42,814254.01,0,37860,3621360.63,514036.8,185678.04,1575.46,576693.72,5778668.77,2.679595069,0.012757627,0.065328517,0,0,5952484.24,5547484.11,405074.99,"2018, 2020, 2022, 2024, 2026","flip the 14","C00640300","O","CA",328
"comm207294",219517.59,75.86182134,0.919881497,0.630321376,10.97527348,0.698882816,0,0.748471185,0,0.11846786,0.085629367,0.032838493,0,0,0,0.033429073,0.033429073,0,0,0,0.412656583,0.453919077,0.592844361,0.588439426,0.698129907,0.900385439,0.903097787,0.867523198,0.972705211,0.972905068,24452,31536,0.004640109,17672,35025,82,4.418840608,396551.28,235093.19,0,0,26896,10314.5,0,10500,0,422566.28,1.981948846,0.002206881,0.029546607,0.000113173,0.004979101,440419.78,314097.85,126321.93,"2026","dlp pac","C00895730","W","DC",328
"comm9118",6679.94,62.57732541,0.555469629,0.222336634,1.585478396,0.000267401,0.030841663,0.018707956,0.002347707,0.02229877,0.001261614,0.020732289,0.007814023,0.002347707,0,0.004334557,0.004334557,0.206062462,0,0,0.105944455,0.102266359,0.207688887,0.091800921,0.124544918,0.208253126,0.217857254,0.512847981,0.677342754,0.70010464,4413,7307,0.007218451,10989,34859,71,4.276666119,1345454.21,467342.97,0,58648,31516.35,517912.8,195201.91,108281.47,0,3114010.21,3.566978652,0.012484272,0.031842234,0,0,24922039.56,24980975.01,156848.37,"2018, 2020, 2022, 2024, 2026","indiana democratic congressional victory committee","C00108613","Y","IN",100
"comm150241",223314.3,72.998816,0.850756468,0.509664373,5.686256096,0.333519463,0.002240247,0.456012152,0,0.013469157,0,0.013469157,0,0,0.406537701,0.039577697,0.039577697,0,0.013963331,10000,0.322693687,0.33678341,0.537740417,0.444840687,0.583788088,0.762809841,0.768317197,0.805881219,0.941457731,0.942371432,19781,25844,0.019229602,18361,33790,342,5.837730447,577218.85,305331.61,0,0,0,9018.53,0,26500,272205.05,591218.85,1.843495912,0.001022838,0.007793521,0,0,688493.11,669569.02,22585.05,"2022, 2024, 2026","free and fair democracy pac","C00717728","N","CA",328
"comm199140",178595.01,68.85540246,0.710393029,0.328415378,3.368576487,0.265217234,0.035365642,0.438548415,0.213156918,0.286574575,0.247758072,0.038816503,0.01412985,0.213156918,0,0.006741993,0.008300698,0.003031669,0,0,0.210370897,0.22704461,0.408421932,0.646530819,0.489726936,0.653542952,0.666042176,0.847898832,0.956746477,0.959900909,16270,21783,0.021114855,10383,33388,176,5.176149733,759897.96,295314.74,0,143538.04,166838.16,26138.7,9514.92,4540,0,810897.96,5.412908522,0.041274847,0.17649467,0.000828329,0.008033147,562887.12,562887.12,0,"2022, 2024","fearless action","C00773762","N","CA",328
"comm210212",0,68.894618,0.71961042,0.344151249,3.425791707,0,0,0.572350331,0.075900333,0.007112635,0,0.007112635,0,0.075900333,0.278854681,0,0,0,0,0,0.342865844,0.354658321,0.603010389,0.487500602,0.243042449,0.429435907,0.430933765,0.387885324,0.646864983,0.647643869,8113,14335,0.007705885,23229,33381,179,5.192956851,785331.66,473563.15,0,62800,0,5885,0,0,230724.6,925531.66,1.437039907,0,0,0,0,971410.39,827400.85,144009.54,"2024","gen democracy","C00874750","O","DC",328
"comm142999",48489.1,61.86426251,0.468359067,0.086964636,1.363530813,0.013324374,0.044998085,0.097622416,0.010517792,0.431820265,0.115399416,0.315995395,0.04441718,0.010517792,0.230472447,3.0227e-05,3.0227e-05,0,0,0,0.068723248,0.056369218,0.274258734,0.094622165,0.048298749,0.111082062,0.120148093,0.468798097,0.673597612,0.706850967,1449,3512,0.011658464,15646,33354,169,5.135798437,1280802.94,355260.46,0,38275.59,419953.24,1149947.67,161639.8,110,838718.72,1465893.49,2.851711868,0.008063988,0.058166449,0,0,3707552.95,3639127.94,68425.01,"2018, 2020, 2022, 2024","mad dog pac","C00663211","N","MD",328
"comm153277",128023.23,74.86613218,0.904102532,0.577505005,9.166629839,0.327779243,0,0.879637235,0,0.035023309,0.030723728,0.004299581,0,0,0,0.047365748,0.047365748,0,0,0,0.27538947,0.293138975,0.736439354,0.735393487,0.545357578,0.774281923,0.776037434,0.834137546,0.96931824,0.969410301,18050,25625,0.010303864,17810,33063,181,5.204006687,426493.17,343566.6,0,0,12000,1679.32,0,18500,0,438993.17,1.862008301,0.001389797,0.01476092,0,0,435995.51,390577.6,58347.04,"2024, 2026","blue vision","C00887174","N","MN",328
"comm206445",248687.79,76.19601136,0.920884053,0.637741341,10.90066895,0.341608396,0,0.448460589,0.438962695,0.00179391,0,0.00179391,0,0.37530691,0,0.046154426,0.046763771,0,0.004197068,3020.53,0.327624441,0.364444742,0.53449617,0.48881226,0.587282057,0.827043592,0.829248446,0.848225945,0.976563577,0.976691537,18780,26479,0.019783704,16074,32002,304,5.720311777,596290.78,326475.21,46340.83,273220,0,1305.95,0,33600,0,615790.78,2.016707973,0.004086137,0.052808171,0.000180766,0.005303388,737771.95,714130.14,40965.18,"2024, 2026","the real texas pac","C00831974","V","TX",328
"comm139522",44596,64.12188215,0.599807935,0.259216445,1.802010103,0.031620355,0.022179762,0.107676031,0.043939226,0.431752321,0.368870065,0.062882256,0.022179762,0.043939226,0.324994184,0.053178013,0.053178013,0,0,0,0.219137693,0.199981416,0.325789437,0.237015718,0.301895498,0.415453405,0.43266347,0.593766123,0.766823122,0.77599651,8510,12149,0.008183585,22487,31699,171,5.147494477,748873.72,151861.68,0,61970.01,520238.6,88686.45,31281.39,75000,458357.93,1281573.72,1.878990569,0.00296543,0.09471098,0,0,1402556.36,1410357.33,18462.95,"2018, 2020, 2022, 2024","ultraviolet pac","C00629477","O","DC",328
"comm208718",198352.55,74.55198008,0.894302837,0.579283192,7.929826214,0.242721202,0.099228683,0.63569329,0.070094437,0.19721519,0.154917437,0.041624725,0.004209479,0.012181792,0,0.12506069,0.12506069,0.06730272,0.001503526,1312.75,0.356886793,0.38447435,0.696314061,0.672626418,0.659705611,0.84679381,0.852083762,0.868010971,0.967308906,0.967794717,20932,26833,0.042569013,13519,31641,570,6.34738921,755029.12,519490.61,47326.4,9955,126599.03,34015.86,3440,102200,0,775029.12,2.285249259,0.00463235,0.062829096,0.000487204,0.019400249,840466.96,817203.23,129247.81,"2024, 2026","blue wave california","C00840983","W","CA",328
"comm139344",7256.5,67.85097189,0.683367401,0.30116835,2.816674,0.007647043,0.058635018,0.063312103,0,0.065914395,0.035084454,0.030802542,0.013555663,0,0.011509936,0.345652894,0.345652894,0,0,0,0.061250373,0.04867818,0.050748537,0.053946853,0.034476605,0.092896102,0.098818805,0.536402878,0.551572138,0.64608555,1100,2821,0.001270665,4964,31316,4,1.609437912,1129966.37,60078.68,0,0,33292.65,29229.42,12863.36,328000,10922.11,1194466.37,7.250398683,0.083056003,0.387405186,0.00049089,0.010126099,1067223.48,948928.84,118409.74,"2018, 2020, 2022, 2024, 2026","democratic women of the south orange county","C00625772","X","CA",328
"comm11530",16539.29,66.76975741,0.683789883,0.292219903,2.47013796,0.000688727,0.028991657,0.024661244,0.000673071,0.030444905,0.001363045,0.02759764,0.022059521,0.000673071,8.41082e-06,6.93029e-05,6.93029e-05,0.211205504,3.70808e-06,520.38,0.102609101,0.082681123,0.352923578,0.213316727,0.136676261,0.230128059,0.244798759,0.630741976,0.710303352,0.757505269,4256,7014,0.016517284,7725,31038,96,4.574710979,1838417.03,592222.31,0,16163.32,32732.57,662737.78,529743.77,1664.26,201.98,2921516.62,5.058169089,0.020632544,0.048484282,0,0,24137296.16,24014291.37,315181.31,"2018, 2020, 2022, 2024, 2026","democratic party of new mexico","C00161810","Y","NM",100
"comm147130",579487.09,59.3031799,0.441670755,0.170064921,1.169229867,0.008221551,0.078273892,0.146504807,0.014027696,0.052759059,0.019570953,0.033114796,0.078347202,0.014027696,0.527803458,0.026956504,0.026956504,0,0.077064684,6743078.61,0.147656306,0.123463337,1,0.140187225,0.138257083,0.213203571,0.222625644,0.400348077,0.588289424,0.598991778,4029,6465,0.005581848,20287,30834,132,4.890349128,1513117,10326232.61,0,988726.98,1379437.46,2334060.53,5522217.64,1900000,37201655.07,22529755,2.542096287,0.008589581,0.008936574,0,0,74103346.83,70483916.9,3619842.46,"2020, 2022, 2024","everytown for gun safety victory fund","C00688655","O","NY",328
"comm21592",176176.94,75.63592784,0.902851953,0.602680148,10.14041475,0.01711315,0.023041367,0.26394884,0.113988973,0.382055284,0.194242109,0.164801748,0.069988504,0.113988973,0.029178729,0.220547638,0.22471177,0.010199296,0,0,0.376278357,0.40974384,1,0.934761926,0.711783924,0.836179203,0.849065336,0.900604402,0.975251773,0.976791477,21650,25516,0.060667615,12089,30754,662,6.49677499,595045.73,2717307.91,0,1173496.87,1999689.1,1696605.65,720519.61,2270500,300390,2304245.73,2.550128593,0.006725205,0.01276541,0.000136834,0.00064042,9975257.39,10068581.66,877405.54,"2022, 2024, 2026","new democrat coalition action fund","C00409730","Q","DC",100
"comm7221",82243.26,65.78929478,0.658387912,0.273206608,2.141555947,0.00240279,0.048728656,0.006366314,0.005898895,0.112317545,0.097122491,0.015195054,0.021575359,0.005898895,0,0,0,0.280120793,0,0,0.089505559,0.102927394,0.089463535,0.005036324,0.1567356,0.23126803,0.242819402,0.474692515,0.603946857,0.632902708,4690,6731,0.05751418,11010,30650,615,6.423246964,2367364.41,217907.64,0,201908.73,3324330.87,520099.79,738486.32,0,0,25305199.66,3.038192131,0.011853282,0.009635917,0.000528261,0.000597015,34109115.25,34228229,120103.44,"2018, 2020, 2022, 2024, 2026","kentucky state democratic central executive committee","C00011197","Y","KY",100
"comm142316",0,56.81295421,0.288987729,0.045828204,0.748851081,0,0.00138474,0.033476965,0.000415422,0.004212629,0,0.004212629,0,0.000415422,0,0.00346185,0.00346185,0,0,0,0.072137012,0.073311097,0.048939513,0.681501446,0.066650926,0.139845516,0.147468547,0.461598138,0.826255608,0.828785375,1976,4146,0.004656141,18685,29647,87,4.477336814,493990,24175.63,0,300,0,3042.18,0,2500,0,500409,1.586673803,0.001070377,0.019625666,0,0,721464.15,722157.17,0,"2020","party majority pac","C00660589","V","MI",NA
"comm152034",108420,75.89691896,0.912029877,0.607097319,9.939716964,0.187788447,0,0.645008924,0.134327526,0.0335104,0,0.0335104,0,0.069263921,0,0.121070028,0.121070028,0,0,0,0.402003306,0.444709082,0.839467333,0.818855334,0.758554338,0.897194568,0.900359742,0.896065144,0.976714353,0.976839845,22404,26483,0.030868542,12093,29618,371,5.918893854,495157.99,372397.07,37564.59,39989.65,0,19347.29,0,69900,0,503157.99,2.485194567,0.007577,0.093519722,9.25583e-05,0.001640181,584589.61,577351.81,7237.8,"2020, 2022","deliver democracy","C00746909","V","DC",328
"comm208085",250550,73.68378592,0.866832168,0.531286915,6.23891974,0.401675684,0.004064051,0.464758021,0,0.000789324,0,0.000789324,0.004064051,0,0.494888972,0,0,0,0,0,0.323129639,0.33773563,0.634049598,0.516296995,0.570066383,0.773335736,0.776677866,0.802164259,0.942576125,0.942876422,16828,22790,0.016726393,14516,29435,248,5.517452896,461323.18,289898.36,0,0,0,492.35,2535,0,308692.9,678323.18,2.016859481,0.002550455,0.019502451,0,0,719667.42,623761.93,95905.49,"2024, 2026","cedar key progress","C00827030","O","FL",328
"comm158739",40265,71.17257207,0.799600187,0.427796451,4.836537523,0.030516216,0.01664158,0.352971068,0.006175621,0.19357698,0.10261379,0.090963189,0.01664158,0.006175621,0.079577863,0.006207073,0.006207073,0,0.020967048,28285.22,0.214068509,0.219165934,0.323147559,0.550644738,0.208958735,0.433463285,0.4365766,0.492854944,0.784672808,0.786807158,6109,12651,0.002861991,19180,29123,55,4.025351691,1425233.82,465732.06,0,8148.5,135395.04,120022.51,21957.94,8190,105000,1482233.82,1.33553888,6.12672e-05,0.000410862,0,0,1474112.03,1265189.65,348616.64,"2024, 2026","congress majority pac","C00890889","O","CA",328
"comm210472",190050.03,74.29856228,0.882290476,0.566894446,7.90090094,0.344816204,0.115039558,0.669001788,0,0.117738468,0.090630004,0.027108464,0,0,0,0.091261522,0.091261522,0,0,0,0.459153804,0.487321367,0.766583948,0.676480174,0.746656059,0.918318561,0.920036754,0.887189371,0.981241806,0.981626532,21686,26694,0.039904494,12958,29078,509,6.234410726,482055.63,368729.22,0,0,49951.93,14941.19,0,50300,0,484555.63,2.202218384,0.001915076,0.031667479,0,0,551163.28,551163.28,8793.1,"2024, 2026","bluegrass pac","C00879031","N","VA",328
"comm158837",136476.75,75.46591145,0.906310858,0.606322802,9.701578661,0.258259222,0,0.965409982,0,0.03047732,0.026492638,0.003984682,0,0,0,0.02176181,0.02474552,0,0.019004974,10000,0.327400331,0.349698387,0.883549061,0.883900632,0.608385389,0.860779487,0.861526531,0.869068116,0.977200933,0.977200933,17391,24615,0.010084887,14999,28572,143,4.9698133,497945.68,510169.65,0,0,14000,2105.7,0,11500,0,497945.68,1.725677742,0.00109317,0.010055594,0,0,491867.68,467468.46,56231.44,"2024, 2026","the blue resistance","C00892463","N","MN",328
"comm151394",3127.68,56.4297,0.404635112,0.146451861,0.770143261,0.000890624,0,0.008019998,0.002185214,0.018773396,0.0142245,0.004548896,0,0.002185214,0.545532022,0.00687827,0.00687827,0,0,0,0.10523947,0.099757509,0.033943367,0.228334648,0.143490988,0.226072802,0.234605337,0.520405886,0.773861563,0.791005395,3925,6168,0.00102512,21315,27979,36,3.610917913,609400.52,28164.5,0,7674,49953.37,15974.74,0,24155,1915790.62,778940.52,1.290879069,0.000168748,0.004416691,0,0,4189490.11,3511783.99,662394.66,"2020, 2022","mijente pac","C00738039","V","AZ",328
"comm168018",94894.14,74.3464455,0.885394227,0.56156829,7.944721715,0.206372053,0.009879938,0.39304869,0.034676126,0.0474921,0,0.044928057,0.012443981,0.034676126,0.003262141,0,0,0,0,0,0.385359688,0.408740831,0.378059487,0.416904578,0.490174672,0.763025147,0.765283843,0.712882096,0.929679265,0.92986749,13021,20269,0.022273469,17779,26564,396,5.983936281,478051.54,180731.92,0,15944.8,0,20658.85,5722,0,1500,488051.54,1.494122279,0.000281231,0.003546757,0,0,486062.03,459820.69,26241.34,"2026","stfu pac","C00906941","V","LA",328
"comm209324",93178.53,78.08821659,0.950607353,0.73838421,15.00925044,0.105030199,0.011856944,0.165466574,0,0.124685877,0.087627419,0.037058458,0,0,0,0.001022736,0.001022736,0,0,0,0.427226048,0.479797938,0.316199387,0.854114693,0.809254548,0.937771573,0.942434781,0.938610042,0.98723297,0.987270144,21119,24491,0.050070746,9161,26116,445,6.100318952,524019.41,146795.23,0,0,77739.49,32876.76,0,907.33,0,548019.41,2.875087619,0.007618974,0.065357026,0.000428293,0.009126956,897667.98,887159.42,10508.56,"2024, 2026","the first ask","C00853010","V","DC",328
"comm10648",47790.07,64.9385475,0.581287709,0.279279612,2.274583519,0.002066312,0.003310693,0.035805016,0.01816545,0.036244746,0.014918561,0.020970296,0.006192519,0.013621041,0.000233481,0,0,0.244477954,0,0,0.092053488,0.100552012,0.37748605,0.192631405,0.145181692,0.206392491,0.228376759,0.453522194,0.62221676,0.627852373,3690,5226,0.007119466,11051,25785,78,4.369447852,2323476.8,828105.56,105104,315030.15,345039.47,485005.19,143221.81,0,5400,5086732.61,2.430482609,0.007373825,0.021776897,0,0,22852832.45,23128199.96,221420.3,"2020, 2022, 2024, 2026","democratic state central committee of maryland","C00141812","Y","MD",100
"comm208502",0,69.46261826,0.734389439,0.381914191,3.501753794,0,0,0,0,0,0,0,0,0,0,0,0,0.532488313,0,0,0.147113972,0.224087439,0,0,0.420766962,0.547492625,0.572271386,0.756184857,0.843303835,0.857423795,10698,13920,0,3045,25425,0,0,1257400.47,0,0,0,0,0,0,0,0,3840018.47,8.349753695,0.085714286,0.044273756,0.000656814,0.000356152,23240058.8,23240058.8,0,"2024","newsom for california governor 2022","C00836353","V","CA",NA
"comm198961",64164.15,73.08557903,0.860016579,0.491524177,5.910041254,0.178312004,0.070468426,0.599294785,0.000833699,0.091721475,0,0.091721475,0.070468426,0.000833699,0.186192824,0.035293267,0.035293267,0,0.029935185,12000,0.348946986,0.356481283,0.642967275,0.618819635,0.663506202,0.82264484,0.825658603,0.855557044,0.963798968,0.963834846,16578,20593,0.021888597,12623,25016,269,5.598421959,345220.14,215651.44,0,300,0,33005.24,25357.5,12700,67000,350220.14,1.994254037,0.001990012,0.053825018,0,0,361114.96,359842.01,5992.95,"2022, 2024, 2026","the crazy eight","C00770362","N","DC",328
"comm160419",38912.85,63.05146351,0.544434816,0.277922203,1.702274526,0.047679531,0.016092078,0.092517234,0.00245058,0.183947354,0.101910664,0.081769099,0.016359669,0.00245058,0.047432353,0.085770309,0.085770309,0,0,0,0.153425915,0.163797427,0.09663875,1,0.26202159,0.394954203,0.398143605,0.4692509,0.636203795,0.636776251,6408,9659,0.004813783,15788,24456,76,4.343805422,781326.23,75506.39,0,2000,83172.68,66734.48,13351.67,70000,38711.12,820279.19,1.549024576,0.000253357,0.001537281,0,0,808918.74,816133.24,81313.86,"2026","national ground game pac","C00892984","V","CA",328
"comm150490",13337.73,57.60408566,0.409270125,0.157454208,1.126509727,0.001952276,0.016507988,0.013895169,0.008599155,0.551812498,0.302452833,0.24738614,0.018481514,0.008599155,0.044470478,0.42839495,0.42839495,0,0.00068254,4916.6,0.053428366,0.0455137,0.033792739,0.011512878,0.024566755,0.060425347,0.062334028,0.244583009,0.493097844,0.502924546,581,1346,0.005490526,14685,23953,84,4.442651256,3081868,94930.25,0,58748.47,2066324.11,1690114.59,126263.65,2926746.65,303817.36,9522354.86,1.764148264,0.00303982,0.019408237,2.25378e-05,0.009631788,8708942.78,6831888.77,1896542.88,"2020, 2022, 2024, 2026","everyday people","C00720029","O","CA",328
"comm209061",307652.63,75.8386517,0.910806169,0.631949939,11.35963224,0.328647061,0.00096569,0.355729473,0,0.033375311,0.027752231,0.00562308,0.00096569,0,0,0.266472643,0.266472643,0,0,0,0.378178893,0.415759978,0.630270289,0.528449268,0.628308338,0.805794136,0.807032659,0.810945675,0.923633361,0.923678235,14760,18964,0.020219313,9747,23569,196,5.283203729,519532.09,333004.98,0,0,25979.38,5263.87,904,249450,0,534532.09,2.452998645,0.005546564,0.062342342,0.00012812,0.000888089,1458594.08,936118.61,311858.45,"2024, 2026","ban assault weapons now pac","C00848937","V","FL",328
"comm136278",1170,74.21917273,0.878937344,0.546320262,7.43253033,0.00118944,0,0.359049803,0.000856234,0.251350106,0.024599297,0.226750809,0.00088903,0,0,0.34920739,0.34920739,0,0,0,0.194408934,0.200366446,0.473418305,0.339024553,0.226096978,0.394570599,0.399223152,0.493938877,0.79733652,0.799299983,5297,9244,0.003034301,15160,23428,46,3.850147602,746024.28,353181.55,842.24,0,24197.25,223044.83,874.5,343500,0,1192724.28,1.545382586,0.000791557,0.010689394,0,0,1607522.56,983656.16,663383.04,"2026","common ground pac","C00538835","Q","VA",328
"comm7294",10825.32,60.51783058,0.515456571,0.144361762,1.131727755,0.000704238,0.010370152,0.005953292,0,0.011419328,0.00479768,0.00698878,0.00999697,0,0,0.019857063,0.019857063,0.347268939,0,0,0.092167033,0.069614488,0.038901516,0.031758974,0.091331292,0.139015638,0.148896523,0.515478301,0.526529793,0.651655813,3080,4454,0.004177728,8455,23051,87,4.477336814,1468791.19,91512.04,0,0,73748.35,107429.22,153670.12,305236.2,0,1778299.47,5.712531275,0.059267612,0.160774719,0.000398512,0.002651129,15499590.77,15371669.34,138325.67,"2018, 2020, 2022, 2024","north dakota democratic nonpartisan league party","C00013748","Y","ND",100
"comm146859",45093.57,74.33618192,0.88480038,0.558524578,7.445461122,0.003878961,0.002632751,0.017209338,0.003548124,0.028306189,0.020135154,0.007622944,0.002052256,0.003548124,0.057987669,0.003208556,0.003208556,0,0,0,0.294114498,0.30081506,0.545237602,0.48609262,0.539693497,0.754523987,0.75771375,0.809894928,0.948749566,0.949135194,12402,17301,0.016548722,14443,22967,236,5.468060141,382472.96,200061.43,0,41247.54,234074.53,88618,23857.82,37300,674116.35,996972.96,1.588145362,0.00060637,0.003487852,0,0,11762520.45,11625167.19,1122710.3,"2022, 2024, 2026","dlga pac","C00685719","V","DC",328
"comm211942",0,67.35136801,0.664042866,0.309687515,2.905179318,0,0.03333393,0.055419444,0,0.101677698,0.097285513,0.004392186,0.03333393,0,0.350688855,0,0,0,0,0,0.232130684,0.249083708,0.018407489,0.650269017,0.246806269,0.427323412,0.429606216,0.45792177,0.724790377,0.72654638,5622,9734,0.009661036,18114,22779,175,5.170483995,1671067.18,30760.15,0,0,53997.6,2437.85,18501.75,0,194647.24,1862167.18,1.257535608,5.52059e-05,2.47024e-05,0,0,1905187.83,555042.56,1350145.27,"2024","democratic youth wave","C00882233","V","GA",328
"comm11477",124300.52,63.02653287,0.581129974,0.232039015,1.51218712,0.015481102,0.041650137,0.029403117,0.005000488,0.14322544,0.08490422,0.060077218,0.033527483,0.005000488,0,6.22729e-05,6.22729e-05,0.451315882,0,0,0.078640109,0.050392908,0.129996165,0.100719217,0.055179657,0.098367555,0.100091118,0.394315533,0.454212119,0.539786512,1772,2864,0.008393445,4433,22451,28,3.36729583,1375465.16,236082.85,0,40149.81,681711.07,482370.66,269198.12,500,0,1603896.59,5.813220784,0.041145798,0.168942146,0,0,8000854.21,8029177.66,58603.68,"2018, 2020, 2022, 2024, 2026","south dakota democratic party","C00160937","Y","SD",100
"comm141361",15911.22,63.24620238,0.550869791,0.20342112,1.839241757,0.011593754,0.001823184,0.051860481,0,0.888845176,0.730693956,0.15815122,0.001823184,0,0.008031502,0.000236368,0.000236368,0,0,0,0.088103432,0.079640934,0.074278246,0.110413729,0.070686431,0.165128975,0.175763256,0.508140067,0.800178571,0.80923148,1634,3529,0.027232355,15550,22180,810,6.698268054,997087.58,71173.11,0,0,1002801.36,217046.08,2502.13,324.39,11022.4,1229487.58,1.48427688,0.002301351,0.051812589,0,0,762779.04,713263.4,82870.9,"2018, 2020, 2024, 2026","democrats work for america, inc","C00650432","O","MO",328
"comm153528",327111.22,73.8120464,0.870315347,0.544606998,7.457812233,0.527612766,0.016534294,0.766617087,0.027195126,0.147436613,0.049859519,0.097577094,0.016534294,0.027195126,0.015508477,0,0,0,0,0,0.355724061,0.372090523,0.836930295,0.823516844,0.533685337,0.768575549,0.770450316,0.775455899,0.92369278,0.924934872,11847,17069,0.00666167,13797,22139,88,4.48863637,603245.84,475289.96,0,16860.53,30912.08,60496.19,10250.99,0,9615,640745.84,1.550616418,0.000177709,0.001949229,0,0,622558.84,619983.52,113024.03,"2024, 2026","national democrats","C00887323","O","DC",328
"comm135716",1094282.26,62.14275005,0.545961188,0.16289008,1.28429916,0.011511679,0.113031652,0.031307808,0.031765303,0.020440883,0.003389492,0.017051391,0.110462969,0.031765303,0.74568563,0.001099324,0.001099324,0,0,0,0.106956807,0.105147435,1,0.057195105,0.136382501,0.226408181,0.237017366,0.546379518,0.814789956,0.821015395,3079,5112,0.004018021,15302,22131,80,4.394449155,915939.67,2976071.52,0,3019560.27,322199.86,1620878.69,10500437.94,104500,70883715.73,17158955.67,2.242517649,0.006482846,0.002668681,0,0,96493412.14,95058444,1782079.38,"2020, 2022, 2024","black pac","C00609388","O","NY",328
"comm208536",114827.33,72.65435807,0.842913471,0.483175933,5.995457352,0.086107761,0.007858343,0.371461434,0,0.007939563,0,0.007939563,0.001109341,0,0,0,0,0.619519028,0.040540029,49985.98,0.296555697,0.301209551,0.518099747,0.376038364,0.377370952,0.601254397,0.606919731,0.664213972,0.909579699,0.910225488,8276,13198,0.015242607,18250,22053,282,5.645446898,955716.18,495355.17,0,0,0,10587.65,1479.34,0,0,1192116.18,1.199538911,0,0,0,0,1352553.73,1333530.55,56678.53,"2024, 2026","314 action impact slate","C00837021","V","DC",328
"comm121088",616874.97,71.60610419,0.811855818,0.439642226,5.906759924,0.411295412,0.219478024,0.426592901,0.263600224,0.036595976,0.000246994,0.036348982,0.218144543,0.263600224,0,0,0,0,0,0,0.296555281,0.311173678,1,0.835541281,0.494109964,0.734263139,0.73708818,0.785331559,0.950945226,0.951123337,10777,16088,0.027572614,12254,21951,212,5.361292166,428994.02,639818.67,0,395356.66,370.45,54517.45,327180.67,0,0,593994.02,2.720780586,0.003848829,0.025845972,0,0,1537661.3,1499834.31,100462.12,"2024, 2026","black men vote pac","C00528950","O","VA",328
"comm208884",419291.63,75.79990095,0.920137327,0.631217289,10.97314876,0.558783603,0.019990273,0.648984804,0,0.026295378,0,0.02337268,0.002922698,0,0,0.303852146,0.303852146,0.025321012,0,0,0.411006325,0.417763025,0.915949911,0.892875825,0.629560275,0.849834258,0.852832276,0.821726651,0.957356258,0.957450833,13782,18579,0.015320521,10500,21831,160,5.081404365,433948.75,486975.45,0,0,0,17538.04,2193.09,228000,0,461948.75,2.075146005,0.004490789,0.069835097,0,0,850196.32,750364.95,99831.37,"2024, 2026","democratic majority fund","C00844720","N","DC",328
"comm151475",9304.1,52.09302647,0.287414911,0.08554179,0.516395799,0.00224203,0.042670264,0.008392871,0.028291174,0.1313306,0.065906249,0.065424351,0.030501165,0.028291174,0.71359736,0,0,0,0,0,0.064706069,0.058381685,0.083237005,0.074806055,0.063443753,0.10587704,0.112651442,0.396253461,0.701219392,0.721110609,1153,1978,0.002637324,18644,21775,67,4.219507705,514778.64,34829.2,0,117404.28,273501.4,271501.59,126575.42,0,2961325.8,899278.64,1.194653725,0,0,0,0,4379710.63,4149855.32,229855.32,"2020, 2022","asian american advocacy fund pac","C00739557","O","GA",328
"comm208872",103290.9,72.48947809,0.840011025,0.522419985,5.712872696,0.06797822,0.072301502,0.279889993,0.037710505,0.043486872,0.005923116,0.037563756,0.07197244,0.037710505,0.346215953,0,0,0,0,0,0.365207446,0.373740849,1,0.990187741,0.563214345,0.766589427,0.768603526,0.790357747,0.934830219,0.936502117,11916,16216,0.010649808,11371,21284,128,4.859812404,369034.03,425284.59,0,57300,9000,57077.02,109360,0,526064.93,461834.03,1.858652103,0.001177553,0.008918422,8.017e-05,0.002347949,1495465.77,1519470.51,34829.5,"2024, 2026","rolling sea action fund","C00844530","V","DC",328
"comm144473",162703.86,74.42370588,0.894214503,0.561294688,8.163219928,0.49947357,0,0.715589152,0.003376816,0.042484423,0.029829223,0.0126552,0,0.003376816,0,0.030698323,0.030698323,0,0,0,0.427043424,0.4458147,0.808030078,0.701909329,0.414239946,0.687467126,0.688997274,0.590924305,0.857839621,0.858843781,8663,14377,0.000851487,14093,20913,12,2.564949357,288483.89,233103.66,0,1100,9716.89,4122.44,0,10000,0,338483.89,1.483928191,7.09572e-05,0.000682455,0,0,402623.13,325750.69,235702.79,"2026","black economic alliance pac","C00672576","W","DC",328
"comm7464",2450.48,65.19673088,0.60443616,0.249554886,1.937045024,0.000206119,0.041416826,0.010379123,0.000147199,0.054962295,0.03708882,0.013547779,0.040223224,0.000147199,0,0.000549538,0.000549538,0.471775064,0,0,0.082114254,0.075517437,0.012828869,0.006763692,0.133904924,0.197078239,0.204848414,0.575844144,0.745732249,0.775443032,2426,3732,0.023477124,8008,20560,205,5.327876169,3291185.53,123394.15,0,1750,440937.39,161065.31,478201.34,6533.28,0,8347054.89,2.456564166,0.008299758,0.02416172,8.68056e-05,0.000144506,11908509.35,11888687.52,90966.17,"2018, 2020, 2022, 2024, 2026","vermont democratic party","C00024679","Y","VT",100
"comm122402",4780.02,64.23321616,0.580041609,0.2861831,1.947138309,0.003005429,0.015106137,0.025478937,0.027833272,0.018935094,0.000577769,0.018357325,0.007246783,0.025746117,0.00128811,0,0,0,0,0,0.197814661,0.171936343,0.072696055,0.039268715,0.229908297,0.349253907,0.351557479,0.508050767,0.692298437,0.697580515,4624,7056,0.007655063,9886,20386,56,4.043051268,540114.56,40523.27,3319.54,40948.21,918.92,29196.62,11525.73,0,2048.69,1373323.56,3.031864185,0.009254352,0.021864287,0,0,1690059.64,1590461.58,129264.93,"2022, 2024, 2026"," voteprochoice pac","C00571117","O","NY",328
"comm13225",97732.29,68.56011147,0.707837326,0.337333099,3.188468297,0.007787246,0.03286147,0.017386349,0.016020651,0.045033466,0.025116901,0.019474147,0.032078818,0.016020651,0.003127415,0.000886567,0.000886567,0.381115766,0,0,0.114769467,0.114722355,0.211080038,0.15053316,0.16078361,0.266772949,0.271330518,0.565941756,0.765221307,0.778744934,3115,5112,0.00888081,6688,20300,90,4.510859507,1467714.55,218203.93,0,201064,315224.68,244406.42,402598.84,11126.68,39250,4970418.58,3.191283255,0.012961013,0.060844469,0,0,12913621.86,12550301.62,391366.22,"2020, 2022, 2024, 2026","alaska democratic party","C00191247","Y","AK",100
"comm21387",5420,65.945385,0.649619219,0.325769633,2.277091035,0.01573146,0.484198982,0.10380607,0,0.275509731,0.000870745,0.271388204,0.369899187,0,0,0.349168751,0.352928646,0,0,0,0.116115986,0.114440705,0.071565397,0.070236154,0.113316546,0.23844279,0.244973809,0.440783184,0.694011662,0.699074885,2079,3856,0.003283341,17303,19991,125,4.836281907,528448.1,35764.57,0,0,300,93502.07,127442.31,120300,0,533448.1,1.264652686,7.21902e-06,0.001216577,0,0,608303.84,340088.57,179763.8,"2018, 2026","progressive voters of america","C00406553","Q","VT",100
"comm160479",90575.2,75.20552816,0.911629774,0.579596284,8.859048532,0.333064884,0,0.994040551,0,0,0,0,0,0,0,0,0,0,0,0,0.274578043,0.291504541,0.835578149,0.838944119,0.484301293,0.698250063,0.701597768,0.783464367,0.952827796,0.953385747,9548,13766,0.002349869,11490,19715,27,3.33220451,323517.28,270323.97,0,0,0,0,0,0,0,323517.28,1.715839861,0.001218451,0.012971486,0,0,322243.29,271944.61,71337.15,"2026","state democrats committee","C00893347","V","CA",328
"comm14480",103398.78,62.84396275,0.514967651,0.199331732,1.651122289,0.011990533,0.231717684,0.104338607,0.023561833,0.410434994,0.007165112,0.397008247,0.237689408,0.023561833,0,0,0,0.003057564,0,0,0.037220936,0.028953893,0.534589408,0.252697437,0.028493468,0.05240979,0.057193055,0.246979378,0.358018511,0.380266253,574,1041,0.03,6089,19629,528,6.270988432,1704559.17,899750.21,0,203182.36,61787.4,3423548.25,2049683.26,0,0,2488168.46,3.438199504,0.015637429,0.127857359,0,0,4530224.05,4135874.21,421588.4,"2020, 2022, 2024, 2026","democratic party committee abroad","C00216614","Y","DC",100
"comm14983",5291333.93,72.30620674,0.806997876,0.465343507,4.918818633,0.767896728,0.032100828,0.80623004,0.015465542,0.076955183,0.044921269,0.032033914,0.032158152,0.015465542,0,0,0,0,0.000123663,1060,0.224666568,0.218451745,1,0.838797362,0.333218422,0.377810549,0.418170095,0.637951507,0.771115027,0.782753029,6473,7223,0.021920439,8083,19582,144,4.976733742,1645207.47,5555476.68,0,106568.17,309538.28,220735.59,221591.67,0,0,1819727.47,2.364003045,0.007537251,0.042846622,0.000222018,0.003303168,5603872.55,5802048.71,18975.75,"2018, 2020, 2022","21st century democrats","C00230342","Q","DC",100
"comm210475",99700.27,69.39090077,0.740002768,0.441073454,3.760400922,0.228144957,0.007833634,0.336299194,0.068753962,0.033067474,0,0.033067474,0.003257018,0.068753962,0.031987781,0,0,0,0,0,0.212909604,0.206904931,0.224659221,0.47366479,0.389154365,0.586271624,0.592500923,0.700598491,0.874441677,0.874701664,7525,11331,0.000919747,10138,19391,12,2.564949357,655003.41,146964.11,0,30045.76,0,14450.62,1423.33,0,13978.79,702643.41,1.724982753,0.000989425,0.014372885,0,0,708354.13,437004.05,271350.08,"2024, 2026","citizens against aipac corruption","C00879080","O","WA",328
"comm18772",165142.02,68.69233899,0.715521478,0.329376958,2.894534733,0.035489683,0.09051034,0.204793849,0.246044999,0.223901672,2.14904e-05,0.207913901,0.032774352,0.246044999,0.136275046,0.107721628,0.107721628,0,0,0,0.194471652,0.198052239,0.907052017,0.498666946,0.331032524,0.45455191,0.472546513,0.651114898,0.832367561,0.835605738,6053,8393,0.019008752,9939,19137,188,5.241747015,1089419.9,952954.97,0,1144906.48,100,967473.32,152506.93,501254.61,634120.52,2118141.56,2.001780163,0.004277842,0.010103796,0,0,4485861.83,4653240.19,0,"2018, 2020","pac for a change","C00342048","W","CA",100
"comm120650",0,56.68153923,0.303932774,0.047369943,0.69409806,0,0.00346192,0,0,0,0,0,0.00346192,0,0.983242127,2.07715e-06,2.07715e-06,0,0,0,0.109487172,0.115751408,0,0,0.087036934,0.179611274,0.190187718,0.394517969,0.723927128,0.725023534,1639,3396,0.003601804,13302,18839,55,4.025351691,332617.75,0,0,0,0,0,1000,0.6,284016.44,336617.75,1.408215543,0.000288927,0.00516787,0,0,276472,288857.07,0,"2018, 2020","together we thrive","C00522458","O","FL",328
"comm126747",5886,61.57849309,0.475241742,0.104743981,1.175608543,0.021918144,0.391734998,0.533160391,0.441349321,0.066447316,0.003469219,0.062978098,0.391734998,0.001042657,0,0,0,0,0,0,0.171276607,0.183542894,0.5650255,0.549626659,0.204062938,0.332093976,0.351600388,0.532600496,0.810001078,0.812533678,3787,6163,0.003377265,12140,18558,41,3.737669618,253399.82,143177.36,118241.99,280,931.64,16912.43,105198.33,0,0,253399.82,1.528665568,0.000164745,0.001089188,0,0,260499.3,260124.43,3949.09,"2018","stop the speaker pac","C00626739","O","WI",328
"comm164308",85421.76,77.50493301,0.953410475,0.711205847,14.91015658,0.848724148,0,0.979515091,0,0,0,0,0,0,0,0,0,0,0,0,0.429686649,0.472704954,0.391741706,0.446411535,0.732220531,0.91322314,0.917029143,0.893431927,0.98292736,0.982981731,13467,16796,0.009409305,7652,18392,72,4.290459441,251659.47,98585.51,0,0,0,0,0,0,0,256659.47,2.403554626,0.005227392,0.098580037,0.000522739,0.020049913,220839.97,100647.26,120192.71,"2026","battleground blue pac","C00902403","Q","DC",328
"comm199771",244137.46,74.13915135,0.8747336,0.551348158,6.869906028,0.487351253,0,0.629464149,0.029943249,0.033535241,0,0.033535241,0,0.029943249,0.043567428,0.244536535,0.244536535,0,0,0,0.31390136,0.32710585,0.990994061,0.663495952,0.587554576,0.762749882,0.771420572,0.825515457,0.956514248,0.956797322,10840,14067,0.023835351,11682,18370,265,5.583496309,279644.82,315328.58,0,15000,0,16799.4,0,122500,21825,298694.82,1.55398215,0.00133569,0.0215775,0,0,539934.93,491750.84,48184.09,"2022, 2024, 2026","the people united pac","C00776419","O","DC",328
"comm122646",703522.73,73.68647073,0.856057801,0.523318694,6.340218244,0.14906216,0.003271632,0.272540085,0.015255336,0.088060307,0.021642919,0.066124507,0.00090904,0.015255336,0,0.620726045,0.620726045,0,0.0059744,29330.91,0.310519855,0.330105513,1,0.408322838,0.554941414,0.733601472,0.744694801,0.832482622,0.950755065,0.952838369,10081,13350,0.022078663,9905,18318,197,5.288267031,803608.93,1286296.57,0,72000,102147.22,312085.2,4290.36,2929615.96,0,2961098.94,1.853169908,0.00245697,0.00345713,0,0,5406501.71,4719660.12,692699.33,"2020, 2022, 2024","fair shot pac","C00574970","Q","MA",328
"comm17962",32994.46,63.12116383,0.529835599,0.229223313,1.86269868,0.014598434,0.028587016,0.08882808,0.003112887,0.870936583,0.642748214,0.226336923,0.030327849,0.003112887,0,0.004198197,0.004512975,0,0,0,0.073544709,0.064369583,0.236692173,0.161987025,0.091166581,0.142060615,0.146032535,0.639624473,0.714434435,0.764976764,1514,2295,0.020847881,4568,17921,118,4.779123493,1032724.29,200763.62,0,7035.55,1452698.95,511552.43,68545.09,9488.5,0,1528364.29,4.353127706,0.026999238,0.073383205,0.000322928,0.000758398,2159352.88,2111185.52,77638.49,"2018, 2020, 2022, 2024, 2026","democratic party of orange county fed pac","C00321943","Y","CA",100
"comm24180",199498.39,69.4427372,0.740899909,0.383717662,3.738183449,0.000856455,0.118059352,0.008333163,0.018030103,0.006144523,4.57638e-07,0.006290305,0.018091515,0.016263194,0.594541129,0.231820632,0.231820632,2.14652e-05,0,0,0.121598521,0.147768057,0.406279425,0.004877433,0.292930567,0.438369589,0.462011474,0.718471879,0.866022309,0.867035953,5118,7510,0.03,4139,17815,419,6.040254711,2169460.9,1941085.3,411575,3788266.88,-40974.45,1465232.21,4214146.96,53999136.76,138489432.6,85670303.35,5.541261763,0.015886227,0.007236773,0.001120567,0.000316176,233348302.2,232934991.2,593342.59,"2018, 2020, 2022, 2024","lcv victory fund","C00486845","O","DC",328
"comm12469",253218.01,64.75130217,0.615131717,0.268918347,1.974149606,0.006389447,0.053823816,0.016933527,0.002899581,0.101494492,0.033654064,0.066003908,0.051839362,0.002899581,5.98678e-06,0.000170323,0.000170323,0.105653307,0,0,0.108065425,0.103344784,0.395563199,0.119927718,0.135992077,0.21744936,0.229752701,0.511630772,0.7757264,0.783501599,2365,3556,0.005468911,9833,17676,78,4.369447852,1459540.43,671086.88,0,114912.33,1333732.86,2615778.58,2054428.25,6750,237.26,4682550.25,1.815764998,0.001250628,0.004771122,0,0,39352446.22,39630662.41,116299.85,"2018, 2020, 2022, 2024, 2026","new hampshire democratic party","C00178038","Y","NH",100
"comm209529",20272.5,67.12032208,0.677414927,0.316736994,2.624504993,0.023386668,0,0.303736685,0.258800966,0.039250898,0.004286258,0.03496464,0.034608461,0.258800966,0.087674769,0.223194778,0.223194778,0,0,0,0.085899048,0.086643046,0.316082769,0.320818783,0.064439437,0.156216441,0.162939099,0.368473653,0.728790729,0.729355606,1125,2743,0.022027903,13088,17645,289,5.669880923,810135.72,263291.12,0,224339.04,3715.5,30308.75,30000,193474.17,76000,875935.72,1.415361376,8.20019e-05,0.001161086,0,0,868864.79,866840.04,6184.36,"2024, 2026","pro pac","C00858100","W","DC",328
"comm204340",175730.22,69.91275632,0.775128947,0.328406089,3.544755625,0.049149048,0.532373076,0.115630009,0.156233901,0.033304277,0.001816557,0.031487719,0.532412232,0.156233901,0,0,0,0,0,0,0.17509578,0.173734937,0.576116713,0.325913278,0.322049353,0.502650026,0.509659771,0.713455292,0.901578617,0.902718413,5651,8820,0.011908664,9153,17547,109,4.700480366,717614.87,413429.92,0,558607.32,6495.02,112582.93,1903616.1,0,0,1101514.87,1.917076368,0.001420299,0.007171941,0,0,2023781.3,1944622.56,79158.74,"2022","the american sos project pac","C00809095","O","KY",328
"comm156252",110347.21,73.19614747,0.85270737,0.49373172,6.294095623,0.172542703,0.121954968,0.382896966,0.028953304,0.280381524,0.244843692,0.035537831,0.107100441,0.028953304,0,0.208432478,0.227296741,0,0,0,0.272094117,0.288259816,0.766316484,0.501793421,0.501689765,0.691330325,0.698289838,0.795849613,0.941440222,0.943845632,8936,12217,0.020064747,8653,17371,183,5.214935758,312835.02,244876.26,0,18516.67,156586.27,22727.71,68494.55,133300,0,508335.02,2.063950782,0.002237938,0.01332715,0,0,591258.96,571001.79,22318.88,"2022, 2024, 2026","elect more democrats pac","C00695395","Q","DC",328
"comm154917",12861.96,68.76877582,0.738201274,0.380716739,3.168608832,0.05749944,0.001081862,0.149232209,0.019554967,0.411607323,0.04336934,0.368237983,0.001081862,0.019554967,0,0.040572056,0.040572056,0.017055061,0,0,0.204684895,0.185271263,0.077336578,0.159014136,0.477834197,0.614923299,0.627398578,0.868095569,0.943203806,0.945534235,7987,10314,0.022389775,5478,16860,94,4.553876892,390935.77,33381.52,0,4374.22,9701.22,82370.58,242,9075.5,0,405015.77,3.32087493,0.014558575,0.090144003,0.000243615,0.00356598,233031.03,223688.44,11728.38,"2022, 2024","united rural democrats of america","C00759548","N","IL",328
"comm155172",76897.5,63.6262516,0.507564872,0.172330184,1.823268908,0.168672428,0.000500111,0.500669469,0,0.305513644,0.114936887,0.190576757,0.000500111,0,0,0.18688372,0.18688372,0,0,0,0.163866447,0.176212974,0.581400727,0.964390733,0.22270017,0.344229131,0.354535775,0.562159284,0.866503407,0.867142249,3562,5559,0.004094492,11202,16816,76,4.343805422,454973.3,228254.44,0,0,52399.55,86883.65,228,85200,0,470473.3,1.45238655,0.000543985,0.007266965,0,0,455898.46,455898.46,0,"2020, 2022","win back pac","C00762856","N","CA",328
"comm16631",3712.8,64.93522624,0.620937405,0.269872238,2.061130872,0.000972076,0.093628934,0.31267421,0.000155281,0.070447246,0.027949455,0.036877976,0.101674248,0.000155281,0,0,0,0.016147609,3.03368e-06,65,0.043265137,0.036540904,0.590069117,0.347549898,0.045285835,0.097348127,0.104806209,0.547121747,0.735812727,0.759321359,710,1689,0.079798094,3329,16781,188,5.241747015,2038449.61,1194244.57,0,593.09,106751.64,140853.71,388340.05,0,0,2307164.84,5.00001652,0.036905569,0.167449763,0,0,3990021.93,3819453.38,331449.43,"2018, 2020, 2022, 2024, 2026","fairfax county democratic committee","C00277541","Y","VA",100
"comm209531",1200,73.29088301,0.864500731,0.507615454,6.427281746,0.002130199,0.000390536,0.303031775,0.229885309,0.008589423,0,0.008589423,0.000390536,0.229885309,0,0,0,0,0,0,0.247881481,0.242548415,0.288814216,0.78213041,0.476818,0.680635549,0.6884547,0.787274002,0.935099164,0.935280713,7948,11351,0.02511955,8567,16684,213,5.365976015,580985.29,170706.19,0,129500.76,0,4838.66,220,0,0,732973.29,1.957388405,0.001789904,0.020815049,0,0,647136.19,563327.69,83808.5,"2024, 2026","educated we stand","C00858126","V","FL",328
"comm147908",15003.64,71.55216964,0.817652015,0.411669709,4.459715212,0.072859065,0,0.158767083,0,0.006848305,0,0.006848305,0,0,0,0,0,0.774869021,0,0,0.429834133,0.448102188,0.152654131,0.158790038,0.59419417,0.704890388,0.727053722,0.762948687,0.889906047,0.893278728,9866,11704,0.022532189,9320,16604,210,5.351858133,214173.11,32694.41,0,0,0,1410.25,0,0,0,214173.11,1.781545064,0.000858369,0.016099127,0,0,205926.88,205926.88,0,"2020","bold democrats iii","C00699710","N","DC",NA
"comm151720",11056,72.14639405,0.829403992,0.430975728,5.055704377,0.05025193,0,0.099426962,0,0.004679666,0,0.004679666,0,0,0,0,0,0.849517605,0,0,0.433174411,0.462102585,0.098677371,0.099452596,0.567301894,0.682185502,0.712579906,0.735556628,0.902544928,0.905982391,9407,11312,0.010942552,12063,16582,132,4.890349128,221682.74,21875.07,0,0,0,1029.58,0,0,0,226182.74,1.374616596,0.000165796,0.001585002,0,0,220011.45,220011.45,0,"2020","end citizens united   priority","C00742734","N","NC",NA
"comm147245",3600,60.24071622,0.502052556,0.224205266,1.153644208,0.014325812,0.195199532,0.213332826,0.015639011,0.083573125,0,0.083573125,0.012294929,0.015639011,0,0.444822146,0.444822146,0,0,0,0.119718718,0.107064425,0.508317449,0.495141262,0.241875454,0.332062455,0.348629267,0.76879085,0.856027596,0.88208061,3885,5382,0.009984015,7072,16568,82,4.418840608,142049.2,53609.4,0,3930,0,21001.48,3089.65,111781.43,0,142049.2,3.825286785,0.007765834,0.115941505,0,0,387920.49,251294.66,141625.83,"2020, 2022","inspiring leadership has a name pac","C00688846","N","MN",328
"comm11894",127806.56,67.42610124,0.691838602,0.309456201,2.572827869,0.005171897,0.002598555,0.029478189,0.00109361,0.004974339,0.000151319,0.00482302,0.001228843,0.00109361,0,0.001031898,0.001031898,0.150112306,0.002662689,65000,0.161921649,0.153938312,0.74707587,0.32428229,0.222876177,0.371175306,0.376910423,0.558700314,0.756922667,0.762688563,3659,6105,0.014214689,7803,16451,104,4.65396035,752585.46,728457.22,0,27025,3739.35,119185.2,30366.84,25500,0,2008222.46,2.07159705,0.001809811,0.003942855,0,0,23029854.91,24711736.26,389191.61,"2022, 2024, 2026","democratic party of illinois","C00167015","Y","IL",100
"comm210408",281205.85,71.9538745,0.8277023,0.460826222,6.0592984,0.507405073,0,0.673165304,0.013532926,0.102793257,0,0.102793257,0,0.013532926,0,0.043305364,0.050355188,0,0.011891991,7021.3,0.386283578,0.405211992,0.986476427,0.896527543,0.525160285,0.765013155,0.770658254,0.775703083,0.928765741,0.928880687,8497,12390,0.011033423,7271,16204,78,4.369447852,312647.64,373070.81,0,7500,0,56968.42,0,24000,0,330647.64,2.185627532,0.004172379,0.049371467,0.000119211,0.006046186,465773.54,455531.24,10242.3,"2024, 2026","animal protection pac","C00878165","V","DC",328
"comm155220",1233.75,55.48690365,0.371842844,0.137433739,0.714320917,0.003370158,0.244784763,0.007821609,0,0.267878633,0.195057942,0.07282069,0.244784763,0,0.475477716,0,0,0,0,0,0.09951065,0.093614294,0.014200606,0.008425927,0.123393645,0.205485583,0.213861006,0.507640176,0.773863564,0.796432453,1930,3214,0.000660993,12103,15641,8,2.197224577,201635.05,2863.34,0,0,71406.95,26658.25,89610.98,0,174063.22,204135.05,1.292324217,0,0,0,0,339824.91,366080.71,38785.51,"2022","galeo impact fund pac","C00763433","O","GA",328
"comm128893",73112,71.04487111,0.791024478,0.423389939,4.015461595,0.167644801,0,0.42890076,0.194330573,0.003215569,0,0.001824529,0.015447091,0.194330573,0,0.349909682,0.349909682,0,0.002831523,1000,0.323173201,0.319212691,0.383472162,0.342397486,0.640990991,0.765751689,0.782460586,0.883769707,0.963921734,0.965751689,9847,11778,0.002272351,5844,15546,12,2.564949357,215522.8,187049,0,84750,0,795.7,6736.67,152600,0,253022.8,2.630977699,0.009690894,0.072577164,0.000334169,0.004391146,431562.41,436112.54,6142.5,"2018, 2020","sustainable energy and environment coalition pac (seec pac)","C00581785","N","DC",328
"comm168860",0,72.7426849,0.853697986,0.489560359,5.994462776,0,0,0,0,0,0,0,0,0,0,0,0,0,0,0,0.287177591,0.292241808,0,0,0.514997425,0.782891349,0.785144181,0.825952626,0.970262616,0.970326982,8001,12163,0,9523,15536,0,0,381634.61,0,0,0,0,0,0,0,0,406634.61,1.631418671,0.000105009,0.000521353,0,0,2104,83.42,2104,"2026","arsenal pac","C00908392","V","DC",NA
"comm155144",96128.49,66.9621925,0.66899526,0.299111555,2.412695866,0.172532647,0.44098327,0.301867363,0.004487032,0.03978479,0,0.03978479,0.44098327,0.004487032,0.10008404,0.00279237,0.00279237,0,0,0,0.197162573,0.221231925,0.415774157,0.822972181,0.309701742,0.476386999,0.486916367,0.612778013,0.854328864,0.858678921,4735,7279,0.009954691,10756,15417,126,4.844187086,457189,168188.77,0,2500,0,22166.54,245698.75,1555.8,55762.94,663189,1.381829379,0.000517038,0.008039147,0,0,562253.53,557161.16,5092.37,"2020, 2022","save our senate pac","C00762419","O","GA",328
"comm140482",0,62.57154483,0.524710014,0.220218101,1.770295748,0,0,0.050667432,0,0.02376869,0,0.02376869,0,0,0,0.858016135,0.858016135,0,0,0,0.218181683,0.206522746,0.034015022,0.018701461,0.12531178,0.232139198,0.236202958,0.407320767,0.678398089,0.683596503,1914,3411,0.006092528,12557,15362,74,4.317488114,511357.48,40096.2,0,0,0,18809.6,0,679000,0,836407.48,1.243619686,0.001031318,0.034557685,0,0,870770.71,791360.41,127683.98,"2020, 2022, 2024","onward together committee","C00640490","Q","NY",328
"comm156328",117084.95,71.94110833,0.813975,0.465035644,4.984749193,0.326453408,0.008364527,0.559513721,0.317154981,0.076048774,0,0.076048774,0,0.317154981,0,0.036246284,0.036246284,0,0,0,0.298659107,0.292424252,0.870694379,0.905295378,0.558422472,0.713650483,0.727054948,0.848448797,0.955926765,0.962451348,8335,10596,0.011643496,8787,15122,104,4.65396035,229673.87,200673.77,0,113750,0,27275.46,0,12000,0,229673.87,1.737655868,0.001661964,0.05763004,0,0,359335.02,352462.73,6872.29,"2020, 2022, 2024, 2026","iron pac","C00696666","N","DC",328
"comm163536",140042.77,76.30549929,0.936004201,0.652787156,11.51859812,0.92326333,0,1,0,0,0,0,0,0,0,0.03296362,0.033705401,0,0,0,0.444616274,0.481944198,0.799934321,0.79002045,0.727913315,0.939573223,0.940437413,0.881406634,0.984511068,0.984511068,10950,14134,0.021693196,7099,15043,154,5.043425117,189618.53,151682.37,0,0,0,0,0,5000,0,192118.53,2.119030849,0.002394703,0.039327284,0,0,201998.03,148344.18,67448.75,"2026","battleground turnout project pac","C00899112","N","DC",328
"comm164394",41391.73,76.64856502,0.931383925,0.659085635,12.25795744,0.251720648,0,0.978498093,0.086052145,0.009846129,0,0.009846129,0,0,0,0,0,0,0,0,0.457094824,0.480593307,0.843396825,0.849784387,0.691746561,0.888495206,0.8887731,0.836112269,0.957343338,0.957551758,9957,12789,0.001053186,7596,14394,8,2.197224577,190775.57,160899.51,14150,0,0,1619.05,0,0,0,190775.57,1.894944708,0.001053186,0.009021071,0,0,189341.57,164435.18,29394.27,"2026","the democracy project pac","C00902726","O","DC",328
"comm151772",11328,72.47842885,0.839826143,0.442530586,4.970411959,0.056215969,0,0.106325547,0,0.005659561,0,0.005659561,0,0,0,0,0,0.864333519,0,0,0.425192651,0.452340128,0.105557951,0.106326956,0.57446957,0.675390843,0.708193747,0.745044668,0.905778894,0.910524846,8231,9677,0.01247234,9942,14328,124,4.828313737,202973.91,21425.51,0,0,0,1140.45,0,0,0,205773.91,1.441158721,0.000402334,0.003304598,0,0,201508.58,201508.58,0,"2020","end citizens united   now","C00743666","N","NC",NA
"comm198323",6000,61.54729571,0.459533715,0.106523275,1.383435194,0.013407519,0.018993986,0.079582319,0.039105264,0.062070289,0,0.062070289,0.018993986,0.039105264,0,0.007086611,0.007086611,0,0,0,0.083957493,0.075724601,0.088041222,0.209177244,0.13291767,0.20865807,0.224883095,0.657007227,0.864815077,0.873954938,1876,2945,0.002945114,3735,14114,11,2.48490665,404513.81,35613.89,0,17500,0,27777.08,8500,3171.33,0,445513.81,3.778848728,0.009370817,0.059551196,0.000267738,0.009307231,473056.89,447510.08,25546.81,"2022","strike pac","C00765545","O","CA",NA
"comm168188",36559.76,73.4535497,0.85801217,0.521703854,6.881897974,0.374322228,0,0.668031546,0,0.096740816,0,0.096740816,0,0,0,0.035835241,0.035835241,0,0,0,0.413842277,0.424404302,0.284151747,0.285142718,0.439043429,0.715654272,0.716292932,0.637028101,0.885395969,0.885892705,6187,10085,0.011370815,11081,14092,126,4.844187086,229617.17,65246.12,0,0,0,9448.6,0,3500,0,229617.17,1.271726378,9.02446e-05,0.001371849,0,0,228819.17,97669.22,131149.95,"2026","dems 2025","C00906586","V","DC",328
"comm207875",163076.65,67.79058653,0.70826295,0.315636882,2.824232937,0.318031284,0.03001516,0.487256674,0.417166234,0.04141996,0,0.04141996,0.025139672,0.414416458,0,0.008883139,0.008883139,0,0,0,0.148829957,0.117488992,0.50212478,0.504909789,0.153555073,0.267524384,0.273208177,0.462248342,0.661698496,0.673235978,2148,3743,0.012039012,2914,13977,38,3.663561646,509980.89,249850.22,1410,212500,0,21238.88,12890.85,4555,0,533480.89,5.112639998,0.017270781,0.112138111,0.00021006,0.001293091,522455.37,512769.21,16037.21,"2024, 2026","vortex pac","C00832683","V","AR",328
"comm151723",10990,72.00323598,0.829405908,0.42449386,4.831012602,0.049823548,0,0.098498026,0,0.003875674,0,0.003875674,0,0,0,0,0,0.851171168,0,0,0.420676921,0.448246462,0.097258516,0.098498401,0.553648377,0.667552427,0.697787992,0.727018098,0.897012353,0.898807814,7709,9295,0.01066456,10127,13924,108,4.691347882,223389.59,21726.54,0,0,0,854.89,0,0,0,231089.59,1.374938284,0.000197492,0.001254925,0,0,220578.43,220578.43,0,"2020","end citizens united   urgent","C00742767","N","NC",NA
"comm8315",69391.2,66.61200443,0.679392286,0.277237564,2.246124666,0.019605156,0.012992999,0.070776368,0,0.029725813,0,0.029725813,0.002624116,0,0,0.844697795,0.844697795,0,0,0,0.187070092,0.183631335,0.257690192,0.067984064,0.273469699,0.43117251,0.435675639,0.615622721,0.797198053,0.797639037,3889,5897,0.023834919,9423,13622,211,5.356586275,961981.81,250508.44,0,0,0,105212.62,9287.89,2989753.97,0,1427733.7,2.335580691,0.003403006,0.009241139,3.4887e-05,0.002365018,3541471.99,3539436.22,40561.09,"2018, 2020, 2022, 2024","naral pro choice america pac","C00079541","Q","DC",328
"comm8139",90228.67,63.17668913,0.579714172,0.219234003,1.57503638,0.007283261,0.02338829,0.017316626,0.002361061,0.001855812,6.054e-06,0.001159041,0.013086648,0.002361061,0.000133592,4.036e-06,4.036e-06,0.485292721,0,0,0.129470337,0.122413298,0.400963762,0.276062998,0.174180484,0.281838211,0.296057156,0.529182904,0.675581366,0.708960546,2054,3249,0.005775194,4709,13577,38,3.663561646,963141.31,214527,0,29250,75,14358.78,162123.92,50,1655,1598844.31,3.010313782,0.016436915,0.05955764,0,0,12398197.39,12388498.5,63299.08,"2018, 2020, 2022, 2024","democratic state central committee of la","C00071365","Y","LA",100
"comm151922",1236,53.39239388,0.340356927,0.104171422,0.567288374,0.002501526,0.00750891,0.074151677,0.042501662,0.003056072,0,0.003056072,0.00750891,0.042501662,0,0.102611154,0.102611154,0,0,0,0.080553486,0.082474208,0.221278173,0.331645317,0.0803407,0.129143646,0.133977901,0.259438306,0.479799724,0.481468692,1082,1842,0.004481329,7220,13558,27,3.33220451,383347.44,36638.22,0,21000,0,1510,3710.14,50700,0,419847.44,2.772689619,0,0,0,0,418671.6,494098.33,-250,"2020, 2022","humanity forward pac","C00745323","N","DC",328
"comm8919",0,66.35754408,0.641177212,0.305448141,2.384940227,0,0.02046698,0,0.000898374,0.003351829,0.000300174,0.003051655,0.015887141,0.000898374,0,0.000548529,0.000548529,0.152421902,0,0,0.121348666,0.120341023,0,0,0.137361673,0.242530941,0.244917296,0.479604848,0.729897293,0.732201764,1718,2933,0.007545213,9303,13547,132,4.890349128,1706705.91,0,0,35540,11875,120724.51,628500.73,21700,0,16937417.62,1.488066922,0.001598667,0.002213102,0,0,40374396.6,39560341.34,883394.73,"2018, 2020, 2022, 2024, 2026","new jersey democratic state committee","C00104471","Y","NJ",100
"comm199999",39854,71.1149272,0.812819187,0.407101275,4.36895661,0.183356558,0,0.285549015,0,0.080787118,0,0.080787118,0,0,0.53598231,0.084192929,0.084192929,0,0,0,0.311382552,0.328975544,0.22195412,0.212562107,0.403616692,0.679408643,0.681544384,0.705510723,0.915440001,0.918829051,5421,9129,0.014200288,7751,13503,107,4.682131227,216844.32,62066.34,0,0,0,17559.72,0,18300,116500,218844.32,1.740640318,0.000826258,0.006660686,0,0,280088.85,217357.92,62730.93,"2022, 2024","democratic defense fund","C00778381","N","DC",328
"comm206500",7776.43,32.10022678,0.027121816,0.008863887,0.036241504,0.004829236,0.01243626,0.053641509,0.024827963,0.050219902,0,0.050219902,0.008129964,0.022964935,0.038700053,0,0,0,0,0,0.013371392,0.011782622,0.221452943,0.223533104,0.003334025,0.004618182,0.006444717,0.043007322,0.086325713,0.08682821,45,64,0.017561454,4658,13145,50,3.931825633,415450.49,86377.93,3000,36980.01,0,80868.18,13091.53,0,62317.98,466179.47,3.386279647,0.00220174,0.023858184,0,0,1609077,1610281.51,37263.54,"2024, 2026","progressive victory pac","C00821348","V","VA",328
"comm164024",159618.96,76.00069043,0.926210408,0.644083887,11.58139252,0.878519964,0,0.915765227,0,0.03622226,0,0.03622226,0,0,0,0,0,0,0,0,0.469347218,0.49929365,1,0.947347283,0.66567187,0.892102847,0.892715029,0.815809611,0.96097337,0.96097337,8699,11658,0.026983664,6856,13068,185,5.225746674,165055.67,166386.08,0,0,0,6581.25,0,0,0,170055.67,1.906067678,0.003208868,0.051771282,0,0,220633.67,181690.76,46232.27,"2026","stop the chaos pac","C00901306","N","DC",328
"comm198717",40492.05,70.00411559,0.783362522,0.371278459,3.573872243,0.133643899,0.128792003,0.472113125,0.046744942,0.073215458,0,0.073215458,0.128792003,0.046744942,0.2681654,0,0,0,0,0,0.256690768,0.24601067,0.444644834,0.444306737,0.522533684,0.705823138,0.719142016,0.878426514,0.982422177,0.983970884,6748,9115,0.007360673,6657,12914,49,3.912023005,321701.77,143043.03,0,14163,0,22183.16,39022,0,81250,327701.77,1.939912874,0.002703921,0.044793716,0,0,322005.35,302984.65,19020.7,"2022","operation 147","C00768929","O","DC",328
"comm11584",119538.18,63.80810842,0.526294287,0.225276773,1.898181257,0.009709232,0.041693632,0.03408245,0.005516781,0.073732805,0.005729406,0.067909233,0.036154993,0.005516781,0,0.008122285,0.008122285,0.450787735,0,0,0.047358251,0.048732584,0.033279582,0.054246533,0.079915788,0.119071954,0.120865132,0.545530212,0.797126018,0.80214447,1026,1498,0.005322814,6006,12667,31,3.465735903,3387731.47,419616.5,0,67921.54,70539.34,836085.29,445133.25,1e+05,0,11508674.23,2.160084276,0.004486629,0.00402143,0.000147493,0.000141378,12351832.4,12311805.81,57956.88,"2018, 2020, 2022, 2024, 2026","wv state democratic executive committee","C00162578","Y","WV",100
"comm164082",32426.5,75.10431977,0.904373544,0.586485033,9.39986974,0.239625331,0.115650361,0.812392206,0.198303716,0.071957433,0,0.071957433,0.097175863,0,0,0.103457192,0.120262526,0,0,0,0.265264621,0.277210544,0.748808767,0.7534688,0.401093676,0.70763988,0.709304169,0.751703915,0.964891425,0.965049929,5061,8929,0.000484731,8252,12618,4,1.609437912,146812.21,109934.27,26834.79,0,0,9737.4,13150,14000,0,146812.21,1.529083858,0.000363548,0.003678168,0,0,145938.21,116411.99,29526.22,"2026","forging progress pac","C00901496","V","DC",328
"comm149309",80785.51,72.39617739,0.830666198,0.525568797,7.134835507,0.041810303,0.449337256,0.110997412,0,0.021044592,0.008539526,0.012505065,0,0,0,0.112307712,0.112307712,0,0,0,0.352016731,0.360163651,0.472979261,0.344911953,0.469893042,0.698548131,0.702021229,0.703103014,0.89887348,0.899524177,5783,8597,0.001264852,9053,12410,12,2.564949357,409050.27,214468.25,0,0,16500,24162.18,0,217000,0,729300.27,1.388894347,0.000643689,0.001094116,0,0,1831361.73,1932191.44,170407.4,"2024, 2026","the next 50 pac","C00716423","W","NY",328
"comm160486",156449.28,68.1260274,0.706392694,0.37196347,3.100919314,0.432571749,0,0.477502405,0.020736996,0.061744074,0,0.060638101,0.001105973,0.020736996,0,0.237784223,0.237784223,0,0,0,0.239769896,0.229500134,0.494214057,0.487935454,0.347713476,0.578227438,0.581626872,0.682638608,0.887656819,0.888789964,4296,7144,0.003570791,5601,12355,20,3.044522438,349442.63,172699.46,0,7500,0,21931.13,400,86000,0,403642.63,2.205856097,0.001963935,0.011631675,0,0,363622.09,361672.44,10205.6,"2026","christopher street project","C00893461","V","DC",328
"comm210349",95960.31,70.92050728,0.780845113,0.408969249,5.162492889,0.106699259,0.044912982,0.255378357,0.512147281,0.090959834,0,0.090959834,0.044912982,0.512147281,0.036498456,0,0,0,0,0,0.199088777,0.193187519,0.532846309,0.337680014,0.280476826,0.438479493,0.440896966,0.56698066,0.797799266,0.798957986,3397,5333,0.002538798,6538,12308,16,2.833213344,401452.04,229675.32,0,460601.25,0,81805.01,40392.63,0,32825,613653.04,1.787512241,0.000483191,0.074882938,0,0,894562.24,882833.77,22866.04,"2024, 2026","the seneca project inc","C00877027","O","DC",328
"comm13202",4260,64.52696952,0.617067558,0.244254035,1.895700276,0.000415252,0.056973852,0.017892903,0.005553969,0.08533179,0.058176748,0.02671907,0.050445777,0.001057361,0,0,0,0.411115533,0,0,0.074876125,0.069924488,0.022560691,0.016633721,0.043903743,0.146263227,0.14981647,0.353955183,0.546710479,0.555909793,549,1548,0.022884535,4069,12031,104,4.65396035,1411267.66,183560.32,46129.96,10847.29,596825.6,274106.5,517514.85,0,0,2390586.27,2.755070346,0.008280065,0.043344447,0,0,10315411.62,10258833.95,45137.19,"2018, 2020, 2024, 2026","oklahoma democratic party","C00190934","Y","OK",100
"comm153856",115670.31,65.90865065,0.651898825,0.20838,2.067016993,0.001759212,0.05420848,0.01235668,0.00044351,0.496768404,0.347929026,0.148787485,0.048876098,0.00044351,0.361156746,0.102535049,0.102535049,0,0,0,0.109642491,0.107087143,0.494828963,0.265468871,0.09729254,0.214173876,0.224362564,0.460896696,0.794066218,0.794797655,1162,2548,0.004349608,9023,11957,45,3.828641396,1024080.44,812466.78,0,29161.33,22876757.71,9782958.6,3213663.01,6741804.53,23746496.43,5768080.45,1.52185785,0.002953143,0.001033664,0,0,68032048.35,65751219.38,2280828.97,"2020, 2022, 2024","take back 2020","C00754051","O","NY",328
"comm200846",1173358.55,73.41381892,0.837366023,0.538976102,5.835723915,0.163205867,0.025705284,0.19355144,0.137186739,0.571020054,0.270783654,0.296863529,0.025739924,0.136477203,0,0.284056312,0.412075205,0,0,0,0.331377974,0.363280577,1,1,0.617249359,0.774946086,0.78099076,0.845530247,0.937396697,0.939411589,7255,9151,0.040502149,4952,11849,196,5.283203729,358770.17,1391526.18,5101.17,981194.46,1946782.44,2134282.1,185055.6,2042205.4,0,1112370.17,2.776829226,0.006583415,0.068691582,0,0,5037079.39,5021839.59,15239.8,"2022, 2024","resist this pac","C00784025","O","NY",328
"comm139263",0,63.91535394,0.56001994,0.193120638,1.786975184,0,0,0.0512375,0,0,0,0,0,0,0.948335559,0,0,0,0,0,0.148417323,0.152580182,0.057888009,0.042970831,0.140025413,0.268953833,0.278695468,0.45192715,0.778822533,0.781533249,1653,3175,0.027489072,10295,11805,283,5.648974238,579051.87,33520.16,0,0,0,0,0,0,620412,642751.87,1.146673142,0,0,0,0,780067.76,654211.47,127800.3,"2018","one nation united","C00624718","U","CA",NA
"comm152210",16612,68.47794862,0.723284284,0.306695708,2.934834689,0.04191756,0.026000394,0.283214992,0.006308325,0.072117633,0.038606951,0.033510682,0.026000394,0.006308325,0.542958749,0,0,0,0,0,0.28303547,0.293379915,0.294731965,0.518898039,0.343083788,0.51584862,0.526491489,0.636787308,0.843728309,0.848752272,4118,6055,0.005517263,9131,11771,51,3.951243719,399195.7,112238.58,0,2500,15300,13280.34,10304,0,215175.47,406695.7,1.287431505,0,0,0,0,397378,396301.69,876.91,"2020, 2022","vote local vote blue","C00749424","N","GA",328
"comm22222",0,64.21867133,0.590726577,0.199765434,1.787436729,0,0.10793944,0.149796732,0,0.118273054,0,0.118273054,0.10793944,0,0,0.597061437,0.597061437,0,0.012973818,5477.15,0.099242156,0.090578442,0.079276508,0.062769886,0.225678554,0.310152367,0.324908525,0.802260936,0.931920703,0.950401398,2712,3706,0.011755718,4708,11747,76,4.343805422,138428.19,21233.11,0,0,0,16764.75,15300,84631.16,0,166228.19,2.413345435,0.008836474,0.102625366,0,0,186533.46,141746.15,56520.35,"2018, 2020, 2022, 2024","blue america pac","C00427617","N","DC",100
"comm151940",2000,66.46390107,0.665397778,0.353849608,2.607925835,0.001055822,0.319309574,0.013808073,0,0.031070356,0,0.031070356,0.005764681,0,0.159573209,0.002956301,0.002956301,0,0,0,0.249938971,0.262353656,0.044360707,0.038662827,0.474595843,0.598537336,0.609844111,0.712374904,0.852530793,0.855465743,4686,5980,0.011004369,7426,11698,74,4.317488114,490928.1,26156.07,0,0,0,58855.31,10919.8,5600,302273.03,820078.1,1.816712263,0.001662598,0.005659291,0,0,1901255.98,1894259.27,6996.71,"2020, 2022","people for government pac","C00745588","V","DC",NA
"comm24657",708516.78,63.46656828,0.49954885,0.153967646,1.669710155,0.003959136,0.147566245,0.050789852,0.008867193,0.066211592,0.055282083,0.01092951,0.001367644,0.008843444,0.778697962,8.38188e-05,8.38188e-05,0,0,0,0.128211695,0.12101065,1,1,0.250500483,0.321086405,0.339479141,0.644496479,0.833705716,0.84806778,2638,3435,0.014114337,5956,11682,45,3.828641396,697198.08,9089221.1,4250,1582600,9893139.08,1955916.9,244750,15000,139353781.3,4666698.08,2.697633843,0.003336166,0.013088009,0.001091349,0.006984326,179328919.1,178957423.9,912648.11,"2020, 2022, 2024","priorities usa action","C00495861","V","DC",100
"comm151593",11027.95,66.36838776,0.660238471,0.348868751,2.287995843,0.013525619,0.015852544,0.272181662,0.074550905,0.136986907,0.045839889,0.066504904,0.049693298,0.036487939,0,0.172934432,0.172934432,0,0,0,0.141162551,0.136231421,0.643385788,0.466651877,0.269746706,0.413379492,0.429224677,0.654668626,0.830599487,0.835047695,3117,4760,0.009439034,7145,11434,63,4.158883083,321965.17,221920.03,31034.18,29750,37375,54223.97,40516.83,141000,0,493365.17,1.744145305,0.000662854,0.001427997,0,0,774960.15,815337.92,135092.15,"2022, 2024, 2026","rooted in community leadership pac","C00741371","Q","DC",328
"comm183428",255804.09,68.43021325,0.717629711,0.351315547,3.30623331,0.074703099,0.003635804,0.113859693,0,0.021535,0.004397653,0.016841947,0.000718847,0,0,0.071956799,0.071956799,0,0.004127716,40000,0.214944207,0.188137927,0.526232798,0.990556876,0.356636142,0.517924665,0.524438669,0.754140966,0.859608714,0.874672348,3949,5752,0.018996921,4496,11388,86,4.465908119,406532.92,389887.11,0,0,15058.78,57671.49,2461.53,246400,0,1414053.92,2.556488168,0.013997244,0.043812729,0,0,3390775.96,3424276.83,66763.31,"2020, 2022, 2024","4 ma pac","C00543504","Q","MA",100
"comm208578",50964.9,74.23296564,0.873076018,0.580161178,6.996585502,0.421993764,0.005545339,0.601940157,0.101431056,0.049825501,0,0.049825501,0.005545339,0.101431056,0.041866186,0.08073084,0.08073084,0,0,0,0.345053387,0.352383644,0.48225334,0.452559872,0.647971248,0.817960844,0.820637473,0.85096945,0.963104133,0.963283836,7197,9079,0.029858294,6280,11089,187,5.236441963,151400.05,72697.33,0,12250,0,6017.51,669.72,9750,5056.25,151400.05,1.769163504,0.002798731,0.034638566,0,0,160154.14,120771.69,39382.45,"2024, 2026","able dems pac","C00838052","N","VA",328
"comm14272",0,64.70711698,0.59701567,0.273615674,2.044244403,0,0.010491271,0.016163562,0.002210896,0.023732916,0.001308888,0.017663003,0.015242445,0.002210896,0.004093649,0.000988339,0.000988339,0.585600881,0,0,0.061734415,0.06581488,0.217877718,0.156263811,0.064406923,0.119269994,0.126779795,0.482949867,0.497927239,0.611918554,666,1236,0.028442006,3015,10944,110,4.709530201,600218.49,123633.02,0,16910.86,10011.52,135102.05,116587.51,7559.68,31311.8,841738.66,3.600454677,0.028385253,0.105123756,0,0,7650220.36,7648872.11,48820.14,"2020, 2022, 2024","hawaii democratic party","C00212787","Y","HI",100
"comm167653",86836.16,74.6985671,0.892689049,0.56165673,8.270571593,0.541972557,0,0.718868388,0,0.035347048,0,0.035347048,0,0,0,0.190878081,0.190878081,0,0,0,0.401261223,0.402895991,0.707437064,0.718868388,0.458619742,0.756392631,0.757584089,0.693245349,0.927412703,0.928054257,5004,8253,0.000517732,7726,10911,4,1.609437912,162811.43,115178.84,0,0,0,5663.39,0,30582.95,0,162811.43,1.41224437,0.000258866,0.003838797,0,0,160222.43,160222.43,37614.15,"2026","blue warriors","C00904763","V","DC",328
"comm153999",100970,66.51971791,0.642889726,0.295836612,2.272119268,0.33889831,0.006606017,0.466081874,0.312653242,0.130513408,0,0.130513408,0.010600633,0.312653242,0,0.046989961,0.046989961,0,0.017674562,5453.36,0.293624266,0.336290378,0.655252661,0.518551431,0.413293975,0.531492283,0.56899495,0.715733694,0.877782915,0.879863433,4410,5713,0.004242964,4387,10711,21,3.091042453,215807.26,138862.56,0,93150.65,0,38884.64,3158.31,14000,0,233207.26,3.513329456,0.012634571,0.064569201,0,0,294940.33,297935.98,1528.18,"2022, 2024","elect black women pac","C00754655","Q","DC",328
"comm154994",106000,69.79250453,0.775006985,0.34990126,3.573719355,0.19730186,0.010795762,0.269614909,0.085039149,0.244047789,0.091392194,0.152655595,0.010795762,0.031991008,0.175931053,0,0,0,0,0,0.205418364,0.205146849,0.501303478,0.397835461,0.204558246,0.42104503,0.423958681,0.517384786,0.826685062,0.827302656,2200,4517,0.002333341,9374,10683,22,3.135494216,240570.71,144850.03,28500,17187.1,49100.26,82013.89,5800,0,94518.58,246070.71,1.133311976,0,0,0,0,546138.13,537247.85,11791,"2022, 2024, 2026","women s march win","C00760488","O","NY",328
"comm11487",1239.27,64.45064575,0.585929675,0.252994537,2.061722138,0.000178867,0.000622657,0.00624754,0,0.013469615,0.010849826,0.002109613,0.001132832,0,0,0.024384772,0.024384772,0,0,0,0.109550526,0.086768685,0.074865377,0.029003428,0.096639492,0.192503592,0.193741375,0.47793333,0.69901262,0.709910794,854,1680,0.028150398,3536,10675,125,4.836281907,1264556.36,43285.62,0,0,75172.22,14616.3,7848.74,168948.09,0,2358119.85,3.034225015,0.005030613,0.023715291,0,0,6950016.15,6928426.11,41380.15,"2018, 2020, 2024, 2026","harris county democratic party","C00161067","Y","TX",100
"comm199856",1755,59.91120507,0.384221653,0.05997552,1.067309458,0.008879254,0,0.077181212,0.040475234,0.037688413,0,0.037688413,0,0.040475234,0,0,0,0,0,0,0.096932534,0.094170997,0.098514208,0.205438359,0.095925059,0.193348946,0.202435597,0.451428571,0.739859485,0.746135831,1024,2064,0.002692696,5942,10675,16,2.833213344,154850.76,15255,0,8000,0,7449.18,0,0,0,163196.43,1.796533154,0.002356109,0.021710034,0,0,182427.86,197651.73,-15223.87,"2022","patriottakes","C00777276","V","MI",328
"comm142144",8062,75.96623896,0.917858645,0.590870846,9.178150162,0.033311882,0,0.961847318,0,0.013769641,0.011804066,0.001965575,0,0,0,0.014461869,0.014461869,0,0,0,0.372561673,0.435309891,1,0.960037646,0.710310966,0.836045056,0.845191104,0.887551747,0.962934437,0.964089728,7378,8684,0.020471316,4201,10387,86,4.465908119,200743.86,232782.2,0,0,2856.77,475.7,0,3500,0,200743.86,2.472506546,0.006427041,0.068701279,0.000238039,0.007370487,242471.95,242015.75,672.71,"2022","federal democratic election committee","C00656413","V","FL",328
"comm120084",27955.7,53.44245026,0.21060323,0.056147909,0.61379839,0.002683174,0.069055843,0.064669934,0.034442293,0.041931478,0.000550945,0.01174033,0.082888222,0.034442293,0.723700885,0.037240046,0.037240046,0,0.000219266,8000,0.072078202,0.067149285,0.113405456,0.044575623,0.043054295,0.076811189,0.079813354,0.15525146,0.408061626,0.410063069,400,725,0.012215384,8014,10103,127,4.852030264,3232035.96,673789.03,0,358850.51,5740.24,122321.22,863603.39,388000,7540160.99,8113130.97,1.299815083,7.09421e-05,1.99821e-05,0,0,10398248.12,10418891.49,131623.03,"2018, 2020, 2022, 2024","human rights campaign equality votes","C00508440","O","DC",100
"comm204451",85805.79,73.63800845,0.85978064,0.557666241,6.1521568,0.644633436,0.03411511,0.812802969,0,0.008699109,0,0.008699109,0.004064297,0,0,0.015025406,0.015025406,0,0,0,0.324178793,0.337231813,0.734363272,0.72318483,0.621016356,0.79609931,0.800260331,0.829003382,0.945949406,0.947805862,6238,7989,0.014426925,5697,10016,82,4.418840608,147824.41,108190.48,0,0,0,1157.92,540.99,2000,0,152824.41,1.723452355,0.001292027,0.026055731,0,0,150556.1,133107.88,17448.22,"2024, 2026","futures pac","C00830745","N","MN",328
"comm171181",24515.88,75.80211292,0.922640009,0.636487561,11.19434171,0.236980256,0,0.314045808,0,0,0,0,0,0,0,0,0,0.483319905,0,0,0.412070307,0.43290149,0.216267426,0.235440642,0.643972767,0.887665198,0.88876652,0.843712455,0.979975971,0.979975971,6432,8866,0.000303214,6596,9988,2,1.098612289,150223.27,32488.4,0,0,0,0,0,0,0,150223.27,1.514251061,0.000606428,0.01745402,0,0,137989.77,103451.15,34538.62,"2026","fire republicans","C00915629","N","DC",328
"comm154693",0,64.05344991,0.588137073,0.279611272,1.935345098,0,0.001104352,0.001925837,0,0,0,0,0.001104352,0,0.158341579,0,0,0,0,0,0.176115988,0.153133456,0.054804305,0.306365698,0.284726622,0.381697787,0.413178786,0.634017865,0.782074218,0.804622762,2680,3604,0.000197005,5176,9875,2,1.098612289,441147.84,21798.27,0,0,0,0,12500,0,1792245.29,924647.84,1.987504372,0.002236971,0.00724391,0,0,11630076.99,11318854.47,455594.61,"2020, 2022, 2024, 2026","texas organizing project political action committee","C00756940","V","TX",328
"comm208793",99903.72,71.85911091,0.844524195,0.392104654,4.911224187,0.060137324,0.161389987,0.436595102,0.007825386,0.049972574,0,0.049972574,0.136107969,0.007825386,0.04514646,0,0,0,0,0,0.186064784,0.175544559,1,1,0.294887781,0.469763092,0.477452203,0.670199501,0.871674979,0.871882793,2838,4521,0.008154336,5028,9624,41,3.737669618,316456.05,725297.9,0,13000,0,83017.43,226110.7,0,75000,634956.05,1.914081146,0.00159109,0.006261851,0,0,960405.21,951900.66,8504.55,"2024","operation saving democracy","C00842575","O","KY",328
"comm10508",164447.02,65.28713264,0.582718277,0.323050638,2.27824592,0.045265119,0.07631276,0.066503608,0.01491245,0.4568356,0.292351077,0.158779577,0.084414472,0.01491245,0,0.412540747,0.412540747,0,0,0,0.044142883,0.043890665,0.076156076,0.072195965,0.018607265,0.078252574,0.079184416,0.300992486,0.553824991,0.553824991,194,780,0.007627464,4647,9560,34,3.555348061,3076964.73,241605.91,0,54176.55,1062104,576842.15,306675.62,1498750,0,4515723.73,2.026627326,0.003740493,0.06041949,0,0,3693592.17,3632974.47,114124.6,"2018, 2020, 2022, 2024, 2026","joint action committee for political affairs","C00139659","Q","IL",328
"comm156584",74871.56,75.75396825,0.918384269,0.625918029,10.32211686,0.842959577,0,0.871473016,0,0.051227276,0.044134269,0.007093007,0,0,0,0,0,0,0,0,0.418274647,0.463749094,0.794793007,0.811712535,0.721127646,0.867323412,0.867533012,0.832844267,0.925696919,0.925696919,6881,8276,0.008999357,4667,9542,42,3.761200116,97389.03,77404.12,0,0,3920,630,0,0,0,97389.03,2.044568245,0.002999786,0.035917803,0,0,95359.03,88819.87,15499.74,"2026","democratic action committee","C00888941","N","NC",328
"comm199402",0,74.31969472,0.884161216,0.551072724,7.835072176,0,0,0,0,0.021090467,0,0.021090467,0,0,0.066744708,0,0,0,0,0,0.323178222,0.342357019,0,0,0.760662177,0.905282989,0.90969216,0.949374699,0.992624659,0.992724868,7125,8477,0.007893053,4901,9365,39,3.688879454,228371.77,0,0,0,0,4870.6,0,0,15413.92,240371.77,1.897299553,0.002548948,0.025935216,0,0,236247.03,230938.46,5308.57,"2022, 2024","pressure pac","C00775601","V","MI",328
"comm17332",1060,55.78641321,0.320022908,0.140852958,0.884544646,0.000201116,0.004338455,0.015351474,0.000175502,0.055411833,0.013984539,0.04348444,0.000272047,0.000175502,0.002452873,0.001048457,0.001048457,0,0,0,0.032530297,0.037346947,0.089710308,0.07956379,0.028877417,0.061038367,0.065935566,0.391109577,0.558593781,0.594865166,260,540,0.029633377,4276,9345,134,4.905274778,1108657.56,80911.48,0,925,73706.91,229189.09,1433.85,5526,12928.11,1372252.56,2.290519303,0.006380333,0.04619238,0,0,5312405.77,5270600.07,54456.14,"2018, 2020, 2022, 2024, 2026","los angeles county democratic central committee","C00300731","Y","CA",100
"comm8971",14185.63,64.52630286,0.607040809,0.26976059,1.979831813,0.002097755,0.04306055,0.015551067,0,0.067904623,0.035174886,0.029879268,0.045726171,0,0,0,0,0.539119559,0,0,0.124839828,0.123498181,0.173467224,0.097952012,0.114450959,0.214768087,0.220403367,0.329504232,0.537336588,0.545196322,1066,1997,0.006178374,4135,9335,26,3.295836866,607188.61,105160.84,0,0,237862.82,202052.31,309213.68,0,0,972666.87,2.474035132,0.002907277,0.026142145,0,0,6879736.11,6762291.18,164240.49,"2024, 2026","utah state democratic committee","C00105973","Y","UT",100
"comm198915",585,74.59945375,0.879824249,0.524047025,7.285578769,0.002504773,0,0.238642278,0,0.009195386,0.005445291,0.003750095,0,0,0,0.021408317,0.021408317,0,0,0,0.342499794,0.40422078,0.275428708,0.23236999,0.673774218,0.820218638,0.827362269,0.872064076,0.964498322,0.96525598,6225,7578,0.033055886,4205,9239,139,4.941642423,202360.46,55735.88,0,0,1271.77,875.85,0,5000,0,202360.46,2.197146254,0.00332937,0.037453661,0.000237812,0.008278989,239858.34,233554.09,6304.25,"2022","people not profits","C00769828","N","FL",328
"comm147634",99262.68,59.50096662,0.464205223,0.21104754,1.361746478,0.038705354,0.06844049,0.168354181,0.019665528,0.218805088,0.179133561,0.039588514,0.000277976,0.019665528,0,0.133675491,0.133675491,0,0,0,0.102962275,0.103215898,0.505615547,0.287618627,0.194647614,0.268225107,0.283405643,0.488280519,0.649662803,0.660700763,1666,2255,0.016600268,5320,9170,83,4.430816799,897468.92,431756.48,0,50433.67,459400.98,101527.61,712.89,342820.47,0,1699642.3,1.887531133,0.002753831,0.006728328,0,0,2760853,2564572.36,405395.32,"2020, 2022, 2024, 2026","vote mama","C00692137","N","NY",328
"comm155329",58645.74,72.52933333,0.841939394,0.457090909,5.311405771,0.312326248,0.02130257,0.504852166,0,0.012327265,0,0.012327265,0.02130257,0,0.357084385,0.09266618,0.09266618,0,0.031953855,6000,0.257505926,0.276919235,0.490837337,0.488621072,0.555931833,0.73006336,0.737054839,0.828381036,0.951059646,0.951059646,5089,6683,0.00648824,4932,9154,32,3.496507561,193132.17,94796.48,0,0,0,2314.7,4000,17400,67050.01,195632.17,1.856042174,0.001419303,0.015787281,0,0,194008.17,187770.77,10671.79,"2022","sapphire senate","C00764894","N","DC",328
"comm151722",0,46.21395086,0.150631826,0.038816844,0.273178433,0,0,0.016100226,0,0.983613085,0.983252302,0.000360782,0,0,0,0,0,0,0,0,0.032768762,0.032370057,0.013035588,0.037214165,0.014234596,0.033423774,0.036962762,0.318272974,0.705438245,0.710471472,126,296,0.001525485,7015,9063,21,3.091042453,465637.99,16295.14,0,0,995155.83,365.15,0,0,0,563303.99,1.357969886,0.00162037,0.020999185,0,0,1236219.6,1012106.28,224113.32,"2020, 2022","working america pac","C00742759","O","DC",328
"comm21556",192132.34,72.90280225,0.822403024,0.493062078,6.042088854,0.087552486,0.094509782,0.266113831,0.001381761,0.296887137,0.232893292,0.063646747,0.000574942,0.001381761,0,0.253362771,0.253362771,0,0.000101959,720,0.187540739,0.192866433,0.952679517,0.590742959,0.31570903,0.469475892,0.484333624,0.671086072,0.870492473,0.870812377,2506,3607,0.004899148,5641,9029,26,3.295836866,578363.03,583981.97,0,3032.25,511080.1,139671.63,1261.7,556000,0,1228963.03,1.719994239,0.00199362,0.018987032,0,0,2186114,2194481.84,14978.53,"2018, 2020, 2022","green mountain pac","C00409110","Q","VT",100
"comm209115",62153.68,75.19995734,0.919114412,0.579738119,9.200035539,0.244297379,0.030006825,0.342253846,0.003826378,0.556195958,0.540577023,0.015618935,0.030006825,0.002161796,0.063456762,0,0,0,0,0,0.279592009,0.289479432,0.326180025,0.320540126,0.682901895,0.845375604,0.849641023,0.909086636,0.978578899,0.978684653,6046,7485,0.017167323,3285,8843,58,4.077537444,255187.97,87075.58,423.5,550,137532.59,3973.74,7634.28,0,16144.55,260687.97,2.700166946,0.006156013,0.0405409,0,0,264123.61,254418.12,12653.56,"2024, 2026","deprogram america","C00850032","O","IN",328
"comm152484",16828.39,47.91244448,0.187676095,0.049108448,0.327874177,0.004470295,0.023109095,0.039216552,0.012813283,0.038040749,0.017452555,0.020588195,0.023109095,0.012813283,0.848168471,0,0,0,0,0,0.043444361,0.036516181,0.943791491,0.091306875,0.034263255,0.05041227,0.063741616,0.382236083,0.670098688,0.709360448,286,440,0.0037396,6606,8801,38,3.663561646,117513.39,147630.39,0,48235.5,65700,77504.09,86994,0,3192923.27,202513.39,1.320369079,0.000145236,0.000541371,0,0,3985088.82,3764491.82,220597,"2020, 2022","black voters matter action pac","C00753277","O","GA",328
"comm151403",0,57.86071581,0.38301368,0.166439866,0.995085572,0,2.88581e-05,0.000288581,0,0.004796089,0.004168118,0.000743245,0,0,0.330697559,0,0,0,0,0,0.127828156,0.108825458,0.019168896,0.08887778,0.177943078,0.244739401,0.256669106,0.529378152,0.716113122,0.719762208,1654,2362,0.002323008,4988,8758,8,2.197224577,310084.4,3000,0,0,42132.18,7726.56,0,0,3437835.28,421263.4,2.495966023,0.008530855,0.056959311,0,0,10623714.1,10395708.07,228006.03,"2020, 2022, 2024","people s action power","C00738237","V","CA",328
"comm143799",4321.84,58.10411668,0.358993462,0.062262386,0.812408883,0.015723018,0.051244786,0.09477744,0.000363804,0.442276251,0.345829133,0.092354325,0.052877428,0.000363804,0.378982865,0.004500471,0.004500471,0,0,0,0.131349023,0.129287009,0.106022244,0.153400117,0.16776223,0.273630546,0.297863109,0.581082547,0.884022128,0.884239071,1395,2375,0.013673976,6400,8709,57,4.060443011,233944.12,26051.8,0,100,95059.24,25385.75,14534.6,1237.06,104172.32,273144.12,1.509128417,0.001430779,0.0102481,0,0,319676.58,274873.43,39803.15,"2018, 2020, 2022","build the wave","C00667667","N","NY",328
"comm200033",92200,68.82324502,0.706066185,0.297017572,3.205278718,0.436140762,0.000629235,0.733933558,0,0.166749669,0.005681987,0.161067682,0.000629235,0,0,0.04730377,0.04730377,0,0,0,0.209566634,0.238544946,0.771213177,0.722768995,0.395801561,0.559859155,0.570063694,0.73750785,0.932134207,0.935049789,3456,4867,0.015983613,5127,8643,83,4.430816799,197868.18,155153.29,0,0,1201.17,34049.65,133.02,10000,0,227668.18,1.635467129,0.000106826,0.000711804,0,0,211399.64,211399.64,0,"2022, 2024","disrupt the corrupt","C00778928","V","CA",328
"comm136465",0,51.48751537,0.272819458,0.066049703,0.558263719,0,0.147942356,0.071311753,0,0.007674797,0,0.007674797,0,0,0,0,0,0,0,0,0.067234257,0.066027887,0.04732076,0.684285143,0.101201809,0.124405045,0.146239886,0.508805331,0.742801047,0.746370776,1089,1339,0.004715973,3747,8410,22,3.135494216,156918.19,6130.65,0,0,0,659.8,0,0,0,181918.19,2.097831303,0.003018429,0.051076905,0,0,84810.5,85969.7,214.47,"2020, 2022","battleground texas","C00541391","O","TX",100
"comm146394",5102.46,67.79426782,0.736835988,0.285343932,2.487120173,0.000448742,0.076238018,0.006972938,0.000954215,0.794430949,0.641988026,0.152408727,0.000619622,0.000954215,0,0.002267611,0.002268725,0,0,0,0.0763861,0.066532462,0.052554408,0.030177018,0.052478889,0.115464267,0.127086569,0.522048453,0.69705247,0.717520933,447,930,0.013791673,2755,8288,45,3.828641396,1614157.35,79286.49,0,10850,7299788.7,1732978.59,7045.47,25784.1,0,3599137.61,3.23336093,0.032557329,0.061165855,0,0,8331608.46,8327584.93,123264.14,"2020, 2022, 2024","common purpose","C00682211","W","WA",328
"comm198337",51216.73,70.67988539,0.769998066,0.459397517,4.167557368,0.08661661,0.002198531,0.362504881,0.02334169,0.013399322,0.003636033,0.009763289,0.001352942,0.02334169,0,0.029257381,0.029257381,0,0,0,0.215976866,0.212178854,0.749656705,0.685033096,0.439104629,0.630591826,0.64091572,0.791412583,0.89581143,0.895933526,3616,5166,0.00922504,4486,8212,43,3.784189634,264119.77,214350.51,0,13802.03,2150,5773.07,800,17300,0,312619.77,1.839057741,0.001892155,0.016265442,0,0,640286.64,591303.79,48982.85,"2022, 2024, 2026","her bold move action","C00765768","V","RI",328
"comm208231",46000,74.73067468,0.894291177,0.556405354,8.058312103,0.389040657,0.1209409,0.519890338,0.016914811,0.024505164,0,0.024505164,0,0.016914811,0,0.366205662,0.366205662,0,0,0,0.241362003,0.246934843,0.450442311,0.464989239,0.46676424,0.682644225,0.692035614,0.804000488,0.95597024,0.959751189,3827,5597,0.00680136,4999,8199,34,3.555348061,136469.44,61471.61,0,2000,0,2897.48,0,43300,0,136469.44,1.640128026,0.00040008,0.001624246,0,0,137200.07,118239.57,24055.05,"2024","common good usa","C00829069","N","VA",328
"comm146908",0,70.59250947,0.76728854,0.371440595,4.414645804,0,0.265021185,0.376448198,0,0,0,0,0.265021185,0,0.497507942,0,0,0,0,0,0.213142911,0.222563591,0.304411693,0.252476642,0.243249969,0.407988055,0.418937414,0.557546348,0.854672141,0.858156028,1955,3279,0.032407407,6048,8037,196,5.283203729,458422.6,139549.2,0,0,0,0,98243.25,0,184426,508047.6,1.328869048,0,0,0,0,552721.23,370699.61,170969.11,"2020","democratic frontline","C00686352","O","DC",328
"comm150697",0,58.33323468,0.31858538,0.093074874,1.193819268,0,0.07723553,0.038129648,0,0,0,0,0.07723553,0,0,0.878336051,0.878336051,0,0.006298771,5000,0.043030767,0.041937273,0.047023413,0.029472279,0.004014553,0.014427299,0.014929118,0.027349141,0.100865638,0.103123824,32,115,0.025528701,6620,7971,169,5.135798437,643669.36,30267.53,0,0,0,0,61310,697228.12,0,669469.36,1.20407855,0.000151057,0.001254008,0,0,1026983,793805.65,233177.35,"2024","alpha kappa alpha sorority pac, inc. (aka aka 1908 pac)","C00886036","N","IL",328
"comm155198",118410.92,66.85023219,0.664250679,0.236165289,2.3210126,0.322802492,0.098140028,0.356429739,0,0.276184242,0.035439573,0.240744669,0.098140028,0,0,0,0,0,0,0,0.086730761,0.085361109,0.401163611,0.38254571,0.181379421,0.256808623,0.297602905,0.760520328,0.918848107,0.924386937,1418,2011,0.001922097,2816,7820,7,2.079441542,329223.22,130746.12,0,0,13000,88310.34,35999.88,0,0,353223.22,3.093204127,0.013245395,0.102760676,0,0,342039.18,366821.58,2920.08,"2022, 2024","hope springs from field pac","C00763169","N","VA",328
"comm150360",61742.6,72.12534697,0.824251278,0.47596786,5.515959043,0.620230932,0.025113574,0.922691681,0,0,0,0,0.025113574,0,0,0.002511357,0.002511357,0,0,0,0.272302485,0.293273088,0.774946957,0.782306241,0.542142399,0.738935215,0.740218089,0.786273252,0.927261065,0.92751764,4226,5760,0.011728514,5201,7795,61,4.127134385,118526.68,91851.89,0,0,0,0,2500,250,0,118526.68,1.49875024,0.000384541,0.002932842,0,0,117411.68,99547.76,17863.92,"2024","republicans are corrupt action fund","C00885681","N","MN",NA
"comm140273",77579.24,51.809207,0.2604065,0.056853648,0.536313002,0.002903754,0.302826327,0.015355254,0.033633617,0.399110981,0.265005206,0.134105776,0.295219711,0.033633617,0.223670984,0,0,0,0,0,0.046804106,0.039527756,0.537097717,0.704734753,0.028773499,0.057268936,0.059989119,0.468451913,0.635676721,0.678679804,203,395,0.015982634,3555,7670,49,3.912023005,1155249,410244.39,0,898585.12,7080110.77,3582887.15,7887347.91,0,5975789.58,3463355,2.5682502,0.013182764,0.047972047,0,0,27537215.4,25674844.23,2407606.99,"2020, 2022, 2024","tech for campaigns","C00636027","V","CA",328
"comm21132",18245.94,59.25128289,0.450662303,0.213983794,1.18180797,0.029434575,0.035944483,0.13108592,0,0.255390347,0.052957839,0.202432508,0.047772394,0,0,0.046898194,0.046898194,0.029558389,0,0,0.036686209,0.033596319,0.145223518,0.157302538,0.019231794,0.043249339,0.043782075,0.256175306,0.541739918,0.558103813,168,345,0.011360315,2748,7618,30,3.433987204,642629.64,81257.7,0,0,32827.57,125484.11,29613.21,29071.31,0,715129.64,2.79582231,0.004555176,0.023052775,0,0,633353.07,619881.22,44782.26,"2020, 2022, 2024, 2026","alexandria democratic committee","C00402628","X","VA",100
"comm139402",1291.67,54.85346134,0.32710123,0.084386054,0.634095009,0.000656986,0.075023413,0.295507656,0.095117409,0.308082897,0.080484685,0.211935084,0.015663129,0.095117409,0,0.324018491,0.324018491,0,0,0,0.102221874,0.096744335,1,0.25509732,0.090801421,0.148835373,0.156994341,0.311225161,0.59823661,0.605079616,690,1131,0.018556377,6359,7599,118,4.779123493,548358.15,580983.69,0,187005.86,158237.15,416675.59,30794.54,637037.5,0,2173739.33,1.194999214,0.000314515,8.85571e-05,0,0,2380301.24,1966052.92,439912.57,"2018","fearless for the people pac","C00629071","Q","CA",328
"comm207493",1103.5,73.15319278,0.865615046,0.508266343,6.174577424,0.000731183,0,0.260304382,0,0.056073741,0,0.056073741,0,0,0,0,0,0.659953307,0.065265413,98498.41,0.240239918,0.250344398,0.565840787,0.260601137,0.172249437,0.302131603,0.30583874,0.490665961,0.747252747,0.748709122,1301,2282,0.006291028,3656,7553,23,3.17805383,694277.93,392850.77,0,0,0,84626.36,0,0,0,1530420.93,2.065919037,0.001094092,0.00224252,0,0,1531579.11,1509197.68,78757.98,"2026","mgp victory fund","C00896225","N","WA",NA
"comm21887",158642,74.81847447,0.919726232,0.529639123,9.268345817,0.177439796,0.033361997,0.309647891,0,0.313424177,0.105201928,0.186217564,0.06111847,0,0,0.307667299,0.307667299,0.022369839,0,0,0.178965678,0.165902036,0.748864186,0.6513699,0.215284955,0.422177742,0.429849334,0.641189315,0.861016086,0.866162021,1621,3175,0.007297105,3398,7473,25,3.258096538,204401.79,276844.1,0,0,94056.94,166489.86,54643.64,275073.33,0,272901.79,2.127757984,0.002860195,0.022937066,0,0,916021.16,886532.29,99814.83,"2022, 2024, 2026","progressive americans for democracy","C00417493","Q","OR",100
"comm148690",3775,62.53962614,0.523250425,0.152634018,1.381834283,0.018114555,0.001642738,0.063781275,0.019116829,0.25562247,0.220303023,0.035319447,0,0.019116829,0.027351778,0,0,0,0,0,0.139750937,0.140875095,0.077000553,0.069069654,0.203616879,0.325787006,0.333690556,0.592498326,0.854521098,0.857200268,1520,2432,0.002005348,4488,7465,9,2.302585093,172619.02,13291.76,0,3983.87,45910.26,7360.43,0,0,5700,190104.99,1.663324421,0.001114082,0.009616686,0,0,299679.64,208395.96,117119.15,"2020","mainers for accountable leadership","C00631481","V","ME",328
"comm11060",65877.55,60.25386924,0.429006968,0.130767223,1.115050031,0.005764565,0.025344176,0.025371787,0.006594297,0.038286517,0.004745007,0.032810024,0.018366539,0.006594297,0,0.00079352,0.00079352,0.463449003,0,0,0.061404173,0.049287953,0.412272906,0.351431904,0.04737199,0.090880419,0.092772775,0.421033542,0.520413795,0.580369956,293,635,0.010635509,3133,7447,33,3.526360525,644481.52,289949.22,0,75359.74,54226.02,374953.53,209893.13,9068.36,0,6128277.04,2.247376938,0.007721738,0.002943462,0,0,11907336.71,11428017.46,645490.53,"2018, 2020, 2024","mississippi democratic party","C00149641","Y","MS",100
"comm209830",13387.55,73.74968592,0.864985337,0.545597708,7.138400262,0.030397169,0,0.116955404,0.019481362,0.054345417,0.039572913,0.014772503,0,0,0.155884773,0.020434995,0.020434995,0.090822201,0,0,0.211388831,0.220384743,0.469591291,0.487637836,0.400946137,0.65587739,0.659114173,0.77491908,0.957493015,0.957631339,2982,4871,0.006156918,4540,7428,28,3.36729583,119783.38,51509.61,8580,0,17428.74,6506.12,0,9000,68654.92,139783.38,1.628005756,0.000318593,0.001501028,0,0,451474.46,440420.95,48658.99,"2024, 2026","common sense democrats","C00866731","V","DC",328
"comm22526",190605.66,73.4890303,0.849971495,0.488233851,5.978966054,0.358069463,0,0.574029659,0,0.001852814,0,0.001852814,0,0,0,0.418925074,0.418925074,0,0,0,0.300312588,0.292158545,1,0.999024671,0.540087819,0.685965198,0.69247032,0.799804846,0.91112376,0.919417792,3898,4930,0.02265281,3309,7418,64,4.17438727,199635.98,305564.46,0,0,0,986.28,0,223000,0,286635.98,2.331748325,0.003367324,0.054163892,0,0,539310.95,532314.76,38712.62,"2020, 2022","fund for the majority pac","C00433219","Q","DC",100
"comm17526",523094.31,72.98560582,0.852262155,0.511480568,5.672244158,0.140611546,0.000480493,0.492058899,0.129658236,0.129922495,0.108097075,0.013973257,0.008965593,0.129658236,0,0.270823579,0.272353838,0,0,0,0.214046791,0.202014168,1,1,0.389008714,0.582750985,0.587194087,0.770252782,0.930290743,0.930549564,2865,4289,0.014841134,4257,7365,63,4.158883083,295723.66,1830526.85,0,482346.49,402136,51982.44,33353.24,1007501,0,660698.66,1.723809138,0.00020435,0.001325963,0,0,3293445.01,3680713.08,504175.88,"2024, 2026","blue dog political action committee","C00305318","Q","MD",100
"comm156350",32414.85,70.53495029,0.767300658,0.441675054,4.208347403,0.129412135,0.023441451,0.203953071,0,0.655364528,0.414201593,0.235430927,0.028271183,0,0,0.088830274,0.089207635,0,0,0,0.24960205,0.250108919,0.230290273,0.216091749,0.541157225,0.68586234,0.690429586,0.850425047,0.937921383,0.937921383,3773,4812,0.008705198,4002,7305,35,3.583518938,225874.92,51085.69,0,0,103748.25,58970.19,7081.3,22250,0,239874.92,2.137656258,0.00495202,0.068115988,0,0,240696.07,240541.9,154.17,"2020, 2022, 2024","moms in office","C00697342","Q","CA",328
"comm152126",7746.32,50.5901964,0.285690708,0.089288661,0.420286769,0.057024551,0.009816784,0.182928618,0.016011267,0.125386626,0.096419704,0.027268624,0.011515083,0,0.676531693,0,0,0,0,0,0.054734637,0.054439877,0.055547272,0.024179363,0.051499795,0.097109985,0.102177784,0.31776469,0.67388029,0.678948089,376,709,0.001714464,6416,7301,11,2.48490665,447355.18,24849.36,2175,0,13097.83,3704.22,1564.23,0,91901.31,563855.18,1.137936409,0.00015586,0.006298142,0,0,1227969.45,135841.84,1092127.61,"2020","bloc pac","C00748301","O","WI",328
"comm209146",0,70.28523862,0.775011892,0.394957983,3.909059027,0,0,0.007567845,0.006496362,0.000585764,0,0.000585764,0,0.006496362,0,0,0,0,0,0,0.23714071,0.233494243,0.009376243,0.022348292,0.346497867,0.622127425,0.624879593,0.731113252,0.940828402,0.941654053,2518,4521,0.000385356,5190,7267,2,1.098612289,155304.21,1456.17,0,1250,0,112.71,0,0,0,195304.21,1.400192678,0.000192678,0.001274934,0,0,349744.64,192415.4,194381.65,"2026","contest every race pac","C00850750","V","CA",328
"comm209514",215162.52,72.99503953,0.851340877,0.500077507,6.071702365,0.167266084,0,0.208780378,0.075199925,0.010720763,0,0.010720763,0,0.055972379,0,0.035760131,0.035760131,0.011855261,0,0,0.271004419,0.279824479,1,1,0.437430939,0.635497238,0.642127072,0.743922652,0.94198895,0.943646409,3167,4601,0.0088218,5101,7240,45,3.828641396,110609.89,268564.38,24733.33,72000,0,13790.64,0,46000,0,110609.89,1.419329543,0,0,0,0,1464516.82,1286348.76,178168.06,"2024","demings pac","C00857680","Q","DC",NA
"comm11344",0,69.05898897,0.728663601,0.389896012,3.430034217,0,0.021919467,0.01249414,0.011556657,0.845007338,0.725286211,0.119721127,0.02005836,0.011556657,0,0.049703175,0.049703175,0,0,0,0.107356786,0.104884581,0.023698968,0.014027139,0.150162834,0.277568341,0.283805388,0.559567749,0.819125629,0.83414586,1077,1982,0.014565954,4333,7232,70,4.262679877,520330.52,11412.58,0,10556.25,662501.52,109357.42,18322,45400.6,0,792097.52,1.720719721,0.000823047,0.001771695,0,0,904564.65,901628.83,51642.99,"2020, 2022, 2024, 2026","peace action pac/ fka sane/freeze pac","C00157941","Q","MD",328
"comm149565",35630.41,66.75010508,0.661112248,0.26118974,2.326424776,0.001669194,0.061190332,0.025143341,0.007476193,0.039961561,0.023884801,0.01607676,0.049929,0.004677058,0.77337335,0.038585906,0.038585906,0,0.000360995,7085.64,0.324658365,0.324544251,0.380255151,0.226601356,0.191950012,0.317310692,0.327555954,0.48154683,0.753411838,0.761210325,1476,2332,0.008867359,4435,7200,54,4.007333185,623304.63,536706.67,59750,99835.9,509842.02,343172.55,1065778.29,823650,16508332.31,4777729.63,1.692334372,0.001178808,0.00418976,0,0,22145957.5,21345876.87,800080.63,"2020, 2022, 2024","dmfi pac","C00710848","W","DC",328
"comm122685",175102.32,69.07521113,0.721205817,0.33742621,3.613575346,0.194850368,0.010028574,0.234305787,0.003163856,0.123006829,0.111328658,0.01167817,1.35537e-05,0.003163856,0,0.672887011,0.672887011,0,0,0,0.18076139,0.194765628,0.785771363,0.396729713,0.297703985,0.382209775,0.397946256,0.560467649,0.850525661,0.851081327,2062,2702,0.021040383,5385,7059,145,4.983606622,220881.78,210558.94,0,2843.2,100045.52,10494.59,12.18,604690.04,0,908281.78,1.407243945,0.001715019,0.006257472,0,0,914901.24,898650.19,44381.92,"2018, 2020, 2022","the us campaign fund","C00575662","Q","DC",328
"comm17114",579.98,64.2517292,0.498851249,0.227053719,2.246693639,9.343e-05,0.095135254,0.000249757,0,0.042879673,0.032555751,0.010248163,0.081820665,0,0,3.46347e-05,3.46347e-05,0.699662302,0,0,0.035903083,0.039752541,0.000494397,0.000636998,0.061652074,0.091589281,0.093968338,0.591040948,0.890510303,0.893340409,400,607,0.009011614,3754,6869,39,3.688879454,2321670.04,1550.4,0,0,202094.46,63616.93,507913.42,215,0,7950333.57,1.71551358,0.001787991,0.002836762,0.000151758,0.000165301,6335413.78,6207642.31,197561.82,"2020, 2022, 2024, 2026","dc democratic state committee","C00295964","Y","DC",100
"comm151633",69748.93,50.87962422,0.254845883,0.090861625,0.477476619,0.037765523,0.044693234,0.096333077,0.01791318,0.524728589,0.35115492,0.173573669,0.044693234,0.01791318,0.066378893,0.001811739,0.001811739,0,0,0,0.065326553,0.053532686,0.691390552,0.682103062,0.044653619,0.06795615,0.077564139,0.324421741,0.498984101,0.546817425,262,429,0.000660915,3877,6764,6,1.945910149,297707.76,177917.01,0,33083.75,648546.02,320572.22,82543.68,3346.09,122594.8,1071707.76,2.431407372,0.010241638,0.015792229,0,0,1988260.8,1846894.3,141366.5,"2020, 2022, 2024","surj pac","C00742205","V","NY",328
"comm151806",53780.11,55.45734339,0.33210296,0.111669861,0.75036698,0.004761775,0.053272218,0.016549693,0.006039449,0.031892379,0.019534212,0.012358167,0.050970137,0.006039449,0.554726913,0.320196848,0.320196848,0,0,0,0.090888982,0.070666112,0.593605489,0.063666341,0.115463816,0.165119175,0.194281064,0.587948063,0.79404185,0.794818678,810,1185,0.03,3892,6759,329,5.799092654,315045.98,186914.38,0,68210.32,220621.93,139574.74,575663.35,3616344.81,6265157.85,595245.98,2.100467712,0.006448929,0.022893111,0,0,11376423.04,11294129.96,82293.08,"2020, 2022, 2024","nuestro pac","C00744185","O","TN",328
"comm152418",177671.9,66.84874454,0.667797534,0.312394395,2.39405876,0.134742005,0.560770099,0.195266651,0.009100505,0.001030693,0.000946513,8.41797e-05,0.553186344,0.009100505,0.15622534,0.036591615,0.036591615,0.037918772,0,0,0.253907126,0.276686829,0.640303339,0.910937822,0.411764706,0.555734058,0.56728868,0.727879387,0.930857637,0.930919427,2686,3674,0.008379567,4196,6758,39,3.688879454,207510.95,257480.19,0,12000,1248.08,111,729436,48250,206000,462510.95,1.661981637,0.001692366,0.018191692,0,0,1323553.42,1318608.11,4945.31,"2020, 2022","the southern strategy","C00752469","O","DC",328
"comm155284",436120.33,71.04054278,0.809035247,0.397319212,4.533909091,0.251309855,0.678560164,0.277120606,0.001944809,0.013332798,0,0.005124264,0.008208535,0.001944809,0,0.001395653,0.001395653,0,0,0,0.233274135,0.238754007,1,0.423071049,0.454504973,0.67329672,0.678343476,0.826183761,0.95829004,0.95829004,3062,4536,0.006679595,4641,6737,31,3.465735903,478534.76,480912.02,0,3375,0,8892.59,14245,2422,0,647174.76,1.451626805,0.002154708,0.010601464,0,0,1726563.23,1735388.89,0,"2024","secure progress","C00764274","W","VA",328
"comm148158",15112,71.75129534,0.81433506,0.412607945,4.642729415,0.18082897,0,0.33595359,0,0,0,0,0,0,0,0,0,0.634874217,0,0,0.409328077,0.429583153,0.330682965,0.33595359,0.619940476,0.747470238,0.76860119,0.802529762,0.928869048,0.930654762,4166,5023,0.010376135,4626,6720,48,3.891820298,84902.68,28075.87,0,0,0,0,0,0,0,84902.68,1.452658885,0.000432339,0.007008024,0,0,83570.68,83570.68,0,"2020","bold democratic 2020","C00703850","N","DC",NA
"comm150834",474936.39,69.47018404,0.747042155,0.372388802,3.993621527,0.018003221,0.081307609,0.043306736,0.019882438,0.021236742,0.005499547,0.015306723,0.081738082,0.019882438,0.557996961,0.143125442,0.143125442,0,0,0,0.266582928,0.257972302,1,0.067542991,0.49242765,0.653246364,0.664117559,0.815189684,0.935297646,0.935297646,2946,4051,0.01764462,3847,6716,46,3.850147602,231572.9,1142459.19,0,524511.33,145081.54,403801.07,2156302.47,3775740,14720313.98,3769972.9,2.004138928,0.002970297,0.001718274,0,0,26524880.94,26380634.7,144246.24,"2020, 2022","somos pac","C00724203","O","DC",328
"comm193149",29940.28,60.59293013,0.479941579,0.196047423,1.32488184,0.001868336,0.024562969,0.007310242,0.002283951,0.029202629,0.019814539,0.009259819,0.011942108,0.002283951,0.679631602,0.02562529,0.02562529,0,0,0,0.125042651,0.117397277,0.238441481,0.186016875,0.205452604,0.255234311,0.285633186,0.45355014,0.636876039,0.639930795,1524,1923,0.0288956,3737,6664,74,4.317488114,501583.52,117147.41,0,36600.56,317530.1,148389.58,191373.56,410648,10891168.98,2427108.52,2.35109705,0.005603755,0.007480749,0,0,16350514.59,16025106.75,749890.21,"2020, 2022, 2024","latino victory fund","C00562777","W","DC",328
"comm141372",386453.6,67.74469743,0.679862404,0.299655565,2.724886362,0.174453689,0.017779381,0.412844049,0.165180234,0.347249296,0.01011102,0.337138277,0.000851053,0.165180234,0,0.020043141,0.022968363,0,0.002803705,10257,0.337244008,0.347559698,1,0.971310252,0.365450935,0.488556798,0.508168739,0.60093357,0.791723273,0.793290835,2268,3039,0.02014302,4011,6408,115,4.753590191,428660.71,914541.1,0,365910.84,22398.15,746836.03,1885.27,44400,0,1142540.94,1.570409009,0,0,0,0,1907734.16,1907734.16,0,"2018, 2020","big sky values pac","C00650754","W","MT",328
"comm203032",18077.82,75.49146638,0.905474917,0.641133181,9.700473135,0.176156917,0.12974664,0.70919115,0,0.10270339,0,0.088677347,0.143772682,0,0,0.077979786,0.07884907,0,0,0,0.272238634,0.292797282,0.579668506,0.587801747,0.6241137,0.817235855,0.818314484,0.876750789,0.955807941,0.955966563,3992,5222,0.007520841,3347,6403,25,3.258096538,121848.96,72779.6,0,0,0,9100.37,14754.44,8002.55,0,132000.47,1.875164908,0.001620488,0.006093086,0,0,127451.54,101036.33,47985,"2024, 2026","dc statehood pac","C00800227","V","DC",328
"comm206428",11751.98,72.30737261,0.853451391,0.492229852,5.09970576,0.122561962,0,0.264625619,0.636404803,0.041635888,0,0.041635888,0,0.636404803,0,0,0,0,0,0,0.312651448,0.311275362,0.211270238,0.211850571,0.498414711,0.787412809,0.788363982,0.785827521,0.951331642,0.951490171,3144,4967,0.000817494,4893,6308,4,1.609437912,120101.63,25373.9,0,61022.33,0,3992.3,0,0,0,120101.63,1.289188637,0,0,0,0,120310.8,95886.03,24424.77,"2026","disrupt","C00895011","N","NY",328
"comm130257",36177.76,70.99097681,0.771151295,0.3921609,4.12922719,0.007221061,0.429635894,0.080641202,0.060201731,0.010550545,0.005665231,0.004885314,0.02092109,0.060201731,0,0.007603492,0.008521013,0,0,0,0.277849608,0.256848355,0.164616299,0.137166749,0.443846403,0.509830306,0.548503651,0.760708679,0.80254666,0.873090628,3099,3476,0.019841035,2475,6297,59,4.094344562,99655.05,404015.15,0,301612.71,28383,24475.59,104815.37,38093.75,0,99655.05,2.618026131,0.007682024,0.073953398,0,0,4870666.24,4877185.02,4568.09,"2018, 2020, 2022","legislative majority pac","C00627075","O","DC",328
"comm155433",720,74.01894811,0.910926155,0.518682486,7.928686961,0.004719903,0.030999538,0.122478736,0,0.03342288,0,0.032953381,0.009931463,0,0,0,0,0,0,0,0.283465774,0.284472266,0.139103535,0.917617383,0.49410828,0.775159236,0.778184713,0.840605096,0.960350318,0.960509554,3103,4868,0.007248071,4277,6280,31,3.465735903,134314.2,18683.58,0,0,0,5026.89,1515,0,0,148599.23,1.468318915,0.000233809,0.136581932,0,0,154020.26,152545.5,7479.84,"2026","save social security and medicare now","C00887794","V","FL",328
"comm136700",2526352.21,66.67748085,0.708174437,0.298344558,2.692807436,0.03574074,0.063239539,0.102567479,0.007023094,0.525348965,0.382422562,0.140409423,0.037518049,0.00656385,0.225880235,0.082789252,0.082789252,0,0.005823834,560050,0.209069823,0.18104869,0.746800521,0.160714083,0.407516726,0.521969118,0.56062921,0.802092738,0.88529296,0.922471468,2217,2913,0.010092963,2752,6269,33,3.526360525,213249.37,7250033.94,32461.9,463969.04,27031731.58,9924910.84,2651982.21,5852000,15966458.31,68011755.63,2.6826498,0.011684596,0.145309002,0,0,72935976.32,70685504.09,3652715.53,"2020, 2022, 2024","nextgen climate action committee","C00547349","O","DC",328
"comm17639",5000,69.3831742,0.689065033,0.351468204,3.643283997,0.00257139,0.407574484,0.023820391,0.009010182,0.481343876,0.125342631,0.356001244,0.406255361,0.009010182,0,0,0,0,0,0,0.009337989,0.013448941,0.042224959,0.025628523,0.003523382,0.008327995,0.008488149,0.029628443,0.016495836,0.040999359,22,52,0.084210526,855,6244,72,4.290459441,1096937,46318.12,0,17520.06,243725.43,692235,789952.8,0,0,1211207,7.302923977,0.043274854,0.15186504,0,0,1810241.91,1810743.27,49.43,"2020","lyndon larouche political action committee","C00309567","Q","VA",100
"comm68836067",0,56.60865075,0.320118692,0.096944242,0.896539693,0,0.131883638,0.038519361,0.000116523,0.052693208,0,0.052245808,0.02963956,0.000116523,0,0.655277696,0.655277696,0,0,0,0.081846732,0.059370931,0.062518527,0.034363074,0.058856339,0.092261616,0.093910661,0.330015035,0.533684159,0.553096809,333,538,0.01240134,2367,6207,40,3.713572067,240819.86,16528.69,0,50,0,22418.72,12718.36,281180.21,0,453319.86,2.801831601,0.011735342,0.036794334,0,0,443738.04,429100.84,18930.43,"2020, 2022, 2024","higher heights for america pac","C00566067","Q","NY",328
"comm172601",15000,75.13939839,0.899669846,0.59079237,8.445627458,0.258813595,0,0.471597192,0.15610342,0.10389882,0,0.10389882,0,0.15610342,0.258813595,0,0,0,0,0,0.261481084,0.272279258,0.303540335,0.305969884,0.418912377,0.693722769,0.696304664,0.753913184,0.953848636,0.953848636,2596,4299,0,4694,6197,0,0,90044.87,27332.25,0,9047.25,0,6021.64,0,0,15000,90044.87,1.320195995,0,0,0,0,89329.87,57956.77,31373.1,"2026","out of the swamp pac","C00920512","O","FL",328
"comm140352",11351,57.47117756,0.382865456,0.082678568,0.793058839,0.047048215,0.125434577,0.233518183,0.290332829,0.242243262,0,0.242243262,0.122264843,0.290332829,0,0,0,0,0,0,0.131830391,0.12691377,0.389387259,0.626202683,0.116952189,0.186597246,0.194994961,0.366420334,0.641697458,0.643488971,638,1062,0.006580099,4552,6153,48,3.891820298,173184.26,56339.33,0,70046.61,0,58444.37,29498,0,0,198184.26,1.623005028,0.000687474,0.008885422,0,0,241263.14,241263.14,0,"2018, 2020","fight back pac","C00637579","O","DC",328
"comm24174",19504.86,59.46443936,0.41868371,0.127734446,1.013574595,0.019618224,0.061077999,0.321454371,0.042693172,0.328168267,0.040790025,0.272885315,0.022264897,0.042693172,0,0.299060619,0.299060619,0,0,0,0.082436639,0.07802143,0.439099392,0.296210168,0.050823015,0.111890198,0.118205779,0.423491969,0.737629917,0.738127207,310,675,0.014038082,3258,6153,56,4.043051268,651408.65,319596.85,0,42446.47,40314.32,271308.45,22136.24,297332.5,0,981958.65,2.051967789,0.009141761,0.019785174,0,0,1337969.65,994221.51,399369.38,"2018, 2020","sea change leadership pac","C00486720","Q","CA",100
"comm199648",83085,70.14843605,0.790301684,0.347584675,3.875005147,0.313885112,0.002039866,0.385980425,0.383489632,0.104026668,0,0.104026668,0.002039866,0.383489632,0.064730866,0,0,0,0,0,0.177526979,0.191838755,0.545681897,0.406243605,0.254530612,0.42922449,0.433795918,0.584163265,0.849959184,0.849959184,1559,2629,0.005494505,3094,6125,17,2.890371758,187230.95,102168.54,0,101509.23,0,27535.73,539.95,0,17134.18,194730.95,1.979638009,0.000646412,0.010873105,0,0,265052.25,264698.76,353.49,"2022","american muckrakers pac","C00776062","O","NC",NA
"comm138671",28759.5,54.35451416,0.396422768,0.167784292,0.731736286,0.072629253,0.005380063,0.146444182,0.016728252,0.768625617,0.156776151,0.606226688,0.060915461,0.016728252,0.016980792,0.040065755,0.045678696,0,0,0,0.148286033,0.139277716,0.192261665,0.156055459,0.22657785,0.265970192,0.298845066,0.597354675,0.59313749,0.723391,1389,1719,0.026238193,1919,6121,97,4.584967479,221413.8,57988.5,0,6624,62079.72,240051.71,18810.87,15865.11,6724,275063.8,3.885898147,0.020229909,0.16917275,0.002419753,0.050942429,352710.53,353350.85,3594.79,"2018, 2020","pride fund to end gun violence pac","C00620427","W","DC",328
"comm6948",3685.6,63.40795171,0.563779224,0.211082442,1.406328926,0.001439523,0.00443704,0.036964215,0.001757612,0.10575071,0.046029312,0.057244857,0.006288652,0.001757612,0,0,0,0.335825354,0,0,0.091656957,0.063193172,0.151447427,0.103026389,0.08950059,0.1222965,0.141407786,0.492017302,0.545182855,0.601258356,464,669,0.005871864,1246,6011,12,2.564949357,419773.78,94639.21,0,4500,117848.51,146563.59,16100.79,0,0,510873.78,5.445166334,0.041514485,0.19096718,0,0,2598741.3,2560292.69,60811.69,"2020, 2022","wy democratic state central committee","C00001917","Y","WY",100
"comm68836059",19500,68.68861631,0.707109369,0.34833182,3.287441911,0.017747568,0.03884442,0.095303693,0.026393819,0.350524131,0.243491043,0.105885212,0.040327371,0.026393819,0.009426234,0.456658573,0.456658573,0,0.026011437,29500,0.212376406,0.224291555,0.383775452,0.11657497,0.376875818,0.514452614,0.527041998,0.713364891,0.900392789,0.900896364,2170,3022,0.013183295,3945,5989,46,3.850147602,344343.41,104714.18,0,29000,267533.86,116340.54,44309.38,501750,10357,1450535.41,1.673809285,0.003433754,0.005749851,0,0,1064245.35,1098742.1,4707.96,"2020, 2022","new energy pac","C00566059","Q","CA",100
"comm210264",4253.64,73.97852465,0.860781644,0.557089526,7.644392484,0.016249071,0.002349209,0.256769233,0.084040859,0.051220726,0,0.051220726,0.002349209,0.084040859,0.133701366,0.00095501,0.00095501,0,0,0,0.221395377,0.231765187,0.671011473,0.67558088,0.514061093,0.713946803,0.719401538,0.857259126,0.964448985,0.964448985,3028,4200,0.003637114,3352,5893,12,2.564949357,112610.54,67216.39,0,22000,0,13408.43,614.97,250,35000,114610.54,1.743702227,0.000885135,0.003410264,0,0,272206.44,261397.1,21059.26,"2024, 2026","cavalry pac","C00875609","V","CA",328
"comm210451",45109.4,73.69727312,0.878462018,0.520955714,7.305804319,0.041291933,0,0.08460177,0,0.000810792,0,0.000810792,0,0,0.009066588,0,0,0,0,0,0.295866419,0.308513588,0.935190612,0.099095169,0.616611211,0.856033746,0.858542883,0.891888943,0.981090565,0.983072419,3572,4964,0.008764909,3756,5806,34,3.555348061,89153.26,92423.26,0,0,0,885.75,0,0,9904.8,131653.26,1.601314424,0.000347862,0.001515764,0,0,1114607.54,1092450.67,32463.62,"2024, 2026","democracy wins","C00878728","O","DC",328
"comm210390",0,72.08315271,0.871527094,0.387586207,5.192103504,0,0.128534787,0.102634216,0.073741463,0.20136497,0,0.19274615,0.137153608,0.073741463,0.036717497,0,0,0,0,0,0.107813315,0.109879922,0.052770372,0.045016598,0.07077349,0.177712407,0.182384496,0.335179097,0.682990137,0.684374459,409,1027,0.001456816,4805,5779,7,2.079441542,397274.06,20964.3,0,15062.6,0,39370.77,28015.31,0,7500,446274.06,1.202705515,0,0,0,0,477178.63,204262.29,272916.34,"2024","graypac","C00877845","V","CA",328
"comm152314",55688.64,66.43194816,0.693161319,0.33692413,2.063041892,0.423552272,0.036507462,0.596439671,0.025317545,0.198796592,0.16973536,0.029061233,0,0.025317545,0,0.139945271,0.139945271,0,0,0,0.273630453,0.264947097,0.779602501,0.77833252,0.468535826,0.579854621,0.592211838,0.737902388,0.893561786,0.893561786,2596,3298,0.003324842,3587,5760,13,2.63905733,116204.13,78419.87,0,3328.75,22316.8,3820.97,0,18400,0,131704.13,1.800332659,0.000835427,0.002487866,0,0,131479.97,131479.97,0,"2020, 2022","the progressive list","C00751040","V","WA",328
"comm140347",0,72.07962871,0.854507791,0.372281469,4.933085931,0,0,0.036887556,0,0.169662437,0,0.169662437,0,0,0,0.822824487,0.822824487,0,0,0,0.303626859,0.284297308,0.03838301,0.040293166,0.582813856,0.701359846,0.721954812,0.853888845,0.967358426,0.96859465,3109,3792,0.011624257,3264,5723,55,4.025351691,97542.55,4000.44,0,0,0,18399.82,0,89234.97,0,112542.55,1.835606209,0.001717834,0.031394393,0,0,110963.27,108449.58,2513.69,"2018, 2020, 2022","social security works pac","C00637504","Q","DC",328
"comm146882",34000,58.99580793,0.344765686,0.058057852,0.974660483,0.240935783,0,0.406796189,0,0.569868543,0.029009093,0.540859449,0,0,0,0,0,0,0,0,0.167198012,0.163700215,0.289192576,0.822311428,0.120730639,0.209266441,0.233787898,0.388047875,0.698569582,0.69986238,615,1090,0.025894098,3672,5664,143,4.9698133,131828.84,57405.63,0,0,4093.66,76324.16,0,0,0,140828.84,1.627525082,0,0,0,0,135349.61,131829.77,3540.02,"2018, 2020","the fight pac","C00685966","N","CA",328
"comm208076",10044,67.36454816,0.686426022,0.286422091,2.633589205,0.049336208,0,0.401405414,0.503480821,0.004891132,0,0.004891132,0,0.503480821,0,0.022104036,0.022104036,0,0,0,0.106453561,0.105885497,0.206702852,0.210648272,0.083180956,0.20859065,0.214973262,0.449473866,0.832913576,0.833258582,469,1176,0.030334795,4592,5661,141,4.955827058,215107.06,81719.21,0,102500,0,995.75,0,4500,0,232607.06,1.281925081,0.000111354,0.001016204,0,0,203582.73,203582.73,0,"2022, 2024","median ways pac","C00826925","N","PA",328
"comm172146",1892.1,77.85955503,0.963647199,0.73897497,18.44526608,0.317317368,0,0.968261555,0.248712014,0,0,0,0,0,0,0,0,0,0,0,0.475646146,0.498753734,0.095286987,0.095750004,0.81941988,0.952423063,0.954899186,0.928015564,0.989034312,0.989034312,4633,5385,0,3130,5654,0,0,60591.17,5773.55,1483.02,0,0,0,0,0,0,63591.17,1.806389776,0.001277955,0.008743352,0,0,65298.17,5962.8,59335.37,"2026","hellcats pac","C00919308","N","DC",328
"comm140439",27325.92,63.63617814,0.545681871,0.195602842,1.723586614,0.008898838,0.039222375,0.341343276,0.052752485,0.428878366,0.140596248,0.288282119,0.008656616,0.052752485,0,0.163544233,0.163544233,0,0.008881889,34329.76,0.145424777,0.14635173,1,0.499632329,0.131555556,0.221822222,0.236177778,0.395733333,0.623911111,0.629555556,751,1231,0.027523741,4259,5628,136,4.919980926,440808.76,1048172.66,0,161988.58,431732.96,885236.23,26582.12,497200,0,1733278.59,1.36902842,0,0,0,0,3070728.89,3070728.89,0,"2018, 2020","american possibilities","C00639500","Q","DC",328
"comm147607",7650,66.28223496,0.648792468,0.198731068,2.11982866,0.075578875,0.041494284,0.293847307,0.145735237,0.12158507,0.019759183,0.101825887,0.005927755,0.145735237,0.230807214,0.017338683,0.017338683,0,0,0,0.190301609,0.195742988,0.313038944,0.300808606,0.34284695,0.507670353,0.522119158,0.744916161,0.92418837,0.939707456,1922,2846,0.003134796,3190,5606,10,2.397895273,95013.29,29742.86,0,14751.14,2000,10306.69,600,1755,23362.02,95013.29,1.757366771,0.000626959,0.006157033,0,0,99818.66,101218.76,0,"2020","ohio cd 04 watch","C00691725","N","OH",328
"comm19210",2400,55.84685714,0.254171429,0.046171429,0.71119915,0.002199138,0.519439129,0.002199138,0,0.197156509,0.004063915,0.193092594,0.482510105,0,0,0.00019543,0.00019543,0.013744612,0,0,0.002333462,0.000971076,0.004867493,0.002301025,0.000184162,0.000736648,0.000736648,0.54732965,0.005524862,0.548802947,1,4,0,677,5430,0,0,493067,2400,0,0,4435.1,210729.04,526581,213.28,0,493067,8.020679468,0.081240768,0.370012595,0,0,1107689.74,1091336.73,18464.76,"2018","macomb county democratic committee","C00354332","Y","MI",100
"comm158787",14248.48,74.02223354,0.888731198,0.555670733,8.594364062,0.008577884,0.052977847,0.014862887,0,0.010030001,0.009120949,0.000909052,0,0,0,0.015863253,0.015863253,0,0,0,0.278333583,0.275781432,0.059662444,0.183252187,0.580255469,0.760994156,0.764908601,0.864511537,0.965275697,0.965275697,3146,4128,0.00905344,3066,5418,29,3.401197382,411180.19,24688.32,0,0,15150.55,1510,0,26350,0,842916.19,1.637349075,0.0021019,0.024548784,0,0,1709894.94,1661071.65,92634.99,"2024, 2026","secure progress","C00890939","V","VA",328
"comm152300",4047,72.32474446,0.844548552,0.431643952,5.076224749,0.058837153,0,0.112557058,0,0.007298598,0,0.007298598,0,0,0,0,0,0.860793216,0,0,0.468986432,0.493171063,0.115762603,0.112566714,0.615955473,0.719109462,0.743970315,0.762523191,0.915398887,0.918367347,3320,3876,0.010233535,3811,5390,39,3.688879454,66878.42,7742.02,0,0,0,502.02,0,0,0,71878.42,1.414326948,0,0,0,0,68783.07,68783.07,0,"2020","end citizens united 2020","C00750802","N","NC",NA
"comm198753",25662.6,70.99860751,0.804487521,0.42056462,4.460542742,0.017613812,0.006863612,0.168522855,0.437409318,0.151847484,0.008510878,0.143336605,0.006863612,0.415769497,0,0.270402964,0.270402964,0,0,0,0.206266376,0.207960469,1,1,0.373174346,0.556692302,0.560114302,0.717208777,0.914767516,0.921646793,1985,2981,0.009005301,3828,5372,32,3.496507561,74858.77,245530.87,31528.33,605759.06,12400,208835.54,10000,393966,0,171858.77,1.626758862,0.000705633,0.000685119,0,0,1703868.42,1456958.88,246909.54,"2022, 2024","health jobs justice","C00769109","Q","DC",328
"comm122491",0,68.21349312,0.716378162,0.282956059,2.852344087,0,0,0.103584383,0.435843285,0.015934664,0.003891458,0.012043206,0,0.435843285,0,0.038914579,0.038914579,0,0,0,0.189321887,0.198242803,0.110561767,0.190788504,0.409949865,0.538372541,0.561318936,0.758773621,0.932124952,0.932124952,2126,2792,0.005778382,2942,5186,17,2.890371758,120377.96,13309.2,0,56000,500,1547.39,0,5000,0,130177.96,1.762746431,0.001359619,0.015140812,0,0,91900.09,128486.55,-10167.75,"2020","takeitback.org political action","C00572453","N","SD",328
"comm142288",79547.27,61.59720334,0.553764405,0.245041066,1.568778787,0.175961347,0.141017232,0.357047624,0.011060175,0.452799741,0.329824065,0.113616998,0.014888765,0.011060175,0,0.013064323,0.013064323,0,0,0,0.191373777,0.120823055,0.551567217,0.434534049,0.22454083,0.286367164,0.306803484,0.691903078,0.847288092,0.857808054,944,1241,0.014229009,1978,5131,20,3.044522438,343049.07,161411.38,0,5000,149104.36,51363.11,6730.8,5906.02,0,440549.07,3.052941584,0.008995523,0.029640383,0,0,450772.32,441519.22,16348.05,"2020, 2022","everydistrict","C00659870","N","MA",328
"comm2504",0,66.56040423,0.656867249,0.223472669,2.213099834,0,0,0.02958342,0,0.005181962,0,0.005181962,0,0,0,0.947865254,0.947865254,0,0,0,0.213422046,0.214249817,0.019263851,0.014453104,0.290894911,0.444336128,0.466367713,0.655878339,0.906609476,0.910703841,1492,2279,0,4729,5129,0,0,71442.1,1376.25,0,0,0,241.07,0,44095.63,0,73942.1,1.084584479,0,0,0,0,95221.76,46520.99,58454.44,"2018","people for the american way voters alliance","C00331454","Q","DC",100
"comm23369",0,58.94838069,0.437407772,0.158336786,1.094391308,0,0.007006771,0.168137795,0,0.040197518,0.03640476,0.003792758,0.006384443,0,0,0.018038614,0.018038614,0,0,0,0.049332974,0.039759536,0.364015603,0.329103125,0.0165155,0.077388205,0.079042763,0.375614819,0.528089888,0.566415475,89,370,0.022820276,1920,5105,61,4.127134385,289505.32,81052.65,0,0,17549.31,1828.34,3077.69,8695.71,0,316605.32,2.72728482,0.014105249,0.107075939,0,0,467749.74,482060.86,8150.69,"2020, 2022, 2024","democratic party of contra costa county","C00456764","X","CA",100
"comm141002",7369,69.30360672,0.737401186,0.318181818,3.094667981,0.120185094,0,0.261587122,0,0,0,0,0,0,0,0,0,0.724682518,0,0,0.398157989,0.417901617,0.238185678,0.261587122,0.536844174,0.602082924,0.661033602,0.733542936,0.870505011,0.877972097,2732,3064,0.045783133,2905,5089,133,4.8978398,67337.76,16038.89,0,0,0,0,0,0,0,67337.76,1.751807229,0,0,0,0,61313.76,61313.76,0,"2018","bold frontline democrats","C00648832","N","DC",NA
"comm68831978",0,67.79325406,0.691094395,0.255520505,2.358385782,0,0.008029233,0.19968149,0.077146866,0.562695627,0.016500774,0.546194853,0.00175713,0,0,0,0,0,0.098631327,15725.4,0.279665253,0.276844099,0.41034523,0.271061318,0.4390681,0.561330147,0.592393469,0.714456392,0.861608921,0.866387893,2205,2819,0.000898876,2225,5022,2,1.098612289,77584.55,31836.45,12300,0,2630.82,87083.21,280.15,0,0,102584.55,2.257078652,0.001348315,0.003207111,0,0,117483.13,120716.05,14898.65,"2018","guts political action committee a/k/a true blue democrats","C00481978","N","VA",328
"comm148006",16700,68.81611556,0.703781198,0.420852047,3.641762619,0.020799143,0.009963662,0.074855669,0,0.000697456,0,0.000697456,0.009963662,0,0.274426601,0.001868187,0.001868187,0,0,0,0.332682371,0.368894847,0.604320708,0.075118706,0.4844439,0.598726115,0.621631553,0.757839294,0.89478197,0.895026948,2437,3060,0.021351064,2401,5014,40,3.713572067,101426.97,60102.94,0,0,0,560,8000,1500,220341.97,243826.97,2.720488246,0.004709493,0.048197114,0.001436782,0.041057266,814389.23,802917.68,11471.55,"2020, 2022","equality california votes","C00701797","O","CA",328
"comm152436",45680.7,68.17471108,0.699070927,0.293224564,2.772930856,0.002192405,0.114188691,0.035888951,0.025685783,0.00518594,0.004246467,0.000939474,0.114188691,0.025685783,0.784728297,0.000479941,0.000479941,0,0.020797764,433339.78,0.074749055,0.070537127,0.426170588,0.038178489,0.045886396,0.123104912,0.12815848,0.395593289,0.737820902,0.738831615,227,609,0.007646277,3008,4947,23,3.17805383,1754644.74,747777.98,0,535185.97,88478.88,19574.77,2379222.23,10000,16350507.1,15738245.17,1.644614362,0.000664894,0.003506205,0,0,20890969.07,20835883.15,265843.57,"2024","one for all committee","C00752691","O","DC",328
"comm122153",5436,65.13832991,0.595887686,0.18996337,1.959455008,0.007674267,0.223556637,0.016298147,0.000423525,0.057208555,0.056827383,0.000381172,0.02000331,0.000423525,0.654191018,0,0,0.00012878,0,0,0.204432572,0.20500005,0.142580379,0.043669922,0.329478976,0.436380256,0.475319927,0.757632541,0.91357404,0.934780622,1638,2185,0.005043512,2792,4946,32,3.496507561,69761.23,11544.65,0,300,40253.18,270,14169.17,0,463390.49,335261.23,1.80344028,0.002621919,0.031740579,0,0,720982.69,708341.26,26990.6,"2018, 2020","change campaign super pac","C00567396","O","DC",100
"comm198988",0,63.9146994,0.550573097,0.173196659,1.772004077,0,0.213158048,0.182638951,0.223874235,0.114897437,0,0.113756136,0.121953787,0.223874235,0,0.032908741,0.032908741,0.185508652,0,0,0.060427873,0.065999332,0.74360069,0.255957193,0.047592385,0.109422492,0.10962246,0.275595905,0.44768837,0.462046073,230,529,0.00670774,2215,4847,14,2.708050201,791179.97,572816.74,0,702144.36,0,356777.23,382487.8,103212.8,0,1115979.97,1.906743232,0.00133033,0.004690238,0,0,4423151.38,3136333.94,1286817.44,"2022, 2024","country first","C00771113","N","IL",328
"comm140376",10005,59.61612988,0.358732653,0.073055774,1.06885959,0.161789376,0.056597983,0.269050153,0,0.562675959,0,0.562675959,0.056597983,0,0,0.080854261,0.080854261,0,0,0,0.15291565,0.158613606,0.268733442,0.267616855,0.150144568,0.225733168,0.24039653,0.375051632,0.645807518,0.646427096,727,1093,0.013084112,2675,4842,35,3.583518938,61912.54,16637.97,0,0,0,34795.69,3500,5000,0,61912.54,1.810093458,0.001495327,0.018655348,0,0,62170.86,61839.66,2724.97,"2020","power to impeach","C00638163","O","DC",328
"comm151927",65020.59,74.61137635,0.893379121,0.542275924,7.40022364,0.633483642,0,0.712014636,0,0.001750784,0,0.001750784,0,0,0,0.038971264,0.038971264,0,0,0,0.362974567,0.377404845,0.918320044,1,0.708478513,0.8343012,0.846012389,0.889372822,0.968060395,0.968060395,3222,3858,0.012519477,2692,4738,34,3.555348061,91415.73,73080.99,0,0,0,179.7,0,4000,0,103415.73,1.78975448,0.000705614,0.005345848,0,0,102639.73,102639.73,0,"2020, 2022","blue america project","C00745430","V","DC",328
"comm142976",8940,70.06261657,0.747135625,0.359179323,3.56013676,0.135086047,0,0.193155973,0,0,0,0,0,0,0,0,0,0.729645525,0,0,0.435690672,0.451706759,0.215051251,0.193155973,0.592351152,0.680573664,0.725119513,0.760104302,0.906127771,0.908083442,2726,3132,0.019863946,3675,4602,73,4.304065093,59441.97,12783.07,0,0,0,0,0,0,0,65447.97,1.252244898,0,0,0,0,66180.04,66180.04,0,"2018","bold democrats i","C00662726","N","DC",NA
"comm155189",217512.5,69.03478905,0.723661485,0.376017765,3.564935812,0.26067139,0.009586164,0.34675411,0.055559974,0.636827232,0.600710308,0.036116924,0.009586164,0,0,0,0,0,0,0,0.180857871,0.180611189,0.978124048,0.5,0.191987741,0.365805604,0.369089317,0.45293345,0.775394046,0.776269702,877,1671,0.055374593,3377,4568,187,5.236441963,295813.87,289342.66,46361.01,0,501251.79,30137.11,7999,0,0,480513.87,1.352679893,0,0,0,0,0,0,0,"2026","wiley nickel for congress exploratory committee","C00763045","H",NA,100
"comm168634",0,74.2915601,0.894117647,0.555754476,7.677685388,0,0.188860215,0.102816735,0,0.059330166,0.014682994,0.044647171,0.188860215,0,0,0,0,0,0,0,0.452120774,0.451233443,0.039179328,0.039172568,0.577597841,0.840980657,0.841655421,0.766981556,0.950967161,0.950967161,2568,3739,0.000282885,3535,4446,1,0.693147181,57952.5,2270.54,0,0,324.25,985.96,4170.67,0,0,57952.5,1.257708628,0,0,0,0,57962.5,22083.37,35879.13,"2026","rising dems","C00908053","V","NJ",328
"comm24344",3098495.49,62.97376326,0.57835605,0.281198729,1.579287312,0.040609693,0.140090403,0.055176858,0.018904523,0.335045689,0.125065463,0.209765858,0.050170378,0.015380577,0.27486912,0.123727822,0.123727822,0,0,-163250.08,0.07721722,0.070620976,1,0.06627901,0.06425625,0.115498577,0.124426283,0.28942425,0.501520228,0.502682185,293,549,0.014822008,2830,4429,43,3.784189634,1495359,4209961.54,268874.94,1173528.95,9542420.73,16005010.71,3827970.08,9440359.48,20972351.04,47981667.67,1.815283253,0.000811103,0.000531631,0,0,73683727.21,76299407.54,1019002.95,"2020, 2022, 2024","planned parenthood votes","C00489799","O","NY",328
"comm149628",8205.83,42.49552153,0.093903496,0.015024559,0.169627144,0.008623652,0,0.061168599,0,0.875000912,0.309703825,0.565297087,0,0,0.221954901,0,0,0,0.003163115,3009.86,0.023111367,0.02148086,0.334768729,0.061995632,0.004310345,0.011343013,0.011569873,0.120462795,0.237976407,0.252268603,19,50,0.015003262,3066,4408,46,3.850147602,173866.12,58204.94,0,0,294698.47,537908.07,0,0,211201.04,1046654.92,1.437703849,0,0,0,0,951549.34,951549.34,0,"2020","humanity forward fund","C00712497","O","CA",328
"comm205778",14678.85,74.29126704,0.88869258,0.564361434,7.643390935,0.352701816,0,0.810348332,0,0.046773895,0,0.046773895,0,0,0,0,0,0,0,0,0.368630656,0.38627064,0.747432326,0.747134277,0.655117392,0.876681103,0.878504673,0.856165945,0.977889218,0.977889218,2874,3846,0.0027894,2868,4387,8,2.197224577,45121.57,33725.32,0,0,0,1946.65,0,0,0,45121.57,1.529637378,0.00069735,0.014228228,0,0,45139.57,41618.3,7078.82,"2026","ban the trade pac","C00894394","V","CA",328
"comm208717",10971,77.57276166,0.953593947,0.678940731,12.8851962,0.164926626,0.015032962,0.489562239,0.470369205,0.133375446,0,0.133375446,0,0.180395544,0,0,0,0,0,0,0.38559879,0.416727842,0.402438413,0.497034134,0.842019921,0.947880473,0.949038684,0.953671531,0.993282372,0.993282372,3635,4092,0.029022082,1585,4317,46,3.850147602,80921.5,32565.92,19289.19,12000,0,8872.2,0,0,0,80921.5,2.723659306,0.010094637,0.163133654,0.000630915,0.014409026,66520.49,66520.49,0,"2024","progressive courts pac","C00840975","V","DC",328
"comm207929",13799.48,72.58812762,0.85251046,0.449529289,5.55608288,0.124219,0,0.183267826,0,0.001080206,0,0.001080206,0,0,0,0,0,0.811795813,0,0,0.338713878,0.348291331,0.188488637,0.183267826,0.432766255,0.665346073,0.673269634,0.72989979,0.945700303,0.946865533,1857,2855,0.007110877,3797,4291,27,3.33220451,108012.93,20359.21,0,0,0,120,0,0,0,112012.93,1.130102713,0,0,0,0,111089.93,111089.93,0,"2022","end citizens united: senate fund","C00825117","N","DC",NA
"comm150754",0,64.35494519,0.593297824,0.212567613,1.755913658,0,0.264534868,0.25267018,0,0.308430636,0.015343022,0.291093171,0.266529312,0,0.105564386,0,0,0,0,0,0.19594034,0.20805697,0.509051816,0.49042333,0.305595223,0.373490848,0.408022848,0.551733091,0.772426327,0.782682072,1176,1537,0.004770059,2583,4209,10,2.397895273,112243.12,50622.89,0,0,3074,58321,53399.59,0,21150,132243.12,1.837188223,0.002530934,0.064858816,0,0,204080.44,200351.66,3728.78,"2020, 2022","enough is enough voter project","C00722306","O","RI",328
"comm146749",18828.72,69.64617821,0.737731807,0.361109484,3.915779409,0.003397452,0.071123641,0.035522668,0.015137326,0.23526995,0.003325982,0.231943968,0.070203398,0.011336046,0.443707302,0.07583167,0.07583167,0,0.002966928,14427.92,0.115727455,0.126309259,0.204962596,0.041842195,0.123131516,0.279314785,0.281104761,0.4928872,0.784826027,0.784826027,498,1132,0.012484935,3017,4201,39,3.688879454,645610.39,196867.04,21066.74,62824.5,18432.63,1285436.18,389068.05,420260,2459031.05,3829860.39,1.398515291,0.001653868,0.020447994,0,0,4774148.44,4719978.55,65509.89,"2020, 2022, 2024","jdca pac","C00684969","O","DC",328
"comm160488",0,75.59220637,0.898737651,0.635016465,11.25246829,0,0,0,0,0,0,0,0,0,0,0.029995027,0.029995027,0.034494281,0,0,0.467078298,0.480242706,0,0,0.759422418,0.934165443,0.934165443,0.886441508,0.980910426,0.980910426,3103,3817,0,2411,4086,0,0,68376.77,0,0,0,0,0,0,2000,0,68376.77,1.694732476,0,0,0,0,71929.15,66677.72,6394.41,"2026","rural virginia rising","C00893529","N","VA",NA
"comm20885",891.42,66.99279066,0.70815471,0.297225854,2.26190733,0.003185671,0,0.042555879,0,0,0,0,0,0,0,0,0,0,0,0,0.129283726,0.121642424,0.0437917,0.042922853,0.1077521,0.268297772,0.278000939,0.475559497,0.699045334,0.71592154,441,1097,0.006984886,1919,4080,13,2.63905733,271226.87,11908.06,0,0,0,0,0,0,0,301226.87,2.091445591,0.002848464,0.035203277,0,0,385881.08,279821.74,143315.42,"2024, 2026","riverside county democratic party","C00396994","Y","CA",100
"comm202977",90873.47,63.66169623,0.54420579,0.197000652,1.626830944,0.15084237,0.152540764,0.290351063,0.049192455,0.121585014,0.095836556,0.025748458,0.152540764,0.049192455,0.125033192,0,0,0,0.0265819,18000,0.162212665,0.167165663,0.770976582,0.380523721,0.294059495,0.391165633,0.401680597,0.555270963,0.742787813,0.749932596,1196,1610,0.0084575,2269,4058,15,2.772588722,232078.73,174919.08,0,29635.5,57735.77,15511.9,91896.65,0,75324.99,424078.73,2.105703621,0.009116232,0.026178426,0,0,622049.73,602439.95,19609.78,"2022, 2024","agenda pac","C00798355","O","PA",328
"comm208409",46070.5,70.32717297,0.770141496,0.412359226,3.814603197,0.712894492,0,0.970750598,0,0.008238353,0,0.008238353,0,0,0,0,0,0,0,0,0.256246915,0.269460108,1,0.970750598,0.354385068,0.540782409,0.545640501,0.617744822,0.851188954,0.851700332,1386,2115,0.018464121,2383,3911,44,3.80666249,60650.57,62734.34,0,0,0,532.4,0,0,0,65650.57,1.641208561,0.000419639,0.004874291,0,0,64624.57,64624.57,0,"2024","you lose fund","C00834846","O","TX",328
"comm146857",4884.55,60.05003032,0.453305033,0.145239539,1.174611247,0.003775466,0.025779674,0.013996544,0,0.141138598,0.040198769,0.100939829,0.025779674,0,0.48384294,0,0,0,0,0,0.073043702,0.073322081,0.054608881,0.012253806,0.032465859,0.078072662,0.079876321,0.191960835,0.541612986,0.542643649,126,303,0.007424145,3098,3881,23,3.17805383,331597.71,18108.18,0,0,52007.59,130591.99,33352.73,0,625977.01,638110.71,1.252743706,0,0,0,0,2143822.62,1293760.76,1054758.65,"2020","casa in action pac","C00685693","O","MD",328
"comm213491",32897.15,72.6897247,0.826228204,0.516505644,5.925705748,0.186223508,0.015567143,0.254815399,0.199627385,0.244717417,0,0.244414792,0.015869769,0.199627385,0.173953656,0,0,0,0,0,0.298563393,0.309394533,0.50593616,0.246799195,0.577780789,0.758921555,0.761414442,0.820349546,0.954911259,0.955398997,2214,2922,0.014410755,2648,3873,34,3.555348061,85734.31,45014.19,0,35265,0,43176.88,2803.46,0,30729.63,170734.31,1.529143151,0,0,0,0,176087.89,176654.12,814.89,"2024, 2026","aapi forward","C00884023","O","TX",328
"comm21149",390,66.84666107,0.665851992,0.288313267,2.554328077,0.00019425,0.001265013,0.002619714,0,0.005474556,0.002189898,0.003284658,0.000976128,0,0.001285449,0.006885924,0.006885924,0,0,0,0.102938875,0.095133224,0.017057981,0.007127707,0.126991734,0.220917695,0.22415239,0.522942375,0.728405415,0.729843057,434,804,0.019079204,1262,3865,32,3.496507561,371891.16,5259.65,0,0,4396.7,6594.67,1959.79,13825,2580.82,821613.66,3.067281634,0.006551162,0.026627062,0,0,2048078.85,2007718.84,64046.31,"2020, 2022","san diego county democratic party (fed. acct.)","C00402826","Y","CA",100
"comm22091",0,58.14195764,0.38895249,0.143388666,1.142331048,0,0,0.000227753,0.008159167,0.022157783,0,0.022157783,0,0.008159167,0,0.368105397,0.368105397,0.479615384,0,0,0.05500683,0.04354646,0.000137352,0.000181748,0.029488518,0.083507307,0.088465553,0.360125261,0.638569937,0.6565762,113,320,0.011294526,1151,3832,13,2.63905733,329737.41,45.29,0,1622.5,0,4406.21,0,73200,0,354637.41,3.329278888,0.029539531,0.170049742,0,0,286322.61,198856.09,89979.01,"2024","allegheny county democratic committee   federal","C00424226","X","PA",100
"comm141390",12405.45,67.70169431,0.6791511,0.306812998,3.26981839,0.002504752,0.507768733,0.00937333,0,0.004759927,4.03815e-06,0.004638797,0.000862601,0,0,0,0,0.273902047,0,0,0.074925193,0.079072091,0.031760055,0.024760306,0.046563848,0.120467214,0.128405129,0.356654651,0.710788079,0.710788079,176,431,0.018059364,2163,3830,38,3.663561646,1054293.02,46423.9,0,0,20,22974.87,4272.26,0,0,2349023.02,1.871181291,0.005592055,0.008618518,0,0,4965896.96,4952765.1,35331.21,"2020, 2022, 2024","state government citizens  campaign","C00651109","V","NY",328
"comm163508",28291.23,75.14220183,0.909174312,0.59969419,10.17370032,0.657102284,0,0.925220412,0.232246177,0.055037182,0,0.055037182,0,0,0,0,0,0,0,0,0.481704844,0.4924641,0.958898369,1,0.60885906,0.87033557,0.871409396,0.77261745,0.947919463,0.948993289,2268,3242,0.01517341,2768,3725,42,3.761200116,41542.39,39834.93,9999.25,0,0,2369.6,0,0,0,41542.39,1.345736994,0,0,0,0,39001.39,27310.38,11691.01,"2026","stop elon musk pac","C00898759","N","DC",328
"comm208406",0,73.16984615,0.863384615,0.490153846,5.971324148,0,0,0.490756055,0,0.019687108,0,0.019687108,0,0,0.143979976,0,0,0,0,0,0.280382204,0.258146739,0.139808128,0.488195562,0.466175668,0.637206765,0.656028369,0.813693399,0.935624659,0.948990726,1709,2336,0.044618215,2174,3666,97,4.584967479,114097.73,15951.79,0,0,0,639.92,0,0,4680,141597.73,1.686292548,0.000459982,0.011299616,0,0,32675,32504.52,170.48,"2024","vote local, vote blue","C00834754","O","NH",328
"comm199147",3800,69.28452784,0.779760074,0.26576438,3.181173704,0.061715563,0.696677104,0.292004262,0,0.005603123,0,0.005603123,0.696677104,0,0,0,0,0,0,0,0.269753338,0.287523466,0.282409118,0.292004262,0.532165344,0.758280865,0.763755817,0.831097728,0.96003285,0.96003285,1944,2770,0.010454783,1913,3653,20,3.044522438,63664.8,17979.52,0,0,0,345,42896.36,0,0,63664.8,1.909566127,0.001045478,0.007351001,0,0,61572.8,61572.8,0,"2022","must go fund","C00773887","O","CO",328
"comm168929",32956.92,74.93642879,0.895606108,0.587098785,8.141856739,0.577687471,0,0.903750657,0.078878537,0.017370807,0,0.017370807,0,0.078878537,0,0.105368228,0.112873849,0,0.017532069,1000.2,0.369993148,0.373284452,0.793342835,0.809879579,0.575774336,0.83130531,0.831858407,0.811393805,0.960730088,0.960730088,2082,3006,0.000737463,2712,3616,2,1.098612289,64989.23,51558.74,0,4500,0,991,0,6011.23,0,64989.23,1.333333333,0,0,0,0,63662.23,53256.18,10406.05,"2026","building blue","C00908806","N","DC",328
"comm22786",0,69.91932813,0.756952453,0.347631715,3.405414137,0,0.000271219,0.000142783,0,0.004834591,0.002650278,0.000446572,0.001737741,0,0,0.989454132,0.989454132,0,0,0,0.077186483,0.053836093,0.002610341,0.000180612,0.07419265,0.228285078,0.232461024,0.743805679,0.938683185,0.93903118,248,776,0.03,1540,3599,566,6.340359304,1007234.03,2140.8,0,0,39736.76,6695.65,26054.69,14835309.46,0,1904301.03,2.450907922,0.009641652,0.071849221,0,0,15072187.29,14993428.17,92934.78,"2018, 2020","jstreetpac","C00441949","Q","DC",328
"comm22530",0,67.91145189,0.689929262,0.320669989,2.914054222,0,0,0.074849406,0,0,0,0,0,0,0.004115199,0.004646026,0.004646026,0,0,0,0.091357292,0.082310584,0.112316855,0.099658651,0.072852761,0.162418802,0.178658427,0.492534284,0.663366113,0.663884879,230,538,0.018749385,1536,3584,16,2.833213344,184502.53,17628.5,0,0,0,0,0,1094.23,969.21,189502.53,2.664411675,0.02687462,0.180184277,0,0,265323.59,235519.57,40427.38,"2020, 2024","placer county democratic central committee","C00433318","N","CA",100
"comm143868",12176,69.20922454,0.727868558,0.304750163,3.33244055,0.169031244,0,0.245213859,0.042554893,0.263038492,0,0.263038492,0,0,0,0.180470283,0.180470283,0,0,0,0.357211823,0.337900825,0.444824044,0.428798687,0.518248729,0.625616511,0.65452614,0.767433037,0.910994764,0.919493133,1738,2150,0.019044219,2352,3507,50,3.931825633,42569.34,17663.74,3065.4,0,0,18947.72,0,13000,0,42569.34,1.680296357,0.000658328,0.005143716,0,0,72034.02,72034.02,0,"2018, 2020","unfit to serve","C00668707","N","IA",328
"comm24107",0,45.0198987,0.112156295,0.026410999,0.229599105,0,0.062395913,0.137728852,0.087569864,0.708718473,0.415015267,0.293703206,0.053628733,0.087569864,0,0,0,0,0.00127328,1249,0.032327991,0.030027131,0.804392281,0.145956998,0.028059011,0.032108765,0.038183396,0.312698872,0.464564651,0.494648539,97,111,0,574,3457,0,0,167956,135102.51,0,85900,407101.37,288102.6,52606.09,0,0,219456,6.022648084,0.006968641,0.017520596,0,0,932815.65,978062.52,78391.12,"2018","wolf pac","C00485102","O","CA",100
"comm208692",18588.74,78.38885267,0.964797914,0.757170795,19.12786876,0.275906546,0,0.599283811,0.581706379,0.004776668,0,0.004776668,0,0.371066766,0,0,0,0,0.002026025,136.5,0.443523705,0.494431747,1,1,0.860328638,0.94600939,0.947476526,0.957746479,0.98943662,0.98943662,2932,3224,0.063119928,1109,3408,70,4.262679877,38280.32,40375.74,14191.49,25000,0,321.82,0,0,0,38280.32,3.073038774,0.012623986,0.200964882,0,0,67373.32,67373.32,0,"2024","for the majority pac","C00840330","O","DC",328
"comm145747",0,70.43870753,0.78314457,0.405729514,4.046616113,0,0,0.002603167,0,0.492013911,0,0.492013911,0,0,0,0.504100152,0.504100152,0,0,0,0.274640576,0.261197803,0.086439129,0.004354174,0.548014226,0.794013041,0.798162418,0.943687018,0.995257854,0.995257854,1849,2679,0.004050405,2222,3374,9,2.302585093,101917.27,8809.64,0,0,0,1665074,0,1705976.27,0,1153022.27,1.518451845,0.001350135,0.417209704,0,0,2805228.27,3384201.06,25301.77,"2024","digidems pac","C00679191","W","CA",328
"comm202946",3351.37,71.16244059,0.835231793,0.391133084,5.265211311,0.007535419,0.169888173,0.046282513,0.007383941,0.119093587,0.014900068,0.104193518,0.169888173,0.007383941,0.312575789,0,0,0.004946611,0.002331453,1000,0.084562779,0.07473811,0.060115948,0.047969086,0.108122171,0.194547063,0.218377647,0.580155055,0.799157084,0.808522816,363,656,0.00763341,1284,3340,8,2.197224577,341265.18,20584.1,0,3284,6626.79,46339.96,75557.59,0,139017.76,424560.18,2.518057304,0.013600573,0.149346577,0,0,437040.56,444748.97,-7708.41,"2022, 2024","blue cd2 new mexico usa","C00797340","O","NM",328
"comm16578",200,66.29912903,0.683404291,0.26825103,2.03581254,0.000670354,0,0.101455027,0,0.001105414,0,0.001105414,0,0,0.003820617,0.004189714,0.004189714,0,0,0,0.088005098,0.088401942,0.241373866,0.168674124,0.057032026,0.159362678,0.172602828,0.364312506,0.542269099,0.561888885,189,530,0.008978306,1424,3321,11,2.48490665,137558.26,30269.08,0,0,0,329.8,0,1250,1139.88,142558.26,2.305283881,0.011958367,0.046930234,0,0,365047.81,298349.73,75598.37,"2024, 2026","slo county democratic party federal","C00276659","Y","CA",100
"comm208482",67130.16,64.19643469,0.632841961,0.276311279,2.034647338,0.268355934,0,0.430235299,0.520207997,0.016177631,0,0.016177631,0,0.384279744,0,0.027982825,0.027982825,0,0,0,0.121867047,0.113708629,0.709971156,0.582423349,0.16139717,0.319482084,0.321589883,0.500752785,0.704004818,0.7100271,536,1061,0.007447529,1477,3321,11,2.48490665,151590.44,107624.84,34002.92,96128.9,0,4046.89,0,7000,0,184590.44,2.248476642,0.002031144,0.017489205,0,0,255116.83,250153.44,4963.39,"2024","their future pac","C00836007","V","SC",328
"comm22990",4776.11,62.18465482,0.589202207,0.180766612,1.177902885,0.018683466,0.132677448,0.286796144,0.058677877,0.172044866,0.083958849,0.083782972,0.097861907,0.013691505,0,0.221997968,0.221997968,0.005867788,0,0,0.126582417,0.132887212,0.189164744,0.258162577,0.193616493,0.319547938,0.319920517,0.50993542,0.718082464,0.722305017,571,959,0,1863,3310,0,0,221357.6,73314.55,11500,3500,21462.65,21417.69,25016.73,56750,0,258357.6,1.800613006,0.001785714,0.009045153,0,0,218169.9,255632.97,15212.59,"2020, 2022","illinois democratic county chairs  association","C00449512","Y","IL",100
"comm152292",0,51.53958333,0.2625,0.045,0.431813187,0,0.545282181,0.294963839,0,0.123215019,0.04081098,0.082404039,0.023015742,0,0,0,0,0,0,0,0.122792051,0.12734971,0.30257966,0.281130041,0.071946796,0.129081016,0.133010883,0.193772672,0.402962515,0.403869407,238,427,0.002529816,2767,3308,7,2.079441542,40597.21,12283.89,0,0,1699.59,3431.75,958.5,0,0,40597.21,1.195518612,0,0,0,0,43894.69,41645.41,2249.28,"2020","no justice no peace pac","C00750687","N","IA",328
"comm2651",7299.47,59.52531603,0.412573301,0.202979043,1.512671105,0.019597415,0.0135581,0.151562831,0.458250462,0.032699613,0,0.02950009,0.010045693,0.397467567,0.17791175,0.205116601,0.205116601,0,0,0,0.063285525,0.089996004,0.13281682,0.105296284,0.142313265,0.1801574,0.188226269,0.350654885,0.478023695,0.47830781,500,626,0.034225395,1535,3272,43,3.784189634,406701.29,56452.77,22639.87,148045.17,0,10987.93,3741.73,76400,66266.98,607101.29,2.272143419,0.011583061,0.043662905,0,0,505692.3,372471.07,45775.45,"2020, 2024","immigrants  list","C00430280","Q","DC",328
"comm149331",78496.25,65.10206745,0.645653893,0.198469857,2.023693956,0.077829961,0.093078501,0.106526277,0.002974536,0.0428428,0,0.0428428,0.093078501,0.002974536,0,0,0,0,0,0,0.063278433,0.060640413,0.107379838,0.162975724,0.046530125,0.099622191,0.103201432,0.358321734,0.780672102,0.782064029,134,289,0.007583985,2259,3269,20,3.044522438,710259.33,107438.23,0,3000,0,43209.57,93875.33,0,0,931679.33,1.545535009,0,0,0,0,1011085.35,1008560.83,2524.52,"2020, 2022","virginia matters pac","C00708255","V","RI",328
"comm198367",69081.5,63.55960382,0.563494871,0.17580474,1.556174295,0.668091924,0,0.966077857,0.084153867,0.026857718,0,0.026857718,0,0,0,0,0,0,0.027265644,2819.3,0.152200917,0.162349402,0.951356837,0.966077857,0.215631758,0.34476367,0.353104727,0.489959839,0.770466481,0.770775409,698,1116,0.002289203,2621,3237,6,1.945910149,105001.19,99893.6,8701.61,0,0,2777.12,0,0,0,105001.19,1.2350248,0,0,0,0,103401.19,103401.19,0,"2022","just oust seditious hacks pac","C00766253","O","DC",328
"comm15027",0,62.62148194,0.509640265,0.200328293,1.552722729,0,0,0,0,0,0,0,0,0,6.47572e-05,0.001650337,0.001650337,0,0,0,0.071761577,0.060044766,0,0,0.058600532,0.115638384,0.12301771,0.4786723,0.704306054,0.704450747,249,430,0.009946853,1478,3227,12,2.564949357,232695.1,0,0,0,0,0,0,1274.25,50,344170.1,2.020333507,0.006414867,0.034006898,0,0,815864.38,772115,52964.47,"2020, 2024","santa clara county united democratic campaign","C00231076","Y","CA",NA
"comm150358",0,61.08702064,0.436822686,0.123134085,1.362214543,0,0.004351,0.002181842,0.010075222,0.002757713,0,0.000485107,0.006623606,0.010075222,0.011741303,0.002575621,0.002575621,0,0,0,0.094733665,0.09437811,0.044390063,0.038100338,0.041563487,0.084728033,0.086691999,0.133549654,0.270386816,0.272308086,327,539,0.003375806,2778,3225,9,2.302585093,118814.79,5760.37,0,26600,0,1280.75,17487.25,6800,30998.69,183814.79,1.161397329,0.000385332,0.004346824,0,0,2727769.13,2640140.46,51011.46,"2020, 2024","black church pac","C00719872","V","DC",328
"comm148785",2000,29.87619724,0.031379425,0.009508649,0.02814233,0.005905341,0.18621703,0.039050216,0.099096929,0.638924509,0.376596763,0.219270963,0.227032736,0.099096929,0,0.001476335,0.001810354,0,0,0,0.007063368,0.006065764,0.044771028,0.045472497,0.001065661,0.002500205,0.003319944,0.060578736,0.213337159,0.215017624,5,10,0.018891224,2237,3199,47,3.871201011,234162.5,13225.39,0,33561.8,127544.47,74261.92,76890.65,500,0,244162.5,1.570356882,0.00122449,0.005457092,0,0,292839.93,275372.67,25089.29,"2018, 2020, 2024","california young democrats fed pac","C00632281","X","CA",100
"comm139720",4389.88,60.99206349,0.48185941,0.170445956,1.1957096,0.06925308,0,0.116585462,0.600739561,0.247268491,0,0.247268491,0,0.600739561,0,0,0,0,0,0,0.197281044,0.193634584,0.14400528,0.151302223,0.298290057,0.39740342,0.420835972,0.614629512,0.811589614,0.818872704,942,1255,0.00623053,2247,3158,14,2.708050201,51319.16,7390.23,0,38080.25,0,15674.09,0,0,0,51319.16,1.405429462,0,0,0,0,58994.63,58994.63,0,"2018","americans for all of us","C00632687","O","DC",328
"comm122225",0,69.44056582,0.738265234,0.421305957,4.045100725,0,0.031951662,0.171301189,0,0.003423392,0,0.003423392,0,0,0,0.068753129,0.068753129,0,0,0,0.100771982,0.094217639,0.144414772,0.115039844,0.066883247,0.149775605,0.15041195,0.319445375,0.550103825,0.569462121,208,473,0.003966569,1249,3147,5,1.791759469,151504.83,30023.06,0,0,0,600,0,12050,0,159004.83,2.584939443,0.00989591,0.061230809,0,0,200482.48,175264.75,28420.96,"2024, 2026","nevada county democratic central committee","C00568667","Y","CA",328
"comm151283",0,50.57676531,0.282994156,0.083072957,0.377085964,0,0.001399227,0.023417356,0.017625529,0.386588099,0.281924074,0.104664025,0.001399227,0.017625529,0,0.01333305,0.01333305,0,0,0,0.038470983,0.036118386,0.06952045,0.031855428,0.006210459,0.021881711,0.021881711,0.201172442,0.433687388,0.434325846,21,71,0.008923717,1708,3143,14,2.708050201,276029.49,18872.6,0,14204.83,227209.27,84351.21,1127.67,10745.42,0,618942.37,1.889147213,0.010191194,0.036996647,0,0,954890.14,805923.62,161929.38,"2022, 2024","knock for democracy, inc.","C00735738","W","NY",328
"comm209844",18810.6,68.58708762,0.726853494,0.355445193,3.277564147,0.035926467,0.057297162,0.079209144,0.097405176,0.079194591,0.062071926,0.017122665,0.058252115,0.097405176,0,0,0,0,0,0,0.159296864,0.162107834,0.280456477,0.313371669,0.334712059,0.482659879,0.498886414,0.681514477,0.86636971,0.866687878,1052,1517,0.004215457,2135,3143,9,2.302585093,147876.1,41472.81,0,51000,32500,8965.19,30500,0,0,301876.1,1.472131148,0.000468384,0.000530019,0,0,527842.65,523586.14,4256.51,"2024","find out pac","C00867028","V","TX",328
"comm198974",33650,68.56588319,0.737179487,0.370014245,2.780164694,0.21411415,0.031814881,0.41772939,0.277266053,0.249428732,0.006362976,0.243065756,0.031814881,0.277266053,0,0,0,0,0,0,0.294820232,0.278673193,1,0.41372008,0.494238156,0.59731114,0.607234315,0.709346991,0.855953905,0.861395647,1544,1866,0.010437052,1533,3124,16,2.833213344,55406.72,65650,0,43574.9,1000,38200.01,5000,0,0,157406.72,2.037834312,0.001956947,0.004914021,0.000652316,0.003637075,158689.7,157159.16,1530.54,"2022","never again pac","C00770776","O","VA",328
"comm151389",0,56.70955166,0.287719298,0.038596491,0.730488396,0,0,0,0,0.041171922,0,0.041171922,0,0,0,0.078384784,0.078384784,0,0,0,0.068263954,0.066761658,0,0,0.034607779,0.106130521,0.112392881,0.381674357,0.752801582,0.754449572,105,322,0.003565769,2524,3034,9,2.302585093,67845.56,0,0,0,0,2626.27,0,5000,0,67845.56,1.202060222,0,0,0,0,72850.86,63787.89,9062.97,"2020","make my day pac","C00737908","V","MI",328
"comm167649",21721.35,75.75270062,0.930169753,0.609953704,11.04894159,0.011790654,0.030017834,0.013017783,0.004342512,0.034701066,0,0.034701066,0.030017834,0.004342512,0.925659379,0.005428141,0.005428141,0,0,0,0.442629612,0.451911947,0.715614045,0.287053453,0.552692435,0.886025768,0.886356128,0.779649818,0.966633631,0.966633631,1673,2682,0.000796813,2510,3027,2,1.098612289,33512.52,23982.03,0,8000,0,63928.09,55300.4,10000,1705297.38,83512.52,1.205976096,0,0,0,0,1894516.1,1842251.5,79556.11,"2026","fight for virginia  s future","C00904623","V","CA",328
"comm207375",0,68.80838102,0.723838122,0.330032578,3.765945138,0,0,0,0,0,0,0,0,0,0,0,0,0,0,0,0.115933616,0.117386758,0,0,0.133662791,0.26872093,0.278139535,0.559069767,0.886860465,0.887906977,399,803,0.028015554,2011,3021,58,4.077537444,95946.63,0,0,0,0,0,0,0,0,104746.63,1.471175034,0,0,0,0,64777.71,20112.12,43683.09,"2022, 2024","adopt a democrat","C00822726","V","CA",NA
"comm154009",0,65.99144027,0.633792333,0.278377373,2.096724862,0,0.016640473,0.410617963,0.385266082,0.020855227,0,0.020855227,0.016640473,0.198922599,0.214917318,0,0,0,0,0,0.122817777,0.120474296,0.889273754,0.558121017,0.284437086,0.430794702,0.444039735,0.790066225,0.936092715,0.942384106,859,1301,0.001668057,1199,3020,2,1.098612289,123896.28,110177.71,50000,53375.25,0,5595.91,4465,0,57666.98,193896.28,2.518765638,0.003336113,0.010624237,0,0,215063.56,268321.7,12734.93,"2022","ruralvote.org","C00754754","O","AR",328
"comm22326",0,57.96771714,0.352421214,0.143351268,0.951309744,0,0,0,0,0,0,0,0,0,0.011103397,0,0,0,0,0,0.05683229,0.037785766,0,0,0.042737896,0.071118531,0.07278798,0.484140234,0.491819699,0.562270451,128,213,0.003490401,573,2995,2,1.098612289,196011.35,0,0,0,0,0,0,0,2768.38,203511.35,5.226876091,0.087260035,0.320155362,0,0,241249.77,249327.31,4662.96,"2024","ventura county democratic central committee","C00429563","Y","CA",NA
"comm198345",0,54.44410058,0.303288201,0.115667311,0.670969372,0,0,0.097192971,0.766612674,0.074347151,0,0.074347151,0,0.713116419,0.081226784,0,0,0,0,0,0.072817437,0.066586386,0.182852805,0.110881643,0.089447236,0.152763819,0.164154104,0.629480737,0.78961474,0.798324958,267,456,0,1272,2985,0,0,97057.74,17747.28,9768.33,130213.91,0,13575.67,0,0,14831.88,158557.74,2.346698113,0.000786164,0.000914493,0,0,185056.61,182598.39,2458.22,"2022","no excuses pac","C00765883","O","TN",NA
"comm154698",13828.2,69.35475274,0.740747329,0.336578842,3.671644479,0.08569263,0.272665692,0.450647417,0.13943132,0.043821715,0,0.043821715,0.272665692,0.13943132,0.071264897,0,0,0,0.039475753,3477.06,0.202276022,0.215997048,0.383454539,0.48569641,0.395978467,0.538473718,0.560164661,0.736858771,0.890278657,0.895028499,1087,1497,0.008983159,1919,2940,15,2.772588722,138280.77,72720.87,0,22500,0,7071.5,44000,0,11500,181780.77,1.681219986,0.001618123,0.021828188,0,0,161369.77,161369.77,0,"2020, 2022","gbp","C00756999","O","PA",328
"comm163526",9332.73,75.73970474,0.91996892,0.622766123,10.72803376,0.232705536,0.005384572,0.273394153,0,0.693671313,0.627943624,0.065727689,0.005384572,0,0,0,0,0,0,0,0.417125579,0.420138665,0.263093601,0.263030487,0.655196629,0.887289326,0.887289326,0.861657303,0.97366573,0.97366573,1866,2527,0,2162,2848,0,0,41675.51,10964.56,0,0,25183.88,2636.03,215.95,0,0,41675.51,1.317298797,0,0,0,0,41685.51,40105.32,1580.19,"2026","elect democrats pac","C00898981","O","DC",328
"comm199070",18529.3,74.98976378,0.900393701,0.55984252,7.710093881,0.314752709,0,0.598536183,0.256786931,0.247347051,0,0.247347051,0,0,0,0.067947026,0.067947026,0,0,0,0.364202395,0.379620718,0.795514472,0.598536183,0.808633094,0.892805755,0.899640288,0.934172662,0.984172662,0.984532374,2248,2482,0.013270882,1281,2780,17,2.890371758,44292.67,35235.46,15116.89,0,0,14561.17,0,4000,0,58196.67,2.170179547,0.003903201,0.031044388,0.00078064,0.019769172,58869.39,58869.39,0,"2022","c6 project","C00772657","N","DC",NA
"comm205744",33216.04,72.96260555,0.856453559,0.490550864,6.515876448,0.73262456,0,0.888041974,0,0,0,0,0,0,0,0.110281743,0.110281743,0,0,0,0.349682751,0.354315509,0.888159511,0.888041974,0.417032164,0.777046784,0.778143275,0.726973684,0.950657895,0.950657895,1141,2126,0.002114165,2365,2736,5,1.791759469,45332.42,40262.42,0,0,0,0,0,5000,0,45332.42,1.156871036,0,0,0,0,45338.42,45338.42,0,"2026","dems win us","C00894253","V","DC",328
"comm203011",0,73.60177358,0.84265234,0.5403879,7.215986979,0,0,0,0,0.026148011,0,0.026148011,0,0,0.229961213,0,0,0,0,0,0.291035556,0.309012409,0,0,0.622167911,0.753088051,0.763062289,0.839619526,0.948477442,0.948807715,1707,2064,0.016141846,1657,2731,27,3.33220451,32747.92,0,0,0,0,1261.47,0,0,11094.12,32747.92,1.654928788,0.000642467,0.006023588,0,0,48523.17,48243.44,279.73,"2022, 2024","daughters defend democracy","C00799502","V","DC",NA
"comm208223",20480,73.36137588,0.846663904,0.549937837,6.323760653,0.455508517,0,0.901495616,0,0.029853824,0,0.029853824,0,0,0.044483254,0,0,0,0,0,0.311966669,0.301263382,0.918134696,0.875101691,0.622009569,0.793522267,0.796098638,0.856091277,0.952889216,0.953257269,1690,2156,0.004548408,1539,2717,7,2.079441542,44145.93,40531.91,0,0,0,1342.25,0,0,2000,44145.93,1.765432099,0.000649773,0.015856501,0,0,46316.8,44960.74,1356.06,"2024","cut cruz pac","C00828921","O","CA",328
"comm3279",7457.51,69.53365281,0.740691838,0.319952521,3.235685659,0.002240443,0.558923199,0.011611108,0,0.068871137,0.0648369,0.004034237,0.037652265,0,0.107768791,0.252838524,0.252838524,0,0.001436965,3475.28,0.125306664,0.121535134,0.040537509,0.012350205,0.12046339,0.195854828,0.206172504,0.352158566,0.590279663,0.595166983,322,521,0.010010145,2088,2715,24,3.218875825,865224.25,38648.59,0,0,215815.3,13428.31,125328.86,841595.17,358717.86,1406149.25,1.316691605,0,0,0,0,3006420.98,3328587.58,560211.93,"2018, 2020","sierra club political committee","C00135368","Q","CA",328
"comm208842",35918.19,72.5858459,0.853015075,0.453517588,5.871496928,0.181073973,0.226858001,0.245862249,0.005041289,0.389986498,0,0.389986498,0,0.005041289,0,0.126032223,0.126032223,0,0,0,0.317619463,0.316304243,0.632346533,1,0.637240356,0.822700297,0.824554896,0.885756677,0.96921365,0.96921365,1718,2218,0.036753446,1959,2696,72,4.290459441,77124.99,48769.72,0,1000,0,77358.49,0,25000,0,127124.99,1.376212353,0,0,0,0,205656.6,198361.97,7294.63,"2024","heroes for democracy","C00843656","V","NY",328
"comm202313",11173.42,63.4992068,0.387653104,0.083610938,2.036677384,0.01727016,0,0.030298137,0.001956789,0.035967739,0.001803121,0.034164619,0,0.001956789,0,0,0,0,0,0,0.037376489,0.038223654,0.066624992,0.044072583,0.017877022,0.058673302,0.06882326,0.350468208,0.866086045,0.875908585,47,157,0.015961487,1463,2690,22,3.135494216,295689.55,19602.24,0,1266,1166.58,22103.77,0,0,0,461256.22,1.809622742,0.002341007,0.005072701,0,0,762965.49,646978.39,115987.1,"2022, 2024","crimson goes blue, inc.","C00794404","V","MA",328
"comm24057",165470.42,64.30894309,0.593923834,0.18271288,1.643554581,0.030110406,0.183806392,0.140715179,0.001128205,0.015276397,0,0.029809959,0.001231319,0.001128205,0.676427614,0,0,0,0.023561283,129480,0.151325523,0.149977588,1,0.169149449,0.133432725,0.234811778,0.241520686,0.364144614,0.6056653,0.607901603,358,630,0.00422833,2365,2683,10,2.397895273,273793.7,773294.12,0,6200,-86535.22,163819.33,6766.66,0,3717278.42,1021431.35,1.134460888,0,0,0,0,5371059.94,5495456.34,7961.91,"2020","sierra club independent action","C00483693","O","CA",328
"comm23812",9025.41,72.33973538,0.848911652,0.398207426,4.769739716,0.071551095,0.03765676,0.575247443,0,0.008939477,0,0.008939477,0,0,0,0.371018184,0.371018184,0,0,0,0.225314263,0.226313771,1,0.865622896,0.376307922,0.575112108,0.581091181,0.735052317,0.92264574,0.923393124,1007,1539,0.00407332,1473,2676,6,1.945910149,60211.7,72561.35,0,0,0,1127.62,0,46800,0,76411.7,1.816700611,0.001357773,0.011008262,0,0,89858,126139.37,1113.67,"2020","southwest leadership fund","C00471334","Q","DC",100
"comm213095",556.5,67.87945495,0.702352305,0.259682677,3.100876253,0.000644393,0.051225671,0.006159308,0.002894847,0.019960097,0,0.017443247,0.014154134,0.002894847,0,0.008763118,0.008763118,0,0,0,0.145583013,0.130487478,0.03923509,0.084012035,0.133458207,0.255209553,0.260360571,0.455396863,0.707835792,0.707835792,359,685,0.005456422,1690,2674,10,2.397895273,138112.02,5319.2,0,2500,0,15064.05,12223.56,7567.86,0,266612.02,1.584476342,0.000598086,0.01836944,0,0,868245.89,863603.53,32292.79,"2024, 2026","join the union","C00883017","V","DC",328
"comm168496",27182.56,76.00211595,0.929750317,0.634786289,12.51630396,0.958243147,0,1,0,0,0,0,0,0,0,0,0,0,0,0,0.407271318,0.436798338,0.945448631,0.94252717,0.646925688,0.906450396,0.907204828,0.84835911,0.976612599,0.976612599,1715,2403,0,1591,2651,0,0,30003.83,28367.08,0,0,0,0,0,0,0,30003.83,1.666247643,0.000628536,0.001299834,0,0,30096.83,24191.75,5905.08,"2026","democracy for all pac","C00907741","N","DC",328
"comm143929",3727.91,57.51578034,0.365188059,0.130725863,0.906428547,0.016359601,0.182612923,0.083048525,0.001645654,0.716477631,0.544521525,0.171956106,0.182612923,0.001645654,0,0.022337011,0.022544817,0,0,0,0.067753916,0.065588443,0.157266634,0.135581588,0.027137805,0.071019074,0.0730015,0.201966352,0.373740892,0.388582297,96,226,0.005453914,2103,2640,12,2.564949357,163347.28,18924.51,0,375,124081.71,39184.14,41612.54,5090,0,185984.28,1.249655715,0,0,0,0,201138.32,190092.87,2721.29,"2020, 2024","westside democratic hq federal","C00673590","N","CA",328
"comm22234",0,64.38308678,0.586040587,0.315090138,1.75625249,0,0.000455038,0,0,0.007571654,0.007043325,0.00052833,0,0,0,0.000758397,0.000758397,0,0,0,0.076246896,0.067740535,0,0,0.050615738,0.124052042,0.12857441,0.407639324,0.522890141,0.588603632,135,305,0.005240619,1249,2624,6,1.945910149,294976.63,0,0,0,4643.56,348.32,0,500,0,413686.27,2.183287538,0.017835819,0.060159107,0,0,762269.39,659285.24,25021.24,"2020, 2024","santa barbara county democratic central committee federal pac","C00427856","X","CA",100
"comm208107",45060.72,66.74557235,0.661771058,0.367602592,2.552286657,0.333005506,0.002752905,0.516165215,0.056534652,0.13493676,0,0.13493676,0,0,0,0.007390151,0.007390151,0,0,0,0.180473893,0.159329535,1,0.5,0.353751914,0.502679939,0.516462481,0.791730475,0.928024502,0.928407351,924,1313,0.008333333,1440,2612,12,2.564949357,68092.2,69845.02,7650,0,0,18259,0,1000,0,70092.2,1.813888889,0,0,0,0,132529.03,135315.24,3125.68,"2026","built to win pac","C00827295","V","NY",328
"comm200672",6946.09,74.71589757,0.870181739,0.595241713,7.91139631,0.132586474,0.081123699,0.438538109,0,0.38450629,0.332991787,0.051514503,0.052491805,0,0,0,0,0,0,0,0.25857507,0.239213142,0.387298619,0.43690462,0.515609756,0.721869919,0.729918699,0.869796748,0.975162602,0.975162602,1314,1843,0.026153069,1376,2559,36,3.610917913,62119.74,22974.63,0,0,17445.15,2698.8,2750,0,0,62119.74,1.846820321,0.001463628,0.020756075,0,0,55473.74,52389.13,8948.09,"2024, 2026","end the new apartheid","C00781419","V","DC",328
"comm150710",15071.15,73.16955345,0.891067332,0.496263773,6.987634144,0.047443426,0.700421814,0.126890777,0,0.008851411,0,0.008851411,0,0,0,0.100892221,0.100892221,0,0,0,0.19055392,0.21805036,0.470179688,0.54229202,0.464109903,0.633285633,0.638523183,0.81625644,0.958500286,0.958643389,1210,1607,0.0050034,1559,2555,10,2.397895273,98793.84,40308.85,0,0,0,2811.79,0,32050,0,273293.84,1.759363891,0.002600029,0.083293052,0,0,317698.34,317665.72,5469.07,"2020, 2024","defense dem pac","C00721225","Q","VA",328
"comm140916",11100,51.52070207,0.252925293,0.076957696,0.481717196,0.00062061,0.210773181,0.016091859,0.040529046,0.012405665,0,0.012405665,0.210109893,0.040513514,0.736786753,0.014872283,0.014872283,0,0,0,0.045209508,0.043288611,1,0.01897005,0.031570639,0.051302289,0.064325178,0.559589582,0.837805841,0.838200474,80,130,0.005604484,1249,2534,7,2.079441542,139602.36,287812.87,277.8,724609.29,0,221883,3757945.56,266000,13177887.38,11913446.36,2.028823058,0,0,0,0,18045188.45,17885619.31,276192.06,"2020","pacronym","C00646877","O","DC",328
"comm120466",1800,61.94961194,0.569204824,0.122729941,1.109507368,0.004865802,0.001351612,0.01029028,0,0.011293122,0.011293122,0,0.001351612,0,0,0.003606127,0.003606127,0,0,0,0.096854648,0.086242399,0.032455332,0.028738986,0.093004283,0.216398124,0.218641648,0.522537222,0.664287171,0.709973486,172,455,0.000691187,1355,2529,2,1.098612289,127588.45,3806.67,0,0,4177.65,0,500,1334.01,0,134588.45,2.004872212,0.008239029,0.196820775,0,0,369369.06,369928.71,11969.35,"2020, 2022","fresno county democratic central committee","C00518605","X","CA",100
"comm8174",0,73.31444021,0.817290842,0.464334596,6.681247561,0,0,0.989501095,0,0.008344032,0,0.008344032,0,0,0,0,0,0.31006393,0,0,0.096948878,0.106243259,1,1,0.102074014,0.149755998,0.169784465,0.345058967,0.538735258,0.553578691,247,372,0.078965352,1519,2515,136,4.919980926,478858.92,5693983.08,0,0,0,48014.88,0,0,0,505858.92,1.679276538,0,0,0,0,4147804.65,4194437.48,199414.52,"2018, 2020","dollars for democrats","C00073791","Y","DC",100
"comm150253",0,55.50274223,0.307586837,0.047074954,0.600674976,0,0,0.171551085,0,0.007543487,0.006646244,0.000897243,0,0,0.818832165,0,0,0,0,0,0.067376638,0.066649183,0.194720091,0.160567522,0.012459807,0.043006431,0.044614148,0.217041801,0.60892283,0.610530547,31,107,0.002598753,1924,2488,5,1.791759469,265116.3,51623.47,0,0,2000,270,0,0,246404.49,323066.3,1.293139293,0,0,0,0,321506.3,300921.85,20584.45,"2020","flip the senate pac","C00717918","O","CA",100
"comm208190",0,75.14797794,0.907628676,0.590992647,9.013764192,0,0,0,0,0.011189301,0,0.011189301,0,0,0,0,0,0,0,0,0.457865212,0.461336404,0,0,0.632025879,0.871411241,0.872624343,0.811564901,0.965224424,0.965224424,1563,2155,0,2013,2473,0,0,29990.56,0,0,0,0,3475.45,0,0,0,29990.56,1.228514655,0,0,0,0,254929.56,310604.75,125834.29,"2026","relentless pac","C00828343","V","DC",328
"comm152186",2385.08,72.39433962,0.823584906,0.462735849,5.401855313,0.015497393,0,0.304412593,0.097464614,0.053182671,0,0.053182671,0,0.097464614,0.483898813,0,0,0,0,0,0.268444819,0.279593043,0.263853299,0.471116271,0.504568106,0.685215947,0.696013289,0.799833887,0.952657807,0.953903654,1215,1650,0.025842697,1780,2408,46,3.850147602,177559.69,46849.71,0,15000,0,8184.92,0,0,74473,184359.69,1.352808989,0,0,0,0,99449.82,153902.01,3353.79,"2022","late breakers pac","C00749101","O","DC",328
"comm154001",300,62.20530796,0.575363045,0.240360541,1.311224454,0.000292584,0,0.004605176,0.118754499,0.169165719,0.000526252,0.168639467,0,0.118754499,0.729694223,0,0,0,0,0,0.188819202,0.197986644,0.06628832,0.011987271,0.315700381,0.419805332,0.436732967,0.608971646,0.798984342,0.800677105,746,992,0.003808487,1838,2363,7,2.079441542,71232.76,4721.9,0,121764.47,539.59,172913.83,0,0,748189.17,298732.76,1.285636561,0,0,0,0,1093909.51,1025346.16,68563.35,"2020","united we dream action pac","C00754671","O","DC",328
"comm209572",72740,66.06991025,0.630136986,0.302314596,2.487382884,0.009938501,0.048384331,0.0222031,0.067093435,0.019024345,0,0.019024345,0.048384331,0.059578759,0.79949538,0,0,0,0,0,0.12076069,0.113665018,1,0.035543256,0.19496587,0.295221843,0.30503413,0.678754266,0.903156997,0.903583618,457,692,0.005367687,1863,2344,10,2.397895273,157936.41,162504.74,55000,436057.62,0,139239.4,354125.47,0,5851515.84,1131436.41,1.258185722,0,0,0,0,7738434.79,7319011.45,419423.34,"2024","battleground new york","C00859355","O","DC",328
"comm172223",31288.68,63.56775956,0.525136612,0.204371585,1.765029461,0.695468749,0,0.986879336,0,0,0,0,0,0,0,0,0,0,0,0,0.106288796,0.110576724,0.677847057,0.669040253,0.144645941,0.300086356,0.302677029,0.467184801,0.75388601,0.755181347,335,695,0,1464,2316,0,0,65500.1,44399.05,0,0,0,0,0,0,0,65500.1,1.581967213,0,0,0,0,66362.3,44989.34,21372.96,"2026","revolutionary change pac","C00919332","O","FL",328
"comm152440",88155.02,68.81884058,0.742028986,0.300483092,3.017365227,0.754682101,0.040732535,0.832551785,0,0.12550997,0,0.12550997,0.040732535,0,0,0,0,0,0,0,0.214193207,0.224134244,1,0.819629638,0.418936446,0.578037181,0.587116299,0.699092088,0.877215737,0.878512754,969,1337,0.00257732,1552,2313,4,1.609437912,72116.42,97251.04,0,0,0,14660.92,4758,0,0,118916.42,1.490335052,0.00064433,0.003367071,0,0,118652.42,116810.8,1841.62,"2020","better road louisiana","C00752782","O","LA",328
"comm134472",5400,64.0798383,0.583628095,0.19201617,1.555268591,0.031663184,0.001448825,0.451649467,0,0.077671726,0,0.077671726,0.001448825,0,0,0.489606648,0.489606648,0,0,0,0.186543897,0.17948761,1,0.501643651,0.273597216,0.402783819,0.421487603,0.641583297,0.82862114,0.830795998,629,926,0.014570552,1304,2299,19,2.995732274,63730.42,77026.59,0,0,0,13246.53,247.09,83500,0,156230.42,1.76303681,0.001533742,0.002605126,0,0,154548.42,170545.07,3136.53,"2018","climate champions pac","C00605410","Q","OR",328
"comm150907",0,44.42797495,0.118475992,0.022964509,0.228468606,0,0,0,0,0.012743733,0.012743733,0,0,0,0.297353774,0,0,0,0,0,0.024081014,0.024085573,0,0,0.022251309,0.037958115,0.039703316,0.201570681,0.365619546,0.383507853,51,87,0.000636132,1572,2292,1,0.693147181,100626.21,0,0,0,1200,0,0,0,28000,110126.21,1.458015267,0,0,0,0,106417.36,94163.93,1952.43,"2020","tfy pac","C00725994","O","MI",NA
"comm168862",0,73.67576961,0.876365442,0.540218471,6.943489777,0,0,0.459581856,0.012575213,0.004900376,2.68271e-06,0.004897693,0,0.012575213,0,0,0,0,0,0,0.326279946,0.328866741,0.850695603,0.944293474,0.612038664,0.866871705,0.871704745,0.874780316,0.981107206,0.981546573,1393,1973,0,1864,2276,0,0,40275.84,34262.48,0,937.5,0.2,365.13,0,0,0,40275.84,1.221030043,0,0,0,0,81692.6,74551.42,7141.18,"2026","north star pac","C00908483","V","MD",328
"comm152281",1560,45.8642418,0.108094262,0.028688525,0.322046342,0.004154531,0,0.069784635,0.026552537,0.014233661,0,0.014233661,0,0.026552537,0.840536095,0.039947409,0.039947409,0,0,0,0.038669686,0.038883356,0.098780642,0.076848283,0.007187781,0.024707996,0.025606469,0.115004492,0.417789757,0.418238994,16,55,0.003833516,1826,2226,7,2.079441542,265271.51,26203.69,0,9970.31,0,5344.65,0,15000,315616,344771.51,1.21905805,0,0,0,0,396479.51,375493.69,20985.82,"2020","new american voices","C00750497","O","PA",328
"comm210354",0,67.85445757,0.684210526,0.276584318,3.028089414,0,0,0,0,0,0,0,0,0,0,0,0,0,0,0,0.138824433,0.128798815,0,0,0.128988149,0.304466727,0.308568824,0.513673655,0.790337284,0.790337284,283,668,0.00472255,1694,2194,8,2.197224577,103865.88,0,0,0,0,0,0,0,0,123865.88,1.295159386,0,0,0,0,205085.98,182141.94,22944.04,"2024","tour to save democracy co.","C00877134","V","DC",NA
"comm152183",0,46.10049322,0.087546239,0.02404439,0.297029121,0,0,0,0,0,0,0,0,0,0,0,0,0,0,0,0.035504303,0.034950987,0,0,0.005504587,0.010550459,0.011926606,0.021100917,0.055504587,0.057798165,12,23,0.003512293,1993,2180,7,2.079441542,60929.98,0,0,0,0,0,0,0,0,60929.98,1.093828399,0,0,0,0,169738.98,55756.01,113982.97,"2020","our black party","C00749069","V","MD",NA
"comm148125",3885,71.5292581,0.821316614,0.398641588,4.48298011,0.252138144,0,0.729640413,0.282492072,0,0,0,0,0.217591649,0,0,0,0,0,0,0.418799716,0.407150892,0.694164551,0.727623044,0.717652495,0.823475046,0.851201479,0.889556377,0.963955638,0.963955638,1553,1782,0.005,1200,2164,6,1.945910149,16195.67,11242.46,1000,3352.7,0,0,0,0,0,16195.67,1.803333333,0.000833333,0.007347643,0,0,15450.94,15408.22,55.76,"2020","dump trump fund","C00703496","N","DC",328
"comm208397",18124.2,74.42810279,0.888463641,0.553854565,6.601651822,0.750047177,0,0.879623391,0,0,0,0,0,0,0,0.08276748,0.08276748,0,0,0,0.372335585,0.387179554,0.863928012,0.879623391,0.702479339,0.860476422,0.865337871,0.885755955,0.976178901,0.976178901,1445,1770,0.016937191,1417,2057,24,3.218875825,24603.08,21255.29,0,0,0,0,0,2000,0,24603.08,1.451658433,0,0,0,0,24164.08,24164.08,0,"2024","real populists","C00834580","V","CA",328
"comm151330",12513.5,64.69435227,0.628313278,0.314071484,1.893207402,0.093934518,0,0.277859183,0.285609729,0.10979773,0,0.10979773,0,0.263821364,0,0.011876578,0.011876578,0,0.022431503,5000,0.214269928,0.206944314,0.711780143,0.649778937,0.375,0.522222222,0.533333333,0.653888889,0.848333333,0.848611111,672,956,0.006431387,1497,2044,11,2.48490665,72984.91,37015.05,2902.54,35145,0,14626.72,0,1582.14,0,106484.91,1.356669042,0,0,0,0,133215.14,133215.14,0,"2020, 2022","where it s needed pac (win pac)","C00736777","Q","DC",328
"comm208680",0,70.04369469,0.76880531,0.373340708,3.794695629,0,0.134160691,0.107758558,0.087760849,0.001989324,0,0.001989324,0.134160691,0.087760849,0,0,0,0,0,0,0.209148351,0.209761296,0.419870821,0.129754524,0.307692308,0.521313082,0.531602156,0.665850073,0.863792259,0.863792259,628,1064,0.003149606,1270,2041,4,1.609437912,54539.87,22899.7,0,18650,0,422.75,28510.4,0,0,222230.68,1.607086614,0.000787402,0.003239877,0,0,230054.93,212509.34,17545.59,"2024","sensible americans","C00840025","V","DC",328
"comm162265",0,66.31525424,0.624858757,0.337853107,2.385292207,0,0,0.014910013,0,0.000238479,0,0.000238479,0,0,0,0,0,0,0,0,0.16457072,0.135554911,0.042135208,0.035459712,0.299060801,0.41670786,0.434503213,0.695996045,0.856154226,0.856154226,605,843,0.006763285,1035,2023,7,2.079441542,44885.74,1891.27,0,0,0,30.25,0,0,0,56910.74,1.954589372,0.000966184,0.007467835,0,0,129804.83,126845.63,8907.16,"2026","politivist action pac","C00893891","V","TX",328
"comm152083",0,66.19062119,0.643727162,0.335566382,2.434885768,0,0.060070645,0.008042138,0,0.921855419,0.547113467,0.374741952,0.008042138,0,0,0,0,0,0,0,0.079307851,0.069010319,0.007690955,0.005038621,0.071789687,0.19413549,0.196157735,0.418604651,0.667846309,0.668857432,142,384,0.002633889,1139,1978,3,1.386294361,87036,669.39,0,0,45539.17,31191.77,669.39,0,0,131692.32,1.736611062,0.004389816,0.030480137,0,0,132851.82,83235.33,55269.36,"2024","jvp action pac","C00747691","N","DC",328
"comm170798",10254.88,76.20470183,0.9375,0.643348624,12.20784263,0.465664821,0,0.918586033,0,0.081413967,0.054054987,0.02735898,0,0,0,0,0,0,0,0,0.408899528,0.427801147,0.807388545,0.807227454,0.624368049,0.928210313,0.928210313,0.870070779,0.981799798,0.981799798,1235,1836,0,1504,1978,0,0,25055,20229.12,0,0,1190.4,602.5,0,0,0,25055,1.315159574,0,0,0,0,50060,14387.9,35672.1,"2026","fight for a democratic majority pac","C00914424","Q","DC",328
"comm208534",3000,71.30102041,0.799886621,0.46031746,4.140884627,0.015368558,0.001050185,0.292200498,0.147528526,0.077415166,0,0.077415166,0.001050185,0.147528526,0,0.001280713,0.001280713,0,0,0,0.278993112,0.273067682,0.461839961,0.439035555,0.464068826,0.665991903,0.668522267,0.772267206,0.914979757,0.91548583,917,1316,0.004037685,1486,1976,6,1.945910149,123503.02,57038.63,0,28798.12,0,15111.73,205,250,0,130503.02,1.32974428,0,0,0,0,208590.95,195203.74,13387.21,"2026","local democracy project","C00896860","V","CA",328
"comm152160",0,57.99044776,0.448955224,0.190447761,0.91056806,0,0,0.979808483,0,0,0,0,0,0,0,0,0,0,0,0,0.17038581,0.142811962,0.030875682,0.5,0.223979592,0.323469388,0.334693878,0.551530612,0.790816327,0.794387755,439,634,0.002135231,1405,1960,3,1.386294361,62865.98,1941.03,0,0,0,0,0,0,0,107865.98,1.395017794,0,0,0,0,111861.29,1981.03,109880.26,"2020","wfp justice fund","C00748764","V","NY",328
"comm141031",6900,61.20387779,0.509988249,0.212690952,1.281877925,0.009682632,0.096400226,0.089652947,0.045466271,0.085215481,0.046323366,0.038892115,0.096400226,0.045466271,0,0,0,0,0.01052039,7497,0.121285977,0.129894098,0.325958534,0.222790698,0.205882353,0.347265222,0.356037152,0.528379773,0.734778122,0.735294118,399,673,0.0078125,1408,1938,11,2.48490665,196000.82,63888.14,0,32400,33010.78,27715.15,68696.36,0,0,267500.82,1.376420455,0,0,0,0,712616.17,712616.17,0,"2020","bliatout, bobby","C00708529","H","CA",100
"comm183409",2100,63.54143302,0.55576324,0.183800623,1.621196105,0.001472401,0.34320963,0.063460344,0.012634763,0.062511999,0.037225098,0.0252869,0,0,0,0.535983658,0.535983658,0,0,0,0.171375134,0.171599996,1,0.470140875,0.187989556,0.306005222,0.317493473,0.50078329,0.774934726,0.776501305,360,586,0.004371585,1830,1915,8,2.197224577,33384.36,90509.81,18020.23,0,53092,36065.24,0,764442.42,0,201684.36,1.046448087,0,0,0,0,592406.74,1426242.03,0,"2018","pac for a level playing field","C00540195","Q","MA",328
"comm199144",0,66.54694131,0.633282444,0.318099936,2.804430996,0,0,0.014742981,0.001043989,0.001405544,0,0.001405544,0,0.001043989,0,0.002289726,0.002289726,0,0,0,0.208442297,0.215523769,0.946165235,0.415965737,0.382392344,0.518181818,0.520287081,0.683062201,0.85215311,0.85215311,739,993,0.008088263,1358,1870,11,2.48490665,72407.95,106883.32,0,7568.69,0,10189.88,0,16600,0,398907.95,1.395924957,0,0,0,0,7439398.66,7249776.84,189621.82,"2022, 2024","open democracy pac","C00773846","V","DC",NA
"comm142128",6766,68.63726136,0.697827518,0.322580645,3.384561424,0.166207259,0,0.357924605,0,0.078260626,0,0.078260626,0,0,0,0,0,0.524322735,0,0,0.437834177,0.443056625,0.60328238,0.357924605,0.544432548,0.622591006,0.683618844,0.726980728,0.872591006,0.883297645,1017,1163,0.044736842,1140,1868,51,3.951243719,24151.99,14570.47,0,0,0,3185.85,0,0,0,24151.99,1.638596491,0,0,0,0,40708.21,40708.21,0,"2018","bold democrats","C00656074","N","DC",NA
"comm209559",27806.85,74.0565813,0.887432996,0.547349613,7.048496197,0.659035197,0,0.943076467,0.142202773,0.020281671,0,0.020281671,0,0,0,0,0,0,0,0,0.250717945,0.27073273,1,0.925301915,0.443249059,0.677245831,0.678321678,0.753093061,0.925228618,0.925228618,824,1259,0.007419621,1213,1859,9,2.302585093,38075.78,39791.48,6000,0,0,855.75,0,0,0,40575.78,1.532563891,0.001648805,0.013505594,0,0,53042.29,42193.27,10849.02,"2024","will of the people pac","C00858936","N","DC",328
"comm198365",0,71.03402985,0.784477612,0.354626866,4.320610063,0,0,0.513015611,0.050184687,0.154818348,0,0.154818348,0,0.050184687,0,0.117622181,0.117622181,0,0,0,0.136096012,0.156475199,0.599320305,0.460976021,0.263186222,0.37459634,0.379440258,0.6598493,0.895586652,0.895586652,489,696,0.033805889,917,1858,31,3.465735903,367150,220040.45,0,21525,0,66404.02,0,50450,0,513350,2.026172301,0.00436205,0.028578942,0,0,516939.55,428915.7,88023.85,"2022","more blue","C00766220","V","DE",NA
"comm155174",0,63.00503461,0.571428571,0.18061674,1.337785029,0,0.164160771,0.085322547,0.104837451,0.175895674,0,0.175895674,0.164160771,0.076880797,0.395307082,0,0,0,0,0,0.150940617,0.149816855,1,0.102410057,0.142857143,0.279245283,0.284097035,0.401078167,0.708894879,0.708894879,265,518,0.002850627,1754,1855,5,1.791759469,75921.34,122078.34,40000,110000,0,251669.14,234879,0,565600,1362421.34,1.057582668,0,0,0,0,1242054.21,1430786.41,145.11,"2022","battleground georgia","C00762872","O","GA",NA
"comm212028",0,66.30242688,0.636589919,0.260734287,2.352693735,0,0.616100326,0.006967054,0.335846198,0.031226578,0.00189728,0.029329298,0.616100326,0.335846198,0,0,0,0.010998634,0,0,0.101006545,0.102632983,0.003794094,0.005960842,0.023758099,0.06425486,0.064794816,0.109071274,0.366090713,0.369330454,44,119,0.031464531,1748,1852,55,4.025351691,183166.27,694.95,0,33500,189.25,2925.54,61454.8,0,0,231856.27,1.059496568,0,0,0,0,116585.87,90920.38,47265.07,"2024","new american community","C00882324","V","KS",328
"comm154851",0,58.38567493,0.403581267,0.101928375,0.909439116,0,0,0.201406343,0.527121779,0.087822807,0,0.087822807,0,0.527121779,0.057621123,0,0,0,0,0,0.122346386,0.12701556,0.258885446,1,0.123913043,0.233695652,0.236413043,0.370108696,0.652173913,0.660869565,228,430,0.000590319,1694,1840,1,0.693147181,19014.24,4922.51,0,12883.22,0,2146.45,0,0,1408.3,19014.24,1.086186541,0,0,0,0,740.75,19122.77,0,"2024","new south super pac","C00758789","O","DC",328
"comm14208",5400,63.57573134,0.484888421,0.194678678,1.834177356,0.000601836,5.96019e-05,0.011746953,0,0.071842772,0.000362049,0.071480723,0,0,0,0,0,0.602917742,0,0,0.033503497,0.031835044,0.093506774,0.071804977,0.047834844,0.074815374,0.075780463,0.519763343,0.772784491,0.775050352,85,133,0.044817014,1212,1831,50,3.931825633,640528.37,105400,0,0,3248.5,641363.62,0,0,0,4444764.46,1.578126544,0.001140829,0.002184845,0,0,9068886.32,8972539.59,26811.07,"2020, 2024","democratic state committee (delaware)","C00211763","Y","DE",100
"comm208088",0,67.28776119,0.68358209,0.28358209,2.786379921,0,0.008435468,0.402853213,0,0.041551429,0,0.041551429,0.008435468,0,0.492323724,0,0,0,0,0,0.19401574,0.195995157,0.373484711,1,0.282883875,0.548706659,0.552559163,0.685195377,0.904237755,0.90533847,514,997,0.003494467,1717,1817,6,1.945910149,95901.65,35817.8,0,0,0,3694.35,750,0,43772.65,120401.65,1.058241118,0,0,0,0,120152.4,88910.3,31242.01,"2024","beheard pac","C00827063","V","MO",328
"comm138565",741,58.2841455,0.449553878,0.133836651,0.86856443,0.010933541,0.163218593,0.076120614,0,0.255497535,0,0.204420781,0.273301059,0,0,0,0,0,0,0,0.08533079,0.077755927,0.075411311,0.080122128,0.03434903,0.086426593,0.097506925,0.187257618,0.417174515,0.424376731,62,156,0.001573564,1271,1805,2,1.098612289,68410.56,5158.93,0,0,0,13854.23,18522.46,0,0,68410.56,1.420141621,0,0,0,0,64888.33,67773.1,6368.06,"2026","the political revolution","C00628818","V","CO",328
"comm183492",0,63.54270696,0.494743758,0.180026281,1.895569641,0,0.02126863,0.044723771,0,0.015714329,0,0.026524109,0.01045885,0,0,0,0,0.934827984,0,0,0.046793423,0.049176058,0.243816586,0.047045765,0.047910864,0.084122563,0.090250696,0.233426184,0.578272981,0.579387187,86,151,0.039443155,1293,1795,51,3.951243719,753967.82,183829.86,0,0,0,109023.08,42989.42,0,0,3948064.86,1.388244393,0.000773395,0.00296601,0,0,4123222.42,4110339.04,13229.92,"2018","missouri victory fund","C00551176","N","MO",100
"comm130867",2400,64.81391744,0.557369948,0.217154533,2.090438144,0.00260667,0.157551454,0.092279112,0,0.388101996,0.025786479,0.358739905,0.013198567,0,0,0.750069174,0.750069174,0.001037422,0,0,0.123588563,0.115511908,0.361113903,0.215860688,0.2122571,0.274738416,0.278176383,0.578624813,0.798056801,0.798056801,359,469,0.042675709,1109,1785,41,3.737669618,261773.11,84962.77,0,0,23742,330297.24,12152.12,690600,0,632186.06,1.67466693,0.00487567,0.015661382,0,0,939544.44,920715.08,24819.11,"2018, 2020","leadership, integrity, engagement, unity pac","C00589309","Q","CA",328
"comm147583",400,67.48436503,0.695596682,0.275047862,2.567276814,0.010198574,0.498091974,0.010198574,0,0.127482174,0,0.127482174,0.498091974,0,0,0,0,0,0,0,0.226663161,0.226710581,0.008521306,0.012634067,0.459383754,0.601120448,0.60952381,0.805042017,0.909243697,0.917647059,820,1073,0.041125541,924,1785,38,3.663561646,46941.16,400,0,0,0,5000,19535.75,0,0,46941.16,1.931818182,0,0,0,0,31660.43,39221.17,18.59,"2020","future fund pac","C00691402","N","NY",328
"comm142977",4841,68.83381089,0.711318052,0.318767908,2.912067324,0.211781546,0,0.363451431,0,0,0,0,0,0,0,0,0,0.568403121,0,0,0.397708571,0.399431381,0.361301809,0.363451431,0.444444444,0.552028219,0.597295708,0.652557319,0.833039389,0.841269841,756,939,0.019953952,1303,1701,26,3.295836866,22994.46,8307.94,0,0,0,0,0,0,0,22994.46,1.305448964,0,0,0,0,22858.46,22858.46,0,"2018","bold democrats ii","C00662734","N","DC",NA
"comm148606",0,51.35024155,0.224637681,0.057971014,0.454922087,0,0.620223856,0.083255223,0.235717463,0.043325794,0,0.043325794,0.620223856,0.235717463,0,0,0,0,0,0,0.079152255,0.074492331,0.105173561,0.077580465,0.054373522,0.085106383,0.108747045,0.399527187,0.606973995,0.622340426,92,144,0.001818182,1100,1692,2,1.098612289,42817.7,4503.29,0,12750,0,2343.5,33548.02,0,0,55817.7,1.538181818,0.001818182,0.011143419,0,0,68096.7,54090.18,14006.52,"2018","up pac","C00630699","V","CA",328
"comm207686",5081.25,70.65967524,0.755751015,0.407983762,4.692996867,0.078636987,0,0.117326771,0,0,0,0,0,0,0,0,0,0,0,0,0.220777159,0.228126926,0.132849302,0.915721604,0.298048492,0.513897102,0.516853933,0.577764636,0.824364281,0.824955648,504,869,0.005904059,1355,1691,8,2.197224577,57066.54,7581.25,0,0,0,0,0,0,0,65066.54,1.24797048,0,0,0,0,64616.54,64616.54,0,"2026","georgia s promise","C00896449","V","GA",328
"comm208539",27200,74.35477583,0.900584795,0.559454191,9.550946126,0.060492993,0.343053097,0.13850845,0.085133302,0.372831885,0.281302783,0.091529102,0.343053097,0.08117626,0.0360788,0,0,0,0,0,0.350198927,0.366963021,1,0.138273028,0.48627685,0.713603819,0.715393795,0.761933174,0.926610979,0.928400955,815,1196,0.015098722,861,1676,13,2.63905733,25397.63,62278.78,1779.24,36500,126484.66,41155.04,154250,0,16222.43,50397.63,1.946573751,0.00232288,0.010862217,0,0,450404.4,449638.85,765.55,"2024","dw pac","C00837138","O","MD",328
"comm203572",13000,66.67812729,0.707388442,0.29773226,2.150328436,0.468799754,0,0.794681575,0.077892882,0.001080043,0,0.001080043,0,0.077892882,0.018889024,0.03606152,0.03606152,0,0,0,0.278239447,0.282375932,0.891465458,0.760763469,0.414752116,0.556831923,0.57617896,0.657799274,0.84885127,0.84885127,686,921,0.001876173,1066,1654,2,1.098612289,24719.78,22036.83,0,2160,0,29.95,0,1000,523.8,24719.78,1.551594747,0.000938086,0.00624601,0,0,29056.58,27730.39,1326.19,"2022","better organizing to win legalization political action committee (bowl pac)","C00803585","N","DC",NA
"comm160480",0,59.59880814,0.491199706,0.219022561,1.345554715,0,0,0.002078769,0,0.002267432,0,0.002267432,0,0,0,0.00374553,0.00374553,0,0,0,0.07459285,0.073912754,0.019558002,0.28990104,0.165376808,0.234775438,0.246574473,0.556267445,0.787807663,0.787807663,272,387,0.003735042,1389,1650,5,1.791759469,139327.36,2775,0,0,0,3026.85,0,5000,0,305327.36,1.197806199,0,0,0,0,1346902.36,1334924.53,19873.33,"2024, 2026","forward pac inc.","C00893362","V","WI",328
"comm205746",8516.59,72.88777555,0.861723447,0.476285905,6.62407747,0.38422313,0,0.660737697,0,0,0,0,0,0,0,0.33836001,0.33836001,0,0,0,0.289323484,0.287221617,0.661006087,0.660737697,0.404878049,0.777439024,0.77804878,0.774390244,0.968902439,0.968902439,664,1275,0.002682763,1491,1640,4,1.609437912,22156.74,14645.74,0,0,0,0,0,7500,0,22156.74,1.099932931,0,0,0,0,22165.74,22165.74,0,"2026","dems win pa","C00894261","V","DC",328
"comm143534",5995,69.18232962,0.725729328,0.345788882,3.950652205,0.010207019,0.008303184,0.099669948,0.001615757,0.318574376,0.24112847,0.077128883,0.009045853,0.001615757,0,0.433044484,0.433044484,0,0.000290401,804,0.113580963,0.111132926,0.263036688,0.15999283,0.148908401,0.270408163,0.278951115,0.458353109,0.759136213,0.759373517,191,335,0.007428142,1320,1636,37,3.63758616,311584.32,58540.24,0,949,141624.62,45300.95,5313,254344.75,0,529800.32,1.121445705,0,0,0,0,787737.96,587340.93,122936.41,"2018, 2024","democracy summer leadership pac","C00664318","N","MD",328
"comm146229",0,52.14102564,0.315527066,0.091168091,0.492121183,0,0.038233353,0.17653182,0.471978315,0.118085876,0,0.118085876,0.038233353,0.437850454,0,0.017376712,0.017376712,0,0.013901369,1000,0.082471828,0.067286822,0.246883693,0.16187991,0.134698945,0.177529485,0.195530726,0.64990689,0.801365611,0.808814401,217,286,0.007863696,763,1611,6,1.945910149,51436.69,12698.88,2455,31496.93,0,8494.55,2750.33,1250,0,70936.69,2.111402359,0,0,0,0,78476.3,71935.36,6541.94,"2020","matriarch political action committee","C00681494","N","NY",328
"comm199071",0,56.22968981,0.23929099,0.028803545,0.731747961,0,0.021037143,0.013465551,0.767225151,0.109902415,0,0.109902415,0.021037143,0.767225151,0,0.071542429,0.071542429,0,0,0,0.032787693,0.029647747,0.017258692,0.010121036,0,0.003109453,0.003109453,0.014303483,0.066542289,0.066542289,0,5,0,604,1608,0,0,425321.33,7340.49,0,418238.26,0,59911.22,11468,39000,0,520881.37,2.662251656,0,0,0,0,725270.64,545131.06,180139.58,"2022","american ethiopian public affairs committee","C00772673","Q","PA",328
"comm24631",0,44.36382932,0.103300598,0.023335446,0.232663004,0,0.075716335,0.036337682,0.044269901,0.129455134,0,0.128870909,0.054337227,0.044269901,0,0.053078054,0.053078054,0,0,0,0.023259265,0.022624167,0.058708256,0.026310108,0.003869969,0.015866873,0.016640867,0.041408669,0.159249226,0.159249226,7,29,0.036995129,1400,1606,78,4.369447852,632420.41,49634.11,0,60468.83,0,176026.44,74219.92,72500,0,1360047.91,1.136341766,0,0,0,0,1432480.87,1365912.92,67304.52,"2018, 2020","downtown for democracy independent expenditure committee","C00494997","O","NY",100
"comm199840",7056.07,73.05165289,0.865013774,0.5,6.80338602,0.721964551,0,0.976483179,0,0.011545588,0,0.011545588,0,0,0,0,0,0,0,0,0.315491762,0.313602399,0.567528303,0.566845368,0.506242197,0.81772784,0.823970037,0.828339576,0.980649189,0.980649189,811,1310,0,1372,1602,0,0,16816.06,9543.59,0,0,0,112.84,0,0,0,16816.06,1.167638484,0,0,0,0,16836.32,9773.43,7062.89,"2026","action can t wait pac","C00777086","N","TX",328
"comm199821",14120,72.6993007,0.818881119,0.44965035,5.545226527,0.08174657,0.057894171,0.770172645,0.034736503,0.05479226,0,0.05479226,0.057894171,0.034736503,0,0,0,0.017368251,0,0,0.216388652,0.193122621,0.762437126,0.717401629,0.432704403,0.560377358,0.564150943,0.851572327,0.966666667,0.966666667,688,891,0.032425422,771,1590,25,3.258096538,174481.43,133031.12,0,6000,0,9464.21,10000,0,0,232981.43,2.062256809,0.002594034,0.017469203,0,0,188499.13,172728.96,15770.17,"2022","voterpac","C00776971","N","CA",328
"comm203758",0,65.63118644,0.606101695,0.174237288,2.289527425,0,0.855326958,0.035675803,0.097649673,0.013452084,0,0.013452084,0.754259546,0.097649673,0,0.001262711,0.00224246,0.013753757,0,0,0.070903488,0.07234774,0.118030413,0.078417005,0.111601513,0.233291299,0.244640605,0.619167718,0.873896595,0.875157629,177,370,0.005434783,1104,1586,6,1.945910149,89765,10595,0,29000,0,3995,224000,375,0,141265,1.436594203,0,0,0,0,154842.74,167227.03,7490.53,"2024","forward justice","C00806885","O","OH",328
"comm203667",0,64.51592798,0.570637119,0.200831025,1.83420841,0,0.01682208,0.003223155,0.000564948,0.092048208,0.08515937,0.006888838,0.01682208,0.000564948,0.885399383,0,0,0,0.000104333,4330.6,0.067322619,0.07664383,0.407177369,0.003377465,0.088291747,0.127959053,0.139475368,0.402431222,0.600127959,0.608445298,138,200,0.01986755,604,1563,12,2.564949357,328568.31,133785.58,0,23449.65,3534764.64,285939.41,698244.86,0,36750840.41,33576109.06,2.587748344,0.001655629,0.000128067,0,0,41790354.46,41507641.75,810483.74,"2024","republican accountability pac","C00804856","O","DC",328
"comm155240",300,58.41008277,0.422121896,0.118886381,0.910931841,0.00525711,0.052571104,0.00525711,0,0.030616184,0.007170173,0.023446011,0.052571104,0,0.048891126,0,0,0,0,0,0.081435458,0.082363857,0.007846881,0.032447411,0.075289575,0.148005148,0.157014157,0.339124839,0.683397683,0.684041184,117,230,0.006526468,1379,1554,9,2.302585093,38231.75,300,0,0,409.17,1337.96,3000,0,2790,42231.75,1.126903553,0,0,0,0,9345.73,57065.57,2592.25,"2022","dekalb county democratic committee","C00763698","X","GA",100
"comm23578",18.49,54.92958293,0.260066268,0.066797102,0.762590482,8.02993e-06,0.03918177,0.028980545,0,0.005536802,0,0.023235126,0.021483445,0,0,0,0,0.945221703,0,0,0.021162936,0.021004007,0.115911508,0.031758064,0.010165663,0.027108434,0.03125,0.421310241,0.639683735,0.672063253,15,38,0.011189081,1095,1552,12,2.564949357,723568,66731.6,0,0,0,53502,49468.52,0,0,3163218,1.238258317,0,0,0,0,2306547,2302634.39,8474.01,"2020, 2022","house senate victory fund","C00462333","N","DC",100
"comm138702",830145.44,65.86671863,0.607170694,0.236165238,2.122063337,0.028787741,0.41327457,0.034374026,0.017683966,0.274569997,0.22497097,0.04958082,0.311900419,0.014193364,0.223848886,0,0,0,0,0,0.245502478,0.261363837,1,0.04369947,0.323870968,0.475483871,0.488387097,0.6,0.81483871,0.816129032,502,737,0.005494505,1092,1550,6,1.945910149,56967.38,991235.86,100657.69,409290.77,6487435.97,1429750.68,8994200.44,0,6455078.68,4427467.38,1.419413919,0.001831502,0.000107962,0,0,32265893.42,28836769.3,4220510.48,"2020","for our future","C00620971","O","DC",328
"comm209957",0,73.81052632,0.878195489,0.516541353,8.45216002,0,0.079026141,0.348844837,0,0,0,0,0.079026141,0,0.400848856,0,0,0,0,0,0.248131298,0.238703108,0.145189909,0.220741757,0.421905379,0.644199611,0.647440052,0.805573558,0.940375891,0.95463383,651,994,0.017790262,1068,1543,19,2.995732274,74792.87,10859.17,0,0,0,0,2460,0,12478,79792.87,1.444756554,0,0,0,0,49194,31128.94,18065.06,"2024","united democrats fund","C00869347","O","NH",328
"comm147625",0,54.53559871,0.313106796,0.072815534,0.614639034,0,0.171966688,0.067266034,0,0.4197077,0.321036062,0.098671638,0.173309781,0,0.233681044,0.048857504,0.048857504,0,0,0,0.066880109,0.071020703,0.051690487,0.067918785,0.05,0.103333333,0.107333333,0.373333333,0.598,0.617333333,75,155,0.005417118,923,1500,5,1.791759469,53270.15,2753.56,0,0,13141.73,4039.16,7094.5,2000,9565.82,53270.15,1.625135428,0.001083424,0.050685046,0,0,40541.95,40935.37,10584.78,"2020","draft beto","C00692020","U","NY",328
"comm20212",0,62.18303571,0.508184524,0.154761905,1.448975308,0,0.152932999,0.317645179,0.022807848,0.506613974,0.441893049,0.064720925,0.152932999,0.022807848,0,0,0,0,0,0,0.07777202,0.079117724,0.578540399,0.393695569,0.046215673,0.102478232,0.103817816,0.221701273,0.472203617,0.474882786,69,153,0.001638002,1221,1493,2,1.098612289,99901.58,57797.1,0,4150,80404.61,11776.29,27826.91,0,0,154901.58,1.222768223,0.000819001,0.012846867,0,0,173209.41,172069.05,37222.87,"2020","pasadena area united democratic headquarters","C00380568","Y","CA",100
"comm154784",42385.4,69.10405509,0.746748279,0.338179036,3.421714464,0.19843131,0.383250645,0.217782592,0,0.037619291,0,0.037619291,0.383250645,0,0.265918245,0,0,0,0,0,0.163752756,0.15683065,0.503519581,1,0.358835477,0.460392688,0.465132024,0.668246445,0.867975626,0.867975626,530,680,0.007774538,1029,1477,8,2.197224577,92387.43,46518.88,0,0,0,8035.57,81863.25,0,56800.77,100687.43,1.43537415,0.000971817,0.025822488,0,0,209278.57,213602.38,3849.51,"2024","rural groundgame 3x","C00758003","V","VA",328
"comm152340",18457.5,60.64346481,0.450889404,0.101314772,1.173774406,0.001833247,0.026028827,0.010339052,0.030170816,0.009405609,0,0.009405609,0.026028827,0.030170816,0.889821222,0,0,0,0,0,0.057992529,0.068428734,0.301674383,0.010320085,0.088765603,0.132454924,0.139389736,0.448682386,0.741331484,0.741331484,128,191,0.004918033,610,1442,3,1.386294361,345059.66,104095.66,0,303765.87,0,94697.57,262063.48,0,8958899.69,2666209.66,2.363934426,0.001639344,0.000110644,0,0,10086706.14,10068201.87,18504.27,"2020","republican voters against trump inc","C00751420","O","DE",328
"comm22444",2418,70.23426295,0.729880478,0.380079681,3.930935629,0.002981681,0.113706401,0.283138963,0,0.060597461,0,0.058813754,0.004509429,0,0,0.538872851,0.538872851,0,0,0,0.197786014,0.198741259,1,0.324585857,0.36338225,0.487071978,0.498951782,0.714884696,0.867924528,0.869322152,520,697,0.030927835,873,1431,27,3.33220451,191436.86,229612.1,0,0,0,47695.13,3656.93,437000,0,729436.86,1.639175258,0.001145475,0.000767716,0,0,831475.2,810951.97,33087.26,"2020","oceans pac","C00431601","Q","DC",100
"comm152011",17160,68.56972112,0.745816733,0.256573705,2.84987304,0.012257959,0.019082313,0.115573526,0.152531578,0.009812453,0,0.009812453,0.019082313,0.152531578,0.66579379,0.017858331,0.017858331,0,0,0,0.186352169,0.178444442,1,0.493216617,0.367937853,0.494350282,0.519067797,0.771892655,0.942090395,0.94279661,521,700,0.006486486,925,1416,6,1.945910149,91116.7,161792.17,0,213530,0,13736.52,26713.46,25000,932049.28,331116.7,1.530810811,0,0,0,0,1536662.71,1399906.84,136755.87,"2020","one country fund","C00746560","O","DC",328
"comm122543",0,64.81947743,0.610451306,0.22327791,1.581071391,0,0,0.00677927,0,0.000383639,0,0.000383639,0,0,0,0.984774821,0.984774821,0,0,0,0.126877536,0.109267725,0.027954621,0.006869389,0.132956153,0.234087694,0.236916549,0.508486563,0.856435644,0.856435644,188,331,0.053204353,827,1414,44,3.80666249,197192.8,5512.45,0,0,0,311.95,0,800753.2,0,494892.8,1.709794438,0.00120919,0.026264274,0,0,828465.81,813133.3,26202.81,"2020","bend the arc jewish action inc. pac","C00573253","Q","DC",328
"comm154659",306588.47,63.1776,0.5312,0.1256,1.410455713,0.017616617,0.184485249,0.039977952,0.011286137,0.754891135,0.490971558,0.263919578,0.184456519,0.011286137,0.090166546,0.164910609,0.223898691,0,0,0,0.066119063,0.062458421,1,1,0.043165468,0.110791367,0.117266187,0.435971223,0.81294964,0.813669065,60,154,0.012357414,1052,1390,13,2.63905733,173069.11,695751.01,0,196416.8,8544558.65,4593089.51,3210164.66,2870000,1569201.58,224569.11,1.321292776,0,0,0,0,12815224.75,12818297.38,1317211.7,"2022","worker power pac","C00756569","O","AZ",328
"comm212252",0,65.85495568,0.61804996,0.203867849,2.144335368,0,0,0.02918727,0.009686365,0.103347501,0.094088513,0.009258988,0,0.009686365,0.857627552,0,0,0,0,0,0.073352952,0.076075597,0.210260121,0.028232299,0.049819495,0.106137184,0.111191336,0.290974729,0.579783394,0.580505415,69,147,0,1080,1385,0,0,439788.96,92470.08,0,30688,298087.91,29334,0,0,2717105.38,2201869.38,1.282407407,0,0,0,0,3291994.25,3168164.75,123829.5,"2024","anti psychopath pac inc.","C00882399","O","DC",NA
"comm210047",954,67.41430818,0.670597484,0.27908805,2.710696218,5.41219e-05,0.082971536,0.00593604,0.025417298,0.030028001,0,0.030028001,0.075708305,0.025417298,0.595454622,0.181257425,0.181257425,0,0,0,0.056517733,0.057778159,0.272025979,0.00658592,0.042151163,0.111918605,0.117732558,0.409156977,0.765261628,0.765261628,58,154,0.011337868,882,1376,10,2.397895273,384646.24,104633.77,0,448027.26,0,529299.5,1334500,3195000,10495997.74,15149176.74,1.560090703,0,0,0,0,17665994.36,17626864.16,39130.2,"2024","project 218","C00871368","O","DC",328
"comm202110",1075.44,50.60984183,0.224077329,0.079964851,0.512247947,0.000293403,0.08454235,0.071413778,0.130997166,0.626463301,0.484863712,0.140674973,0.042653846,0.130997166,0,0.005047196,0.005228923,0,0,0,0.027228388,0.028093992,1,0.254535399,0.011636364,0.034909091,0.036363636,0.154909091,0.253818182,0.253818182,16,48,0.03,533,1375,105,4.663439094,201314.28,261760.18,0,480157.23,1777220.26,515630.28,156343.48,18500,0,533417.52,2.579737336,0,0,0,0,5142661.4,3538013.66,1604647.74,"2022","forward party","C00789966","W","VA",328
"comm174094",4294.29,74.14036545,0.888704319,0.549833887,7.570906995,0.395684985,0,0.511836577,0,0.113882132,0,0.113882132,0,0,0,0.04607106,0.04607106,0.32249742,0,0,0.347870064,0.354268055,0.17295657,0.17437362,0.614712309,0.867443554,0.868900218,0.881281865,0.991260015,0.991260015,844,1191,0,1142,1373,0,0,32117.08,5554.86,0,0,0,1235.94,0,500,0,32117.08,1.202276708,0,0,0,0,34356.08,10852.8,23503.28,"2026","vets rising","C00924399","N","OH",328
"comm211414",0,61.98272884,0.480138169,0.149395509,1.34372835,0,0.174472025,0,0.044048163,0.781479812,0.591189564,0.177547714,0.187214559,0.044048163,0,0,0,0,0,0,0.119434184,0.114253805,0,0,0.091776799,0.203377386,0.208516887,0.350220264,0.688693098,0.689427313,125,277,0.00169348,1181,1362,2,1.098612289,126221.5,0,0,6250,83883.97,25192.27,26563.9,0,0,198721.5,1.153259949,0,0,0,0,214752.5,141890.14,72862.36,"2024","canvassing connectors pac","C00881656","O","NY",328
"comm198369",7452,69.76229508,0.754918033,0.341803279,3.281808886,0.27565696,0,0.62430013,0,0.067564808,0,0.067564808,0,0,0,0.321821733,0.321821733,0,0,0,0.244479604,0.256672765,0.612963071,0.62430013,0.511472983,0.70392302,0.715025907,0.828275352,0.962990377,0.965951147,691,951,0.008978676,891,1351,8,2.197224577,27533.6,16877.08,0,0,0,1826.52,0,8700,0,27533.6,1.51627385,0,0,0,0,27033.6,27033.6,0,"2022","swing blue pac","C00766303","N","WA",328
"comm170414",0,73.02364865,0.840371622,0.536317568,6.325806279,0,0,0.090144828,0.443119121,0.015774027,0,0.015774027,0,0.443119121,0,0,0,0,0,0,0.172483297,0.166150058,0.226971113,0.18080873,0.257249071,0.483271375,0.491449814,0.69739777,0.898884758,0.899628253,346,650,0,1039,1345,0,0,19583.99,4445,0,21850,0,777.81,0,0,0,24583.99,1.294513956,0,0,0,0,90583.99,49309.54,41274.45,"2026","fight pac","C00912543","N","MA",328
"comm208304",2400,71.38849558,0.804424779,0.428318584,5.097280166,0.008592661,0.010740827,0.16661378,0.059988555,0.020335858,0.015080264,0.005255594,0,0,0,0.315064249,0.315064249,0,0,0,0.150537296,0.145046682,0.604064273,0.178796524,0.290625,0.440625,0.4453125,0.64609375,0.83125,0.83125,372,564,0.002072539,965,1280,2,1.098612289,77039.12,46536.58,16755.29,0,4212.04,1467.93,0,88000,0,250118.76,1.32642487,0,0,0,0,286326.76,279308.11,7018.65,"2024","securing progress across our nation pac (span pac)","C00830174","Q","VA",328
"comm208177",0,65.22423146,0.631103074,0.243218807,2.026724442,0,0,0.008865131,0,7.37284e-05,0,7.37284e-05,0,0,0.357436833,0.551597404,0.551597404,0,0,0,0.07590582,0.076339079,0.081164849,0.017966677,0.056393963,0.133439237,0.138204925,0.339158062,0.739475774,0.740270056,71,168,0.002427184,1236,1259,3,1.386294361,199993.72,16232.46,0,0,0,135,0,1010000,654483.14,363793.72,1.018608414,0,0,0,0,1903475.94,1831045.6,72430.34,"2022","georgia safe and strong, inc.","C00828178","O","GA",328
"comm140890",54711.12,71.05847374,0.777998018,0.46283449,4.85297285,0.469777991,0,0.592543039,0,0.389332454,0,0.389332454,0,0,0,0.03508245,0.043853288,0,0,0,0.214685595,0.185230088,1,0.82102648,0.402889246,0.525682183,0.532905297,0.688603531,0.828250401,0.828250401,502,655,0.012030075,665,1246,8,2.197224577,62800.78,69008.54,0,0,0,45342.3,0,4085.76,0,92800.78,1.873684211,0,0,0,0,85834.54,93168.84,12890.23,"2026","square one politics","C00641555","W","DC",328
"comm149228",800,56.557393,0.239299611,0.019455253,0.661136123,0.049977573,0,0.210644848,0.231146273,0.54396652,0,0.54396652,0,0.231146273,0,0,0,0,0,0,0.069519508,0.065042356,0.214876007,0.214127134,0.034705408,0.092816788,0.099273608,0.471347861,0.840193705,0.841000807,43,115,0.000992063,1008,1239,1,0.693147181,15691.98,3371.83,0,3700,0,8707.37,0,0,0,15691.98,1.229166667,0,0,0,0,15925.33,15922.82,2.51,"2020","cyber war room","C00707828","N","MI",328
"comm202160",0,55.57184185,0.303760849,0.069431051,0.796201864,0,0,0.103715218,0,0.015651468,0,0.015651468,0,0,0,0.089552955,0.089552955,0,0,0,0.078007922,0.067814494,0.181608266,0.336477923,0.078817734,0.151067323,0.15270936,0.385057471,0.651067323,0.651888342,96,184,0.008708273,689,1218,6,1.945910149,47828.66,8686.08,0,0,0,1310.8,0,7500,0,80328.66,1.76777939,0.001451379,0.008402978,0,0,85639.43,83749.33,1890.1,"2022","common purpose pac","C00791004","W","DC",328
"comm21294",0,66.68613139,0.711678832,0.287408759,2.229550583,0,0,0,0,0,0,0,0,0,0.057204764,0.001573758,0.001573758,0,0,0,0.066520192,0.055920026,0,0,0.010699588,0.047736626,0.050205761,0.256790123,0.433744856,0.44691358,13,58,0.03125,576,1215,18,2.944438979,196097.72,0,0,0,0,0,0,870.7,31649.2,248427.52,2.109375,0.003472222,0.027110523,0,0,604483.77,553261.61,122750.44,"2024","sonoma county democratic party","C00405233","Y","CA",100
"comm147881",2565.15,72.5675413,0.806608358,0.467444121,5.748237222,0.322568273,0.062875129,0.800394101,0,0.011298661,0,0.011298661,0.062875129,0,0,0,0,0,0,0,0.320368946,0.317671402,0.367233936,0.353331753,0.624792013,0.75374376,0.769550749,0.863560732,0.962562396,0.962562396,751,906,0.010835913,646,1202,7,2.079441542,17332.14,6364.95,0,0,0,89.85,500,0,0,17332.14,1.860681115,0,0,0,0,18014.09,7952.27,10061.82,"2020","get the green deal fund","C00699124","V","WA",328
"comm206898",1886,70.61954459,0.728652751,0.445920304,4.848628523,0.002429812,0.125492264,0.305195359,0.052500867,0.162105034,0,0.162105034,0.125492264,0.052500867,0,0.241950523,0.241950523,0.009662561,0,0,0.051035062,0.052694067,0.616925453,0.218741036,0.038429407,0.10609858,0.111111111,0.34085213,0.644945698,0.644945698,46,127,0.02962963,945,1197,28,3.36729583,383985,236890.12,0,40750.74,0,125824.59,97406.06,187800,0,928485,1.266666667,0,0,0,0,1262443.07,776191.75,710984.92,"2026","mitten pac","C00832147","Q","MI",328
"comm152485",604.43,63.58575445,0.583880037,0.222118088,1.60761398,0.002810946,0.160444803,0.069210447,0.085504989,0.001233565,0,0.001233565,0.160444803,0.075971777,0.689223764,0,0,0,0.042785281,9200,0.189916809,0.200877446,0.146569783,0.153539555,0.250212044,0.384223919,0.398642918,0.530958439,0.808312129,0.810008482,295,453,0.003831418,783,1179,3,1.386294361,101536.14,14882.13,2049.9,16336,0,265.25,34500,0,148201.87,114036.14,1.505747126,0,0,0,0,221927.01,215027.22,6899.79,"2020","blue texas pac","C00753293","O","TX",328
"comm151065",13600,59.75968222,0.428997021,0.093346574,1.004510047,0.096855135,0.415528043,0.113952132,0,0.419714322,0.089338393,0.330375928,0.415528043,0,0,0,0,0,0.003154914,443,0.17571907,0.177101312,0.339147915,0.291550272,0.084255319,0.176170213,0.181276596,0.236595745,0.583829787,0.583829787,99,207,0.00275989,1087,1175,3,1.386294361,47179.09,16000.69,0,0,12544.53,46390.03,58346.74,0,0,49179.09,1.080956762,0,0,0,0,161381.41,140415.89,20965.52,"2020","800democrat","C00730341","O","DC",328
"comm210279",657761.75,68.28358209,0.709452736,0.317412935,2.668808012,0.120688709,0.262394932,0.128816515,0.002752259,0.031368352,0.02551815,0.005850202,0.262394932,0.002752259,0.353998463,0.037155495,0.037155495,0,0,0,0.271584574,0.269142731,1,0.11447725,0.259640103,0.451585261,0.453299057,0.526992288,0.759211654,0.767780634,303,527,0.005841121,856,1167,5,1.791759469,26501.83,702058.85,0,15000,139075.67,31884,1430070.39,202500,1929315.92,2126501.83,1.363317757,0,0,0,0,6181944.33,5450068.64,731875.69,"2024","californians for choice","C00875815","O","CA",328
"comm20972",0,61.40471092,0.532119914,0.190578158,1.372466675,0,0.286708309,0.140739499,0,0.38573409,0.013936546,0.371797544,0.286708309,0,0,0,0,0,0,0,0.039504611,0.039439966,0.181287107,0.112706873,0.041594454,0.092720971,0.113518198,0.424610052,0.571057192,0.616984402,48,107,0,541,1154,0,0,114039.77,20673.94,0,0,2047.21,54615.23,42116.04,0,0,131039.77,2.133086876,0.011090573,0.03098296,0,0,183549.05,146895.08,79693.64,"2024","washtenaw county democratic   federal account","C00399071","Y","MI",100
"comm202922",12926.7,61.95,0.452,0.075,1.233148169,0.289412651,0.389023333,0.333059519,0.067166249,0.11850925,0,0.11850925,0.389023333,0.067166249,0,0,0,0,0,0,0.083581441,0.083642284,0.36724394,0.303591705,0.059181897,0.158398607,0.160139252,0.434290688,0.731940818,0.731940818,68,182,0.012295082,732,1149,9,2.302585093,40507.68,14876.2,0,3000,0,5293.25,17375.84,0,0,47507.68,1.569672131,0,0,0,0,49000.68,44665.29,4335.39,"2022","beer hall project","C00796995","O","DC",328
"comm136464",900,65.69032258,0.665591398,0.276344086,1.860288869,0.037011753,0,0.402008504,0,0.57742941,0,0.57742941,0,0,0,0.020562085,0.020562085,0,0,0,0.242063079,0.217730228,0.434512705,0.994554889,0.333039648,0.445814978,0.472246696,0.71277533,0.891629956,0.89339207,378,506,0.008827238,793,1135,7,2.079441542,22497.57,9775.48,0,0,0,14041.12,0,500,0,22497.57,1.431273644,0.001261034,0.031962119,0.001261034,0.031962119,14829,24316.6,0,"2018","pem pac","C00541375","Q","DC",100
"comm22612",151245.27,72.98910891,0.825742574,0.555445545,6.432499632,0.136301431,0,0.746429145,0.055719758,0.195913529,0.087691504,0.176438235,0.004537317,0.055719758,0,0.072095573,0.093824679,0,0,0,0.242847729,0.249635372,1,1,0.394154119,0.592559787,0.592559787,0.690876882,0.895482728,0.896368468,445,669,0.004297994,698,1129,3,1.386294361,50987.1,828266.27,0,61828.77,97305.84,195782.6,5034.78,80000,0,120987.1,1.61747851,0,0,0,0,729255.25,852654.13,773800.15,"2026","moderate democrats pac","C00436022","W","DC",100
"comm20752",0,55.27323009,0.306415929,0.068584071,0.641577881,0,0.006948515,0.009876414,0,0.045485326,0.02193421,0.023183079,0.007316552,0,0.042072899,0.000305754,0.000305754,0,0,0,0.050419539,0.042976976,0.109556949,0.019157311,0.028545941,0.064228368,0.065120428,0.231043711,0.463871543,0.470115968,32,72,0.01088647,643,1121,7,2.079441542,79607,8721.5,0,0,19369.3,20472.13,6460.98,270,37153.04,466606,1.743390358,0.00466563,0.004232693,0,0,935748.37,883063.47,91844.23,"2024","san francisco democratic county central committee","C00392928","Y","CA",100
"comm193248",0,63.90647482,0.587872559,0.233299075,1.902875771,0,0,0,0,0,0,0,0,0,0.001340748,0.394983002,0.394983002,0,0,0,0.052683873,0.055116632,0,0,0.023214286,0.060714286,0.063392857,0.178571429,0.539285714,0.539285714,26,68,0.002406739,831,1120,2,1.098612289,278910.24,0,0,0,0,0,0,424800,1441.96,715910.24,1.347773767,0,0,0,0,1089194.8,1075489.32,75209.32,"2024","capa21  federal","C00564690","W","CA",NA
"comm141417",56560,62.97821577,0.529045643,0.18153527,1.562673833,0.090270939,0.196900486,0.136566684,0.273787115,0.008619646,0,0.008619646,0.196900486,0.273787115,0.381290068,0,0,0,0,0,0.145625508,0.161999995,0.841263995,0.138773937,0.184684685,0.292792793,0.304504505,0.526126126,0.786486486,0.788288288,205,325,0.012972973,925,1110,12,2.564949357,101712.4,85566.98,0,171543.57,0,5400.71,123369.62,0,238900.43,360212.4,1.2,0,0,0,0,626593.48,626558.23,35.25,"2018","ftc pac","C00651935","U","TX",328
"comm200769",16227.24,71.18285124,0.787190083,0.435950413,4.404045232,0.480643479,0.133287956,0.634805217,0.167054238,0.00749493,0,0.00749493,0.133287956,0.167054238,0,0,0,0,0,0,0.276168152,0.28125038,0.86978068,0.620249113,0.461748634,0.632969035,0.643897996,0.737704918,0.93442623,0.935336976,507,695,0.003456221,868,1098,3,1.386294361,24640.66,21431.97,0,5640,0,253.04,4500,0,0,34640.66,1.264976959,0,0,0,0,34553.81,33761.49,792.32,"2022","battlefield expansion project","C00783357","V","VA",328
"comm150836",882,63.56512605,0.545168067,0.140756303,1.591704621,0.001818087,0,0.031371459,0.003349011,0.001556299,0,0.001556299,0,0.003349011,0,0,0,0.952974278,0,0,0.062261395,0.059359455,0.494568841,0.050878637,0.086317723,0.163452709,0.169880624,0.703397612,0.943985308,0.943985308,94,178,0.007132668,701,1089,5,1.791759469,30772.44,15219.09,0,1624.69,0,755,0,0,0,224572.44,1.553495007,0,0,0,0,485125.35,485125.35,0,"2022","sharice davids victory fund 2022","C00724237","N","KS",NA
"comm24540",10200,67.00665188,0.654101996,0.274944568,2.635884942,0.014585311,0.012731804,0.394023003,0,0.116003269,0.038529129,0.083301443,0.04439976,0,0,0.5481646,0.5481646,0,0,0,0.217771934,0.217716363,1,0.704309292,0.273480663,0.401473297,0.418968692,0.61694291,0.825966851,0.838858195,297,436,0.021276596,987,1086,21,3.091042453,111170.83,275553.58,0,0,26944.72,58255.51,31050.25,383350,0,366911.83,1.100303951,0,0,0,0,741887.85,699333.74,73641.12,"2018","nutmeg pac","C00492983","Q","CT",100
"comm155280",3775,57.32268722,0.470264317,0.219162996,0.813797409,0.043719156,0.351285905,0.127380363,0.030111206,0.322323209,0.196882934,0.108763299,0.033168652,0.030111206,0,0.028953083,0.040794873,0,0,0,0.169954191,0.146891337,0.285189705,0.236440861,0.263157895,0.345337027,0.353647276,0.531855956,0.724838412,0.724838412,285,374,0.015797788,633,1083,10,2.397895273,38566.82,10998.86,0,2600,17000.17,9391.34,2864,2500,0,43516.82,1.710900474,0.001579779,0.011145116,0,0,63307.03,61282.21,2024.82,"2022","barrier to entry pac","C00764217","Q","OH",328
"comm173996",0,75.17591623,0.92565445,0.602094241,9.689337719,0,0,0.955328558,0,0,0,0,0,0,0,0,0,0,0,0,0.341563889,0.344848458,0.039665278,0.039665278,0.655075188,0.879699248,0.879699248,0.890977444,0.984962406,0.984962406,697,936,0,880,1064,0,0,16174.6,641.57,0,0,0,0,0,0,0,16174.6,1.209090909,0,0,0,0,16174.6,671.57,15503.03,"2026","judicial action network","C00922518","V","MA",328
"comm140874",1750,61.98681319,0.513186813,0.141758242,1.391817786,0.001189812,0.431825043,0.053408967,0.001699732,0.27576709,0.184697514,0.086310326,0.436584293,0.001699732,0.265649176,0,0,0,0,0,0.059533913,0.063418036,0.36099307,0.053345824,0.061083744,0.110344828,0.116256158,0.472906404,0.768472906,0.768472906,62,112,0.007662835,522,1015,4,1.609437912,217608,78554.98,0,2500,271656.81,126946.96,642136.94,0,390722.14,1165808,1.944444444,0.001915709,0.000396292,0,0,1511561,1470820.07,40740.93,"2018","fight back california","C00641183","O","CA",328
"comm22030",0,64.99103139,0.596412556,0.295964126,2.33444161,0,0,0,0,0,0,0,0,0,0,0.011733471,0.011733471,0.06518595,0,0,0.052037289,0.053795782,0,0,0.014925373,0.076616915,0.078606965,0.208955224,0.52238806,0.52238806,15,77,0.009451796,529,1005,5,1.791759469,180694.5,0,0,0,0,0,0,1800,0,235698.88,1.899810964,0.003780718,0.045908152,0,0,171822.88,153407.29,43499.21,"2024","new trier democratic organization","C00422519","Y","IL",100
"comm148094",0,63.02850627,0.54618016,0.189281642,1.621470958,0,0.003884677,0.006407401,0.016744511,0.059183409,0,0.059183409,0.003884677,0.016744511,0.903263825,0,0,0,0,0,0.15233613,0.148508449,0.065210216,0.006042695,0.209371884,0.369890329,0.372881356,0.528414756,0.780658026,0.780658026,210,371,0.008695652,920,1003,8,2.197224577,63234.11,4123.51,0,10776,0,38087.73,2500,0,581299.21,133734.11,1.090217391,0,0,0,0,775244.83,643554.18,131690.65,"2020","artists united for change","C00703082","O","OH",328
"comm204814",15753.35,70.42022472,0.796629213,0.391011236,4.215045905,0.010874695,0.470783901,0.072677656,0,0.040155441,0.025027071,0.015128371,0.470783901,0,0.047754815,0,0,0,0,0,0.15874593,0.141483471,1,0.076860792,0.288288288,0.468468468,0.469469469,0.661661662,0.83983984,0.840840841,288,468,0.00979021,715,999,7,2.079441542,54268.28,105282.64,0,0,36254.83,21915.33,681989.14,0,69178.8,1120252.74,1.397202797,0,0,0,0,1700033.44,1448624.6,328104.11,"2024","new southern majority ie pac","C00814202","O","GA",328
"comm207983",0,67.67816092,0.704597701,0.344827586,2.892441722,0,0,0,0,0,0,0,0,0,0.077571874,0,0,0,0,0,0.063905507,0.065157546,0,0,0.038306452,0.115927419,0.120967742,0.384072581,0.683467742,0.683467742,38,115,0.006234414,802,992,5,1.791759469,91637.7,0,0,0,0,0,0,0,106168.92,106637.7,1.236907731,0,0,0,0,1452972.72,1368652.25,84759.09,"2024","siembra pac","C00825737","V","NC",NA
"comm169568",19567.07,66.85530922,0.646441074,0.263710618,2.682403974,0.040026655,0.001211985,0.230521841,0.605258384,0.162244736,0,0.162244736,0.001211985,0.605258384,0,0,0,0,0.102280656,50000,0.083242721,0.089683224,1,1,0.132591093,0.251012146,0.255060729,0.546558704,0.817813765,0.821862348,131,248,0,702,988,0,0,77559.45,112690.83,0,295881.16,0,79313.5,592.48,0,0,94559.45,1.407407407,0,0,0,0,942323.93,369327.41,572996.52,"2026","field team 6, inc.","C00909994","O","CA",328
"comm169392",2500,73.76794258,0.895933014,0.551435407,6.448353038,0.288505036,0,0.700112863,0,0,0,0,0,0,0,0.346206043,0.346206043,0,0,0,0.329586272,0.324668285,0.384533912,0.403699401,0.4906639,0.783195021,0.784232365,0.794605809,0.962655602,0.962655602,473,755,0,799,964,0,0,15776.84,6066.73,0,0,0,0,0,3000,0,15776.84,1.206508135,0,0,0,0,15027.84,8665.36,6362.48,"2026","peace democrats","C00909739","N","DC",328
"comm204353",0,61.38349515,0.408980583,0.048543689,1.246072347,0,0,0,0,0.043039888,0,0.043039888,0,0,0,0,0,0,0,0,0.072735697,0.071608384,0,0,0.060228453,0.107995846,0.127725857,0.365524403,0.732087227,0.732087227,58,104,0.002998501,667,963,2,1.098612289,23073.94,0,0,0,0,946.38,0,0,0,23073.94,1.443778111,0,0,0,0,23892.7,21988.44,1904.26,"2022","cow pac","C00809392","V","DC",328
"comm151396",9661.13,70.02460025,0.762607626,0.373923739,4.697848487,0.25401566,0,0.39191925,0,0.02055288,0,0.02055288,0,0,0.552143368,0,0,0,0,0,0.299154814,0.313537625,0.735600952,0.379724199,0.547346514,0.746097815,0.750260146,0.79396462,0.951092612,0.951092612,526,717,0.009925558,806,961,8,2.197224577,20263.84,14906.1,0,0,0,781.7,0,0,21000,40263.84,1.192307692,0,0,0,0,39255.11,38033.6,1221.51,"2024","must win. can win.","C00886242","O","NY",328
"comm208390",15217.58,63.98991173,0.575031526,0.277427491,2.155521399,0.194588356,0,0.194588356,0,0.805411644,0.479036356,0.326375288,0,0,0,0,0,0,0,0,0.135719525,0.13104622,0.43550347,0.210487339,0.152560084,0.277951933,0.277951933,0.377220481,0.613375131,0.617554859,146,266,0,592,957,0,0,34942.5,15217.58,0,0,37462.54,25523.84,0,0,0,39942.5,1.616554054,0,0,0,0,73195.54,69596.7,4154.66,"2026","american opposition","C00896720","O","CO",328
"comm171665",0,71.67734282,0.799525504,0.455516014,4.891868005,0,0,0,0,0,0,0,0,0,0,0,0,0.999675,0,0,0.112224775,0.119653629,0,0,0.234856536,0.359192349,0.363443146,0.569606801,0.80021254,0.801275239,221,338,0,580,941,0,0,83750,0,0,0,0,0,0,0,0,197250,1.622413793,0,0,0,0,2e+05,2e+05,0,"2026","energized for change va","C00917831","V","VA",NA
"comm193181",1510.27,67.12775842,0.644599303,0.295005807,2.749841468,0.008472548,0.076466836,0.053142212,0,0.132641398,0.013542433,0.105480349,0.075028332,0,0.386703777,0.176769701,0.176769701,0.147036656,0,0,0.06889287,0.071166039,0.057721044,0.05327308,0.046038544,0.14882227,0.150963597,0.341541756,0.58137045,0.605995717,43,139,0.016051364,623,934,10,2.397895273,164114.15,9472.84,0,0,2414,18802.35,13374.14,31510,68931.7,192114.15,1.499197432,0.003210273,0.002237888,0,0,182853.31,178254.53,24439.11,"2022","democratic jewish outreach pa","C00563254","N","PA",328
"comm205573",0,68.13452381,0.694047619,0.313095238,3.098311567,0,0,0.0630446,0,0.9369554,0.9369554,0,0,0,0,0,0,0,0,0,0.256826879,0.258685856,0.038563857,0.038707448,0.484391819,0.693218515,0.702906351,0.854682454,0.967707212,0.976318622,450,644,0.005284016,757,929,4,1.609437912,33695.8,1299.44,0,0,19312,0,0,0,0,33695.8,1.227212682,0,0,0,0,33570.8,20611.44,12959.36,"2022","text2register","C00817627","N","AZ",NA
"comm151521",3459,72.15656566,0.821969697,0.435606061,5.875694566,0.121664001,0,0.260052844,0,0,0,0,0,0,0,0,0,0.739528595,0,0,0.4228373,0.430348825,0.47205168,0.260052844,0.56892779,0.725382932,0.738512035,0.777899344,0.916849015,0.920131291,520,663,0.045728039,831,914,38,3.663561646,15662.48,7393.5,0,0,0,0,0,0,0,15662.48,1.099879663,0,0,0,0,28430.76,28430.76,0,"2020","bold democrats iv","C00740316","N","DC",NA
"comm152190",0,57.085,0.3875,0.0925,0.747448894,0,0,0,0,0,0,0,0,0,0.96046729,0,0,0,0,0,0.075043924,0.07528901,0,0,0.028571429,0.059340659,0.063736264,0.206593407,0.559340659,0.561538462,26,54,0.03,896,910,908,6.812345094,87067.16,0,0,0,0,0,0,0,513.85,105267.16,1.015625,0,0,0,0,535,535,0,"2020","best days lie ahead committee","C00749168","O","NV",NA
"comm146641",0,67.25272068,0.677146312,0.290205562,2.603771626,0,0,0,0,0,0,0,0,0,0.036181019,0,0,0,0,0,0.149970938,0.15695629,0,0,0.176079734,0.318936877,0.333333333,0.491694352,0.803986711,0.80620155,159,288,0.03,799,903,784,6.665683718,65004.89,0,0,0,0,0,0,0,7000,162504.89,1.130162703,0,0,0,0,149007.41,193471.61,17026.43,"2020","regular people","C00684555","O","MO",NA
"comm154696",0,70.34217507,0.781167109,0.322281167,4.132610103,0,0,0.12367082,0.556459695,0,0,0,0,0.556459695,0.258581982,0,0,0,0,0,0.327281542,0.336806833,1,0.161294591,0.565217391,0.739130435,0.749427918,0.848970252,0.961098398,0.963386728,494,646,0.002590674,772,874,2,1.098612289,11103.58,51116.53,0,230000,0,0,0,0,106879,11103.58,1.132124352,0,0,0,0,417373.1,413327.33,4045.77,"2020","e pluribus pac","C00756973","O","AZ",328
"comm148655",347,47.19627507,0.233524355,0.061604585,0.259136733,0.002421102,0,0.018263415,0,0.002223647,0,0.002223647,0,0,0,0.017443101,0.017443101,0.066283784,0,0,0.032904515,0.034274903,0.023988186,0.015937263,0.011454754,0.027491409,0.027491409,0.18556701,0.489117984,0.490263459,10,24,0.009831461,712,873,7,2.079441542,109119.13,2617.57,0,0,0,318.7,0,2500,0,151398.13,1.226123596,0.001404494,0.004788699,0,0,164242.13,143323.14,13986.56,"2018","only if you run","C00631192","N","MA",328
"comm157717",0,77.20178799,0.925925926,0.653895275,13.09890463,0,0,0.800192966,0.618480347,0.001082341,0,0.001082341,0,0,0,0.23193013,0.23193013,0,0,0,0.337174267,0.359712641,0.735036083,0.72159226,0.577546296,0.778935185,0.778935185,0.80787037,0.934027778,0.934027778,499,673,0,556,864,0,0,14081.54,10350.44,8000,0,0,14,0,3000,0,14081.54,1.553956835,0.001798561,0.035862555,0,0,14343.89,12934.93,1774.05,"2026","protect our democracy fund","C00889717","V","DC",328
"comm169380",872.8,72.58657718,0.840268456,0.487248322,6.706188582,0.009717035,0,0.102177159,0.542881426,0.157669466,0,0.157669466,0,0.542881426,0,0,0,0.204293754,0,0,0.155895679,0.151931522,0.320487262,0.093510158,0.323113208,0.514150943,0.52240566,0.781839623,0.916273585,0.916273585,274,436,0.00754717,530,848,4,1.609437912,28636.77,9177.72,0,48762.5,0,14162.13,0,0,0,108636.77,1.6,0,0,0,0,2132582.33,89821.64,2042760.69,"2026","navajo county democratic committee","C00909655","X","AZ",100
"comm7177",10118.55,59.57631954,0.452211127,0.132667618,0.949438551,0.036003519,0.045513653,0.281249591,0.001423268,0.434543979,0.120139327,0.513360465,0.080217373,0.001423268,0,0,0,0.000889542,0,0,0.043877307,0.040541162,0.61899269,0.478006952,0.022511848,0.045023697,0.048578199,0.180094787,0.430094787,0.432464455,19,38,0.014897579,537,844,8,2.197224577,127696.71,79043.33,0,400,33764.36,144276.55,22544.56,0,0,136696.71,1.5716946,0,0,0,0,258534.28,281043.36,2464.51,"2018","montgomery county democratic central committee","C00009845","Y","MD",100
"comm148925",10056.6,72.85106383,0.86037234,0.486702128,5.999351881,0.323526251,0,0.473211913,0.169848548,0.142475279,0,0.142475279,0,0,0,0.321705399,0.321705399,0,0,0,0.21075822,0.215166682,0.653922361,0.535879513,0.359096314,0.596908442,0.606420927,0.718192628,0.931034483,0.931034483,302,502,0.010218978,685,841,7,2.079441542,22494.23,14709.48,5279.63,0,0,4428.75,0,10000,0,32494.23,1.227737226,0,0,0,0,32474.23,31084.34,1389.89,"2024","midwest majority pac","C00884940","V","IA",328
"comm23921",0,62.96,0.50962963,0.155555556,1.560548771,0,0.431899363,0.184586159,0,0.00063886,0,0.00063886,0.086855418,0,0.255087416,0.119986239,0.119986239,0,0,0,0.252446981,0.244734111,1,1,0.358760429,0.495828367,0.508939213,0.692491061,0.877234803,0.878426698,301,416,0.019748654,557,839,11,2.48490665,33171.53,145332.12,0,0,0,503,68384.77,94470,200840.6,56871.53,1.506283662,0,0,0,0,826217.76,787340.29,40471.27,"2018","gay and lesbian victory fund federal pac","C00476978","W","DC",328
"comm18402",11006.55,62.5907173,0.537271449,0.133614627,1.280650883,0.005333604,0.04155711,0.197375055,0.059143094,0.31083337,0.129684506,0.181148864,0.050841565,0.059143094,0,0.461324453,0.461324453,0,0,0,0.065916196,0.07855737,1,0.344205209,0.068263473,0.137724551,0.14011976,0.45508982,0.746107784,0.762874251,57,115,0.071192053,604,835,43,3.784189634,139928.01,407307.81,0,122049.08,267620,373823.06,104917.85,952000,0,1255428.01,1.382450331,0.001655629,9.95676e-05,0,0,2069831.1,2063623.54,80549.64,"2020","america works federal pac","C00331694","Q","DC",100
"comm154695",0,62.84507042,0.532394366,0.194366197,1.51874871,0,0.493128799,0.097423116,0,0.015654374,0.004243902,0.011410472,0.493128799,0,0.205472009,0,0,0,0.025565675,1500,0.169016583,0.188783593,0.09942077,0.103552606,0.265179678,0.387856258,0.39157373,0.536555143,0.80669145,0.80669145,214,313,0.004622496,649,807,3,1.386294361,57493.52,5716.05,0,0,249,669.48,28933.06,0,12055.54,69199.12,1.243451464,0,0,0,0,64711.75,58672.42,5775.33,"2020","the democratic senate action committee","C00756965","N","CA",328
"comm144547",20501.99,52.49539877,0.210122699,0.085889571,0.703328058,0.055263437,0.001700008,0.270767089,0.263464182,0.086627757,0,0.079888967,0.008438797,0.263464182,0,0.269052525,0.269052525,0,0,0,0.049006696,0.047568559,1,0.481896269,0.023573201,0.054590571,0.055831266,0.130272953,0.362282878,0.362282878,19,44,0.01294964,695,806,9,2.302585093,44648.29,100450.94,0,97741.66,0,29637.73,3130.68,99814.86,0,213898.3,1.15971223,0,0,0,0,218583.8,370986.52,5322.66,"2024","indian american impact fund","C00674127","Q","DC",328
"comm147643",0,50.19076923,0.230769231,0.066153846,0.395576242,0,0,0.030506364,0.316062618,0.501257402,0,0.501257402,0,0.316062618,0,0,0,0,0,0,0.04552622,0.045067147,0.034841872,0.085687653,0.037313433,0.078358209,0.080845771,0.440298507,0.593283582,0.615671642,30,63,0,653,804,0,0,16621.38,579.12,0,6000,0,9515.66,0,0,0,16621.38,1.231240429,0,0,0,0,6758.5,16131.5,0,"2020","organizing for bernie   draft bernie","C00692301","N","CO",NA
"comm198506",8338.5,70.30225989,0.768361582,0.336158192,3.820079213,0.510696234,0,0.79224092,0,0.018388984,0,0.018388984,0,0,0,0.189370095,0.189370095,0,0,0,0.245673009,0.253916032,0.858205326,0.859673981,0.535714286,0.713010204,0.720663265,0.817602041,0.957908163,0.957908163,420,559,0.003333333,600,784,2,1.098612289,15072.71,12935.48,0,0,0,300.25,0,3091.98,0,15072.71,1.306666667,0,0,0,0,16327.71,16327.71,0,"2022","swing blue virginia","C00768440","N","DC",328
"comm146850",0,61.89630682,0.465909091,0.147727273,1.393524125,0,0.427320141,0.029979856,0.280031596,0.110745481,0.077950991,0.03279449,0,0.280031596,0.149181951,0.001930587,0.001930587,0,0,0,0.044214311,0.045267845,0.338195746,0.593510522,0.028387097,0.086451613,0.095483871,0.371612903,0.781935484,0.784516129,22,67,0.012578616,636,775,8,2.197224577,261011.03,88272.82,0,824526.26,229519.24,96560.24,0,5684.43,439251.99,2107731.03,1.218553459,0,0,0,0,5197265.51,2944404.39,2253208.22,"2020","vote tripling pac","C00685628","W","DC",328
"comm198327",15052,73.13100437,0.85007278,0.49636099,5.558236669,0.3973046,0.082874382,0.897581621,0,0.014469468,0,0.014469468,0,0,0,0,0,0,0,0,0.393781709,0.404503461,1,1,0.689206762,0.840052016,0.843953186,0.871261378,0.968790637,0.968790637,530,646,0.009174312,545,769,5,1.791759469,9365.29,34005.14,0,0,0,548.18,0,0,0,9365.29,1.411009174,0,0,0,0,37885.29,37885.29,0,"2022","progressive future","C00765610","N","DC",328
"comm210001",0,50.26332795,0.258481422,0.090468498,0.468129721,0,0.002961503,0.018475188,0.002269377,0.000164201,0,0.000164201,0.002961503,0.002269377,0.689589576,0,0,0,0,0,0.032275266,0.030167234,0.199054081,0.024399196,0.017150396,0.044854881,0.046174142,0.171503958,0.416886544,0.416886544,13,34,0.003322259,602,758,2,1.098612289,81797.72,16282.17,0,2000,0,144.71,2609.97,0,607734.79,273797.72,1.259136213,0,0,0,0,992324.04,881299.27,111024.77,"2024","listen to us","C00870311","O","MI",328
"comm120370",0,68.34242424,0.696969697,0.304545455,3.077566659,0,0,7.05463e-05,0,0,0,0,0,0,0,0.033315862,0.033315862,0,0,0,0.261061103,0.237965811,0.008027925,0.006800607,0.428005284,0.603698811,0.608982827,0.79656539,0.976221929,0.976221929,324,457,0.001639344,610,757,1,0.693147181,7385.47,59.29,0,0,0,0,0,28000,0,14385.47,1.240983607,0.001639344,0.043446617,0,0,604185.86,840440.51,70661.88,"2020","powerpacplus","C00516500","W","CA",NA
"comm140203",6410,49.0110935,0.133122029,0.012678288,0.318476023,0.013860748,0.017728762,0.091628564,0,0.333181471,0.08389524,0.246475159,0.020539834,0,0.000770882,0,0,0,0,0,0.034084515,0.032051712,0.504513734,0.217746891,0.017333333,0.044,0.049333333,0.292,0.654666667,0.654666667,13,33,0.014732965,543,750,8,2.197224577,83990.32,42374.27,0,0,38797.94,113984.16,9498.79,0,356.5,105990.32,1.38121547,0,0,0,0,1050490.31,462456.99,584220.37,"2018","new nation rising","C00634964","Q","NY",NA
"comm200696",15100,52.65615142,0.261829653,0.045741325,0.47381956,0.001505896,0.000144107,0.012699169,0.000257789,0.037546615,0.0341788,0.003367815,0.000144107,0.000257789,0,0.001047146,0.001047146,0,0,0,0.032764766,0.034257316,1,0.476223246,0.044235925,0.091152815,0.09919571,0.497319035,0.883378016,0.895442359,33,68,0.009463722,634,746,6,1.945910149,26564.78,127337.81,0,2584.92,342719.56,33769.94,1445,10500,0,299155.5,1.176656151,0,0,0,0,10303069.52,10027255.5,275814.02,"2022","nevada democratic victory","C00781971","Y","NV",100
"comm173469",0,75.88540031,0.930926217,0.642072214,11.44436023,0,0,0.174330929,0,0,0,0,0,0,0,0,0,0,0,0,0.43056365,0.430978948,1,0.32529533,0.518169583,0.795423957,0.799461642,0.706594886,0.940780619,0.940780619,385,591,0,710,743,0,0,7615.81,9605.88,0,0,0,0,0,0,0,7615.81,1.046478873,0,0,0,0,84529.72,55101.41,29428.31,"2026","stackpac fund","C00921148","V","DE",328
"comm208620",0,76.01686341,0.94772344,0.635750422,11.03633677,0,0,0.32856346,0.324454333,0.255443419,0,0.255443419,0,0,0,0,0,0,0,0,0.453547021,0.474508662,1,0.879955532,0.766423358,0.932846715,0.932846715,0.918248175,0.972262774,0.972262774,525,639,0,512,685,0,0,8453.75,10289.98,10161.29,0,0,8000,0,0,0,13453.75,1.337890625,0,0,0,0,38443.75,31318.09,7125.66,"2026","stop the billionaire bailout pac","C00897025","V","MA",328
"comm154088",8036.03,75.51320132,0.912541254,0.622112211,11.1838991,0.699809983,0,0.723840824,0,0,0,0,0,0,0,0.261252129,0.261252129,0,0,0,0.31604671,0.319562493,0.678905842,0.738763865,0.680412371,0.857142857,0.857142857,0.88365243,0.957290133,0.957290133,462,582,0.001964637,509,679,1,0.693147181,12243.2,8311.98,0,0,0,0,0,3000,0,12243.2,1.333988212,0,0,0,0,13251.2,11483.16,11524.15,"2026","voting rights fund","C00755801","N","AZ",328
"comm21165",2418,64.28745645,0.601045296,0.177700348,1.727967002,0.009509253,0.139610615,0.131199331,0,0.024154917,0.003932693,0.020222224,0,0,0,0.739346353,0.739346353,0,0,0,0.187963637,0.178210881,1,0.198333204,0.288059701,0.423880597,0.446268657,0.697014925,0.93880597,0.93880597,193,284,0.00990099,606,670,6,1.945910149,23875.31,33361.19,0,0,1000,5142.08,0,188000,0,225475.31,1.105610561,0,0,0,0,293943.89,254278.66,59581.99,"2020","one voice","C00403071","Q","DC",100
"comm141441",57404,59.55166375,0.406304729,0.185639229,1.337952132,0.117654334,0.044715369,0.504218956,0.253741173,0.378628715,0.001065784,0.375978582,0.002233657,0.008239329,0,0.062922236,0.062922236,0,0,0,0.093767602,0.101840028,1,0.527820505,0.124437781,0.185907046,0.185907046,0.316341829,0.593703148,0.595202399,83,124,0.020183486,545,667,11,2.48490665,200796.82,246010.36,119781.29,4020,520,183441.39,1089.81,30700,0,445577.03,1.223853211,0,0,0,0,498105.19,487903.83,10201.36,"2018","opportunity first","C00652552","Q","TX",328
"comm1690",0,69.06677796,0.702838063,0.3639399,3.363318042,0,0.138661971,0,0,0.019563909,0,0.019563909,0,0,0,0.851580667,0.851580667,0,0,0,0.080666123,0.080627199,0,0,0.054216867,0.108433735,0.109939759,0.293674699,0.563253012,0.564759036,36,72,0.009771987,614,664,6,1.945910149,300313.04,0,0,0,0,19562.22,0,851507.15,0,954813.04,1.081433225,0,0,0,0,1152094.11,999913.67,243296.98,"2022","planned parenthood action fund inc pac, dba planned parenthood federal pac","C00314617","Q","NY",328
"comm148598",0,53.32864675,0.196836555,0.049209139,0.775829574,0,0.702555085,0.062469274,0.009265565,0.030281407,0.023088584,0.007192823,0,0.009265565,0,0.099115655,0.099115655,0,0,0,0.040538595,0.042852728,0.082120669,0.052040575,0.032457496,0.047913447,0.068006182,0.326120556,0.732612056,0.732612056,21,31,0.009225092,542,647,5,1.791759469,130473,10714.53,0,1589.2,3960.08,1233.69,0,17000,0,243073,1.193726937,0,0,0,0,205888,171516.8,41174.5,"2020","fight for a better america","C00630582","O","NY",328
"comm201414",12995.7,71.96209386,0.819494585,0.420577617,4.246618121,0.203011437,0,0.391921096,0,0.139612638,0.134359932,0.005252706,0,0,0.464699002,0,0,0,0,0,0.301433214,0.292191763,1,0.389274935,0.622670807,0.77484472,0.776397516,0.858695652,0.959627329,0.959627329,401,499,0.003937008,508,644,2,1.098612289,13347.23,25088.68,0,0,8601,336.25,0,0,29747.53,64347.23,1.267716535,0,0,0,0,64449.77,64014.62,435.15,"2022","onward kentucky","C00787564","O","KY",328
"comm21865",4200,69.81115108,0.723021583,0.338129496,4.550727756,0.006978731,0.004154007,0.031415373,0,0.646418737,0.587266016,0.059152721,0,0,0,0.476049153,0.476049153,0.008308013,0,0,0.191843858,0.197789403,0.19866521,0.056110969,0.171653543,0.299212598,0.303937008,0.48976378,0.793700787,0.795275591,109,190,0.007648184,523,635,4,1.609437912,95168.5,18906.67,0,0,353433.49,35599.8,0,286500,0,327933.91,1.21414914,0,0,0,0,501595.53,601828.61,89089.08,"2020","victory now pac","C00416743","Q","MD",100
"comm152133",1849.74,53.31578947,0.298947368,0.058947368,0.491902482,0.003065065,0.163644091,0.007608991,0,0.165207692,0,0.165207692,0.163644091,0,0,0,0,0,0,0,0.098208829,0.09542035,0.122861346,0.038578413,0.035120148,0.114602588,0.121996303,0.343807763,0.652495379,0.652495379,19,62,0.015594542,513,541,8,2.197224577,37375.14,4591.96,0,0,0,99701.41,98757.79,0,0,219875.14,1.054580897,0,0,0,0,630736.04,603491.33,27244.71,"2020","collective impact pac","C00748418","V","DC",NA
"comm155113",0,66.71069182,0.685534591,0.257861635,2.118801399,0,0,0,0,0.041593178,0,0.041593178,0,0,0,0,0,0,0,0,0.271619611,0.273743237,0,0,0.486940299,0.677238806,0.694029851,0.833955224,0.96641791,0.96641791,261,363,0.001937984,516,536,1,0.693147181,22923.36,0,0,0,0,1106.5,0,0,0,27923.36,1.03875969,0,0,0,0,27978.36,26602.92,1375.44,"2020","protect the results pac","C00761940","V","MI",328
